datetime,open,high,low,close,volume
2026-03-10T19:00:00+00:00,89.097,89.85,88.991,89.566,34752
2026-03-10T19:30:00+00:00,89.566,89.657,88.953,89.611,48647
2026-03-10T20:00:00+00:00,89.611,89.806,89.475,89.67399999999999,6022
2026-03-10T20:30:00+00:00,89.67399999999999,89.817,89.45,89.45,3948
2026-03-10T22:00:00+00:00,89.45,90.568,89.45,90.16499999999999,5045.57169672234
2026-03-10T22:30:00+00:00,90.16499999999999,90.27,89.77399999999999,89.81899999999999,7187
2026-03-10T23:00:00+00:00,89.81899999999999,90.104,89.785,89.93799999999999,6409
2026-03-10T23:30:00+00:00,89.93799999999999,90.04899999999999,89.597,89.949,5227
2026-03-11T00:00:00+00:00,89.949,90.38399999999999,89.317,90.32,13755
2026-03-11T00:30:00+00:00,90.32,90.806,90.113,90.735,10083
2026-03-11T01:00:00+00:00,90.735,90.99399999999999,89.999,90.25099999999999,26115
2026-03-11T01:30:00+00:00,90.25099999999999,90.41499999999999,89.92899999999999,90.032,23778
2026-03-11T02:00:00+00:00,90.032,90.24,89.54499999999999,89.729,25106
2026-03-11T02:30:00+00:00,89.729,90.54599999999999,89.36,90.28699999999999,22322
2026-03-11T03:00:00+00:00,90.28699999999999,90.39099999999999,89.87499999999999,89.89999999999999,15756
2026-03-11T03:30:00+00:00,89.89999999999999,90.067,89.56899999999999,89.704,7714
2026-03-11T04:00:00+00:00,89.704,89.958,89.52,89.88499999999999,5054
2026-03-11T04:30:00+00:00,89.88499999999999,89.88499999999999,89.61399999999999,89.749,4734
2026-03-11T05:00:00+00:00,89.749,89.86699999999999,89.44099999999999,89.46,8759
2026-03-11T05:30:00+00:00,89.46,89.589,88.624,89.193,27429
2026-03-11T06:00:00+00:00,89.193,89.595,88.92399999999999,89.55399999999999,22637
2026-03-11T06:30:00+00:00,89.55399999999999,89.576,88.83,88.93499999999999,22707
2026-03-11T07:00:00+00:00,88.93499999999999,89.12799999999999,88.803,89.11899999999999,14338
2026-03-11T07:30:00+00:00,89.11899999999999,89.16699999999999,87.92399999999999,88.49499999999999,20830
2026-03-11T08:00:00+00:00,88.49499999999999,88.62899999999999,87.92299999999999,88.229,18098
2026-03-11T08:30:00+00:00,88.229,88.713,88.00999999999999,88.55499999999999,19878
2026-03-11T09:00:00+00:00,88.55499999999999,88.68299999999999,88.223,88.639,17224
2026-03-11T09:30:00+00:00,88.639,88.80499999999999,87.863,88.06299999999999,11854
2026-03-11T10:00:00+00:00,88.06299999999999,88.637,87.993,88.54499999999999,11432
2026-03-11T10:30:00+00:00,88.54499999999999,88.54499999999999,87.859,87.978,14183
2026-03-11T11:00:00+00:00,87.978,88.43599999999999,87.957,88.07,12433
2026-03-11T11:30:00+00:00,88.07,88.21799999999999,87.41199999999999,87.696,20980
2026-03-11T12:00:00+00:00,87.696,88.17999999999999,87.43199999999999,87.91199999999999,19434
2026-03-11T12:30:00+00:00,87.91199999999999,88.035,86.69999999999999,86.73599999999999,34039
2026-03-11T13:00:00+00:00,86.73599999999999,87.64,86.16199999999999,87.63199999999999,37555
2026-03-11T13:30:00+00:00,87.63199999999999,87.728,85.886,86.669,75885
2026-03-11T14:00:00+00:00,86.669,87.306,86.649,87.291,62988
2026-03-11T14:30:00+00:00,87.291,87.378,86.77199999999999,86.961,43415
2026-03-11T15:00:00+00:00,86.961,87.16999999999999,86.35199999999999,86.621,45200
2026-03-11T15:30:00+00:00,86.621,86.625,86.16799999999999,86.28299999999999,38046
2026-03-11T16:00:00+00:00,86.28299999999999,86.51899999999999,85.899,86.37299999999999,34594
2026-03-11T16:30:00+00:00,86.37299999999999,86.845,86.30799999999999,86.737,22993
2026-03-11T17:00:00+00:00,86.737,87.00699999999999,86.53399999999999,86.854,22064
2026-03-11T17:30:00+00:00,86.854,86.902,86.211,86.717,32758
2026-03-11T18:00:00+00:00,86.717,87.33999999999999,86.689,87.327,18491
2026-03-11T18:30:00+00:00,87.327,87.327,86.74199999999999,86.90899999999999,13067
2026-03-11T19:00:00+00:00,86.90899999999999,87.134,86.835,87.11099999999999,13754
2026-03-11T19:30:00+00:00,87.11099999999999,87.48299999999999,87.08099999999999,87.43599999999999,14902
2026-03-11T20:00:00+00:00,87.43599999999999,87.50699999999999,87.228,87.253,3163
2026-03-11T20:30:00+00:00,87.253,87.262,87.08099999999999,87.142,4163
2026-03-11T22:00:00+00:00,87.142,87.73999999999998,87.02099999999999,87.17099999999998,5931.142086330936
2026-03-11T22:30:00+00:00,87.17099999999998,87.17899999999999,86.50099999999998,86.81099999999998,12170
2026-03-11T23:00:00+00:00,86.81099999999998,87.09999999999998,86.75899999999999,87.00599999999999,11616
2026-03-11T23:30:00+00:00,87.00599999999999,87.06699999999998,86.41999999999999,86.47199999999998,10620
2026-03-12T00:00:00+00:00,86.47199999999998,87.20999999999998,85.86399999999998,87.07599999999998,18413
2026-03-12T00:30:00+00:00,87.07599999999998,87.56599999999999,87.06599999999999,87.49299999999998,12182
2026-03-12T01:00:00+00:00,87.49299999999998,87.79299999999998,86.88499999999998,86.93099999999998,33545
2026-03-12T01:30:00+00:00,86.93099999999998,87.62499999999999,86.82599999999998,87.33299999999998,23437
2026-03-12T02:00:00+00:00,87.33299999999998,87.59299999999999,87.15199999999999,87.18899999999998,14656
2026-03-12T02:30:00+00:00,87.18899999999998,87.40499999999999,86.22799999999998,86.42399999999998,33785
2026-03-12T03:00:00+00:00,86.42399999999998,86.87299999999998,86.33199999999998,86.70699999999998,21477
2026-03-12T03:30:00+00:00,86.70699999999998,86.90299999999998,86.31499999999998,86.78299999999999,8664
2026-03-12T04:00:00+00:00,86.78299999999999,86.82499999999999,86.56099999999998,86.68799999999999,5260
2026-03-12T04:30:00+00:00,86.68799999999999,86.68799999999999,86.27199999999998,86.30199999999998,9548
2026-03-12T05:00:00+00:00,86.30199999999998,86.85099999999998,86.29099999999998,86.56799999999998,13227
2026-03-12T05:30:00+00:00,86.56799999999998,87.32999999999998,86.47399999999998,87.19799999999998,23808
2026-03-12T06:00:00+00:00,87.19799999999998,87.36899999999999,87.00499999999998,87.30299999999998,18438
2026-03-12T06:30:00+00:00,87.30299999999998,88.41999999999999,87.29899999999998,88.04299999999998,22296
2026-03-12T07:00:00+00:00,88.04299999999998,88.35599999999998,87.69899999999998,88.34999999999998,11069
2026-03-12T07:30:00+00:00,88.34999999999998,88.94999999999999,88.26699999999998,88.90599999999998,12061
2026-03-12T08:00:00+00:00,88.90599999999998,89.07399999999998,88.53399999999998,88.63799999999998,16987
2026-03-12T08:30:00+00:00,88.63799999999998,88.99399999999999,88.40099999999998,88.64799999999998,12302
2026-03-12T09:00:00+00:00,88.64799999999998,88.85299999999998,88.58999999999999,88.71899999999998,10203
2026-03-12T09:30:00+00:00,88.71899999999998,89.02599999999998,88.71899999999998,88.97099999999999,12340
2026-03-12T10:00:00+00:00,88.97099999999999,89.11899999999999,88.76099999999998,89.03299999999999,9687
2026-03-12T10:30:00+00:00,89.03299999999999,89.11299999999999,88.68399999999998,89.10199999999998,11005
2026-03-12T11:00:00+00:00,89.10199999999998,89.12399999999998,88.67199999999998,88.74899999999998,8936
2026-03-12T11:30:00+00:00,88.74899999999998,88.98199999999999,88.68999999999998,88.81599999999999,12199
2026-03-12T12:00:00+00:00,88.81599999999999,89.07399999999998,88.46499999999999,88.82499999999999,23073
2026-03-12T12:30:00+00:00,88.82499999999999,89.27199999999998,88.65899999999998,89.17899999999999,19554
2026-03-12T13:00:00+00:00,89.17899999999999,89.31699999999998,88.49299999999998,88.61299999999999,42382
2026-03-12T13:30:00+00:00,88.61299999999999,88.70699999999998,87.62599999999998,87.78799999999998,95192
2026-03-12T14:00:00+00:00,87.78799999999998,88.37399999999998,87.58899999999998,87.64599999999999,80582
2026-03-12T14:30:00+00:00,87.64599999999999,87.85299999999998,87.04899999999998,87.44899999999998,72995
2026-03-12T15:00:00+00:00,87.44899999999998,87.57399999999998,86.37499999999999,87.01999999999998,74049
2026-03-12T15:30:00+00:00,87.01999999999998,87.25099999999998,86.55699999999999,87.11999999999998,71534
2026-03-12T16:00:00+00:00,87.11999999999998,87.47099999999999,86.75399999999998,87.22499999999998,48321
2026-03-12T16:30:00+00:00,87.22499999999998,87.47899999999998,86.90299999999998,86.99599999999998,45019
2026-03-12T17:00:00+00:00,86.99599999999998,87.38099999999999,86.69399999999999,86.80899999999998,40868
2026-03-12T17:30:00+00:00,86.80899999999998,86.92399999999998,86.61899999999999,86.69599999999998,41900
2026-03-12T18:00:00+00:00,86.69599999999998,87.07299999999998,86.57099999999998,86.72399999999998,37306
2026-03-12T18:30:00+00:00,86.72399999999998,86.92499999999998,86.58599999999998,86.68399999999998,37031
2026-03-12T19:00:00+00:00,86.68399999999998,86.90899999999998,86.32599999999998,86.81599999999999,35644
2026-03-12T19:30:00+00:00,86.81599999999999,86.91799999999998,86.23399999999998,86.37599999999998,34835
2026-03-12T20:00:00+00:00,86.37599999999998,86.49699999999999,85.38299999999998,85.38299999999998,13228
2026-03-12T20:30:00+00:00,85.38299999999998,85.97399999999998,84.90199999999999,85.67999999999998,15536
2026-03-12T22:00:00+00:00,85.67999999999998,85.94499999999998,85.03999999999998,85.79999999999998,10035.53734939759
2026-03-12T22:30:00+00:00,85.79999999999998,86.03399999999998,85.56299999999999,86.02399999999999,5678
2026-03-12T23:00:00+00:00,86.02399999999999,86.04799999999999,85.79299999999998,85.89099999999998,6115
2026-03-12T23:30:00+00:00,85.89099999999998,85.94799999999998,85.67499999999998,85.68499999999999,7192
2026-03-13T00:00:00+00:00,85.68499999999999,86.51299999999998,85.59199999999998,86.34899999999999,10199
2026-03-13T00:30:00+00:00,86.34899999999999,86.75699999999999,86.34699999999998,86.73999999999998,9380
2026-03-13T01:00:00+00:00,86.73999999999998,87.11099999999999,86.69999999999999,86.88999999999999,27411
2026-03-13T01:30:00+00:00,86.88999999999999,86.98099999999998,85.64099999999998,86.47599999999998,29745
2026-03-13T02:00:00+00:00,86.47599999999998,86.89399999999998,86.47599999999998,86.75799999999998,18831
2026-03-13T02:30:00+00:00,86.75799999999998,86.85599999999998,86.05299999999998,86.09399999999998,23725
2026-03-13T03:00:00+00:00,86.09399999999998,86.22199999999998,85.81199999999998,86.07299999999998,21471
2026-03-13T03:30:00+00:00,86.07299999999998,86.43799999999999,85.80199999999998,86.39799999999998,9512
2026-03-13T04:00:00+00:00,86.39799999999998,86.42199999999998,85.89399999999998,85.91999999999999,7122
2026-03-13T04:30:00+00:00,85.91999999999999,86.10099999999998,85.86699999999999,85.99099999999999,7508
2026-03-13T05:00:00+00:00,85.99099999999999,86.19599999999998,85.86499999999998,85.87799999999999,10500
2026-03-13T05:30:00+00:00,85.87799999999999,86.02299999999998,84.85999999999999,85.37099999999998,36101
2026-03-13T06:00:00+00:00,85.37099999999998,85.57699999999998,84.30499999999998,84.61599999999999,35836
2026-03-13T06:30:00+00:00,84.61599999999999,84.84899999999999,83.86499999999998,84.14599999999999,43425
2026-03-13T07:00:00+00:00,84.14599999999999,84.58499999999998,83.28999999999998,83.95999999999998,30924
2026-03-13T07:30:00+00:00,83.95999999999998,84.43999999999998,83.77499999999998,84.06399999999998,16784
2026-03-13T08:00:00+00:00,84.06399999999998,84.07799999999999,83.28199999999998,83.65599999999998,30714
2026-03-13T08:30:00+00:00,83.65599999999998,84.67499999999998,83.64399999999998,84.34199999999998,22997
2026-03-13T09:00:00+00:00,84.34199999999998,84.59999999999998,84.00299999999999,84.45399999999998,24664
2026-03-13T09:30:00+00:00,84.45399999999998,84.77499999999998,84.19799999999998,84.65499999999999,16579
2026-03-13T10:00:00+00:00,84.65499999999999,84.84699999999998,84.46499999999999,84.51799999999999,18904
2026-03-13T10:30:00+00:00,84.51799999999999,85.18199999999999,84.37199999999999,84.91099999999999,23451
2026-03-13T11:00:00+00:00,84.91099999999999,85.09099999999998,84.60999999999999,85.02899999999998,19291
2026-03-13T11:30:00+00:00,85.02899999999998,85.45599999999999,84.72699999999999,85.36699999999999,15394
2026-03-13T12:00:00+00:00,85.36699999999999,85.95399999999998,85.29699999999998,85.68899999999998,21715
2026-03-13T12:30:00+00:00,85.68899999999998,86.13099999999999,85.52599999999998,85.90499999999999,26128
2026-03-13T13:00:00+00:00,85.90499999999999,86.17599999999999,85.59999999999998,85.69599999999998,39936
2026-03-13T13:30:00+00:00,85.69599999999998,85.89699999999998,84.99599999999998,85.19999999999999,54837
2026-03-13T14:00:00+00:00,85.19999999999999,85.28199999999998,83.76599999999998,84.07899999999998,69108
2026-03-13T14:30:00+00:00,84.07899999999998,84.22899999999998,82.29499999999999,82.30199999999998,69040
2026-03-13T15:00:00+00:00,82.30199999999998,83.27299999999998,82.24199999999999,82.66599999999998,70146
2026-03-13T15:30:00+00:00,82.66599999999998,82.85299999999998,81.83799999999998,81.91699999999999,84646
2026-03-13T16:00:00+00:00,81.91699999999999,82.03299999999999,81.09599999999999,81.77999999999999,75226
2026-03-13T16:30:00+00:00,81.77999999999999,82.20699999999998,81.48999999999998,81.97399999999999,62471
2026-03-13T17:00:00+00:00,81.97399999999999,83.06199999999998,81.96399999999998,82.77899999999998,48859
2026-03-13T17:30:00+00:00,82.77899999999998,83.02099999999999,82.33399999999999,82.60399999999998,46913
2026-03-13T18:00:00+00:00,82.60399999999998,82.80799999999998,82.38399999999999,82.80799999999998,49304
2026-03-13T18:30:00+00:00,82.80799999999998,82.91199999999998,82.44999999999999,82.67299999999999,34813
2026-03-13T19:00:00+00:00,82.67299999999999,82.82899999999998,82.10099999999998,82.21399999999998,38522
2026-03-13T19:30:00+00:00,82.21399999999998,82.31899999999999,81.51999999999998,81.91599999999998,50071
2026-03-13T20:00:00+00:00,81.91599999999998,82.21499999999999,81.58499999999998,81.94399999999999,9994
2026-03-13T20:30:00+00:00,81.94399999999999,82.22199999999998,81.84999999999998,82.15699999999998,4609
2026-03-15T22:00:00+00:00,82.15699999999998,82.27199999999999,80.96499999999999,81.51599999999999,16963.189720424856
2026-03-15T22:30:00+00:00,81.51599999999999,82.15499999999999,81.33899999999998,82.03899999999999,17476
2026-03-15T23:00:00+00:00,82.03899999999999,82.10699999999999,80.82299999999998,81.50699999999999,24908
2026-03-15T23:30:00+00:00,81.50699999999999,81.67099999999998,81.08799999999998,81.64099999999999,20805
2026-03-16T00:00:00+00:00,81.64099999999999,83.00499999999998,81.63899999999998,82.64099999999999,25604
2026-03-16T00:30:00+00:00,82.64099999999999,83.10799999999999,82.60199999999999,83.01499999999999,17628
2026-03-16T01:00:00+00:00,83.01499999999999,83.09699999999998,80.05599999999998,80.63999999999999,83513
2026-03-16T01:30:00+00:00,80.63999999999999,81.93499999999999,80.13099999999999,81.92099999999998,52231
2026-03-16T02:00:00+00:00,81.92099999999998,82.01199999999999,81.20999999999998,81.46999999999998,31199
2026-03-16T02:30:00+00:00,81.46999999999998,81.65999999999998,80.69399999999999,80.87799999999999,39798
2026-03-16T03:00:00+00:00,80.87799999999999,81.49299999999998,80.42399999999998,81.39899999999999,34013
2026-03-16T03:30:00+00:00,81.39899999999999,81.86099999999999,81.38399999999999,81.79899999999998,13170
2026-03-16T04:00:00+00:00,81.79899999999998,82.22199999999998,81.73499999999999,81.92999999999998,10953
2026-03-16T04:30:00+00:00,81.92999999999998,82.10299999999998,81.63099999999999,81.64399999999999,7474
2026-03-16T05:00:00+00:00,81.64399999999999,81.82099999999998,81.29899999999998,81.42899999999999,10891
2026-03-16T05:30:00+00:00,81.42899999999999,82.03699999999998,80.98999999999998,81.82599999999998,25064
2026-03-16T06:00:00+00:00,81.82599999999998,82.30899999999998,81.51499999999999,81.94599999999998,29516
2026-03-16T06:30:00+00:00,81.94599999999998,82.05699999999999,81.15399999999998,81.65999999999998,27878
2026-03-16T07:00:00+00:00,81.65999999999998,81.93799999999999,80.65299999999998,80.86899999999999,20672
2026-03-16T07:30:00+00:00,80.86899999999999,81.07699999999998,80.49199999999999,80.62499999999999,23207
2026-03-16T08:00:00+00:00,80.62499999999999,81.07499999999999,80.22499999999998,80.92299999999999,27799
2026-03-16T08:30:00+00:00,80.92299999999999,80.97199999999998,80.24299999999998,80.72199999999998,21158
2026-03-16T09:00:00+00:00,80.72199999999998,80.73399999999998,80.12499999999999,80.31499999999998,24354
2026-03-16T09:30:00+00:00,80.31499999999998,80.40899999999998,79.15399999999998,79.40899999999998,23263
2026-03-16T10:00:00+00:00,79.40899999999998,79.47599999999998,78.68099999999998,79.28799999999998,34453
2026-03-16T10:30:00+00:00,79.28799999999998,80.57199999999999,79.24299999999998,80.47299999999998,21677
2026-03-16T11:00:00+00:00,80.47299999999998,80.93699999999998,80.24699999999999,80.74299999999998,19202
2026-03-16T11:30:00+00:00,80.74299999999998,80.97599999999998,80.36599999999999,80.49099999999999,16602
2026-03-16T12:00:00+00:00,80.49099999999999,81.28199999999998,80.38199999999999,81.16199999999998,22848
2026-03-16T12:30:00+00:00,81.16199999999998,81.80799999999998,81.16199999999998,81.79299999999998,21406
2026-03-16T13:00:00+00:00,81.79299999999998,82.48299999999999,81.30599999999998,82.47599999999998,33898
2026-03-16T13:30:00+00:00,82.47599999999998,83.19099999999999,82.26599999999999,82.80899999999998,75803
2026-03-16T14:00:00+00:00,82.80899999999998,83.10199999999999,82.35999999999999,82.35999999999999,68469
2026-03-16T14:30:00+00:00,82.35999999999999,82.47299999999998,81.58399999999999,82.23399999999998,71481
2026-03-16T15:00:00+00:00,82.23399999999998,82.70399999999998,81.98299999999999,82.37699999999998,58430
2026-03-16T15:30:00+00:00,82.37699999999998,82.53799999999998,81.76799999999999,81.85699999999999,50621
2026-03-16T16:00:00+00:00,81.85699999999999,82.33699999999999,81.38299999999998,81.41399999999999,47948
2026-03-16T16:30:00+00:00,81.41399999999999,81.97599999999998,81.06499999999998,81.75699999999999,53142
2026-03-16T17:00:00+00:00,81.75699999999999,82.26999999999998,81.75699999999999,82.08599999999998,43929
2026-03-16T17:30:00+00:00,82.08599999999998,82.14299999999999,81.67899999999999,81.78099999999998,32393
2026-03-16T18:00:00+00:00,81.78099999999998,82.59999999999998,81.66799999999998,82.59999999999998,32793
2026-03-16T18:30:00+00:00,82.59999999999998,83.04499999999999,82.43799999999999,82.60399999999998,23578
2026-03-16T19:00:00+00:00,82.60399999999998,82.95599999999999,82.34499999999998,82.38699999999999,28334
2026-03-16T19:30:00+00:00,82.38699999999999,82.60199999999999,82.28099999999998,82.42599999999999,27989
2026-03-16T20:00:00+00:00,82.42599999999999,82.60899999999998,82.25699999999999,82.44499999999998,6665
2026-03-16T20:30:00+00:00,82.44499999999998,82.46199999999999,82.21599999999998,82.21599999999998,6659
2026-03-16T22:00:00+00:00,82.21599999999998,83.29299999999998,82.21599999999998,82.87199999999997,9024.492228926678
2026-03-16T22:30:00+00:00,82.87199999999997,83.06599999999997,82.77999999999997,82.88199999999998,6325
2026-03-16T23:00:00+00:00,82.88199999999998,83.17199999999997,82.85599999999997,83.16399999999997,3399
2026-03-16T23:30:00+00:00,83.16399999999997,83.26999999999997,83.03499999999997,83.23899999999998,4733
2026-03-17T00:00:00+00:00,83.23899999999998,83.24999999999997,82.34899999999998,82.50199999999997,11228
2026-03-17T00:30:00+00:00,82.50199999999997,82.70499999999997,82.34699999999997,82.50099999999998,10985
2026-03-17T01:00:00+00:00,82.50099999999998,82.89999999999998,81.96899999999997,82.67299999999997,30164
2026-03-17T01:30:00+00:00,82.67299999999997,83.59299999999998,82.65199999999997,83.56099999999998,17208
2026-03-17T02:00:00+00:00,83.56099999999998,83.56099999999998,83.19399999999997,83.39899999999997,12244
2026-03-17T02:30:00+00:00,83.39899999999997,83.65299999999998,83.23999999999997,83.26699999999997,17836
2026-03-17T03:00:00+00:00,83.26699999999997,83.68899999999998,83.00099999999998,83.64999999999998,14023
2026-03-17T03:30:00+00:00,83.64999999999998,83.67499999999997,83.29699999999997,83.48099999999997,5887
2026-03-17T04:00:00+00:00,83.48099999999997,84.17499999999997,83.42599999999997,84.16399999999997,5453
2026-03-17T04:30:00+00:00,84.16399999999997,84.64599999999997,84.10799999999998,84.56399999999998,12590
2026-03-17T05:00:00+00:00,84.56399999999998,84.59399999999997,84.17199999999997,84.18199999999997,12307
2026-03-17T05:30:00+00:00,84.18199999999997,84.20399999999998,83.15899999999998,83.22499999999997,29218
2026-03-17T06:00:00+00:00,83.22499999999997,83.33899999999997,82.63299999999997,83.09299999999998,40895
2026-03-17T06:30:00+00:00,83.09299999999998,83.25999999999998,82.69199999999998,82.70699999999997,19032
2026-03-17T07:00:00+00:00,82.70699999999997,83.35499999999998,82.70199999999997,83.30999999999997,11402
2026-03-17T07:30:00+00:00,83.30999999999997,83.47399999999998,83.09099999999997,83.11999999999998,10023
2026-03-17T08:00:00+00:00,83.11999999999998,83.30899999999997,82.65699999999997,83.17999999999998,18243
2026-03-17T08:30:00+00:00,83.17999999999998,83.31099999999998,82.87799999999997,83.05899999999997,11532
2026-03-17T09:00:00+00:00,83.05899999999997,83.07299999999998,82.64399999999998,82.96199999999997,14126
2026-03-17T09:30:00+00:00,82.96199999999997,83.14499999999997,82.75299999999997,82.97099999999998,9525
2026-03-17T10:00:00+00:00,82.97099999999998,83.10199999999998,82.41199999999998,82.54199999999997,13835
2026-03-17T10:30:00+00:00,82.54199999999997,82.71099999999997,82.04899999999998,82.32599999999998,17428
2026-03-17T11:00:00+00:00,82.32599999999998,82.84299999999998,82.19899999999997,82.70499999999997,11442
2026-03-17T11:30:00+00:00,82.70499999999997,82.84899999999998,82.34099999999997,82.40899999999998,10916
2026-03-17T12:00:00+00:00,82.40899999999998,82.96499999999997,82.12099999999997,82.94499999999998,15522
2026-03-17T12:30:00+00:00,82.94499999999998,83.16599999999997,82.53399999999998,82.77599999999997,15256
2026-03-17T13:00:00+00:00,82.77599999999997,83.25499999999997,82.66999999999997,82.89599999999997,33921
2026-03-17T13:30:00+00:00,82.89599999999997,83.53499999999997,82.85799999999998,83.37999999999997,69882
2026-03-17T14:00:00+00:00,83.37999999999997,83.60499999999996,82.62299999999996,82.74899999999997,52606
2026-03-17T14:30:00+00:00,82.74899999999997,82.94399999999997,82.25699999999996,82.27699999999997,66167
2026-03-17T15:00:00+00:00,82.27699999999997,82.59199999999997,81.80799999999996,81.82999999999997,54555
2026-03-17T15:30:00+00:00,81.82999999999997,81.99699999999997,80.42899999999997,81.33699999999997,67464
2026-03-17T16:00:00+00:00,81.33699999999997,81.61199999999997,80.89699999999996,81.58799999999997,52490
2026-03-17T16:30:00+00:00,81.58799999999997,81.72799999999997,81.35699999999997,81.52499999999996,37213
2026-03-17T17:00:00+00:00,81.52499999999996,82.20499999999997,81.49999999999997,81.75499999999997,26737
2026-03-17T17:30:00+00:00,81.75499999999997,81.80999999999997,81.50599999999997,81.69099999999997,21618
2026-03-17T18:00:00+00:00,81.69099999999997,81.98399999999997,81.53399999999996,81.66899999999997,27691
2026-03-17T18:30:00+00:00,81.66899999999997,81.83199999999997,81.53499999999997,81.60699999999997,19969
2026-03-17T19:00:00+00:00,81.60699999999997,81.60699999999997,81.16699999999997,81.20799999999997,26821
2026-03-17T19:30:00+00:00,81.20799999999997,81.40099999999997,81.11899999999997,81.28799999999997,24871
2026-03-17T20:00:00+00:00,81.28799999999997,81.43099999999997,81.21799999999998,81.29599999999996,4211
2026-03-17T20:30:00+00:00,81.29599999999996,81.45499999999997,81.26999999999997,81.38599999999997,4581
2026-03-17T22:00:00+00:00,81.38599999999997,82.01999999999997,81.38599999999997,81.67499999999997,5368.841836734694
2026-03-17T22:30:00+00:00,81.67499999999997,81.67799999999997,81.26499999999996,81.54899999999996,5131
2026-03-17T23:00:00+00:00,81.54899999999996,81.81399999999996,81.54899999999996,81.62499999999997,3673
2026-03-17T23:30:00+00:00,81.62499999999997,81.82899999999997,81.59299999999996,81.75799999999997,2239
2026-03-18T00:00:00+00:00,81.75799999999997,82.42199999999997,81.75799999999997,81.96199999999996,7312
2026-03-18T00:30:00+00:00,81.96199999999996,82.19199999999996,81.73699999999997,81.97999999999996,9063
2026-03-18T01:00:00+00:00,81.97999999999996,82.60299999999997,81.61799999999997,82.25199999999997,25329
2026-03-18T01:30:00+00:00,82.25199999999997,82.33399999999996,81.32699999999997,81.69599999999997,25531
2026-03-18T02:00:00+00:00,81.69599999999997,81.92499999999997,81.48499999999997,81.72699999999996,16554
2026-03-18T02:30:00+00:00,81.72699999999996,81.76399999999997,80.69699999999996,80.90899999999996,28137
2026-03-18T03:00:00+00:00,80.90899999999996,81.50599999999997,80.66699999999996,81.36799999999997,20442
2026-03-18T03:30:00+00:00,81.36799999999997,81.47299999999997,81.06599999999996,81.24599999999997,7246
2026-03-18T04:00:00+00:00,81.24599999999997,81.34999999999997,81.18399999999997,81.26699999999997,5121
2026-03-18T04:30:00+00:00,81.26699999999997,81.27399999999996,80.80199999999996,81.12199999999997,10116
2026-03-18T05:00:00+00:00,81.12199999999997,81.91999999999996,81.07799999999996,81.75599999999997,8906
2026-03-18T05:30:00+00:00,81.75599999999997,82.18399999999997,81.42799999999997,81.55399999999996,24300
2026-03-18T06:00:00+00:00,81.55399999999996,82.63999999999996,81.54699999999997,82.41699999999996,18830
2026-03-18T06:30:00+00:00,82.41699999999996,82.67599999999996,82.11699999999996,82.38299999999997,16645
2026-03-18T07:00:00+00:00,82.38299999999997,82.73699999999997,82.20699999999997,82.42199999999997,9875
2026-03-18T07:30:00+00:00,82.42199999999997,82.51199999999996,81.84199999999997,82.29699999999997,12100
2026-03-18T08:00:00+00:00,82.29699999999997,82.47999999999996,81.51199999999996,81.87899999999996,18748
2026-03-18T08:30:00+00:00,81.87899999999996,82.12299999999996,81.63699999999996,81.93099999999997,15375
2026-03-18T09:00:00+00:00,81.93099999999997,82.47399999999996,81.90199999999996,82.23799999999997,12037
2026-03-18T09:30:00+00:00,82.23799999999997,82.64899999999996,82.22499999999997,82.48499999999997,10822
2026-03-18T10:00:00+00:00,82.48499999999997,82.70399999999997,82.23099999999997,82.28299999999996,9447
2026-03-18T10:30:00+00:00,82.28299999999996,82.42299999999996,81.46499999999996,81.60999999999997,20184
2026-03-18T11:00:00+00:00,81.60999999999997,82.18199999999996,81.27799999999996,81.39499999999997,30000
2026-03-18T11:30:00+00:00,81.39499999999997,81.76599999999996,80.90899999999996,81.13699999999996,51847
2026-03-18T12:00:00+00:00,81.13699999999996,81.65399999999997,80.40399999999997,80.73299999999996,52550
2026-03-18T12:30:00+00:00,80.73299999999996,80.78399999999996,79.97099999999996,80.08899999999997,48969
2026-03-18T13:00:00+00:00,80.08899999999997,80.16499999999996,78.12399999999997,79.32699999999997,65648
2026-03-18T13:30:00+00:00,79.32699999999997,80.18199999999996,78.89599999999996,79.98899999999996,78156
2026-03-18T14:00:00+00:00,79.98899999999996,80.46299999999997,79.01099999999997,79.01299999999996,74209
2026-03-18T14:30:00+00:00,79.01299999999996,79.35299999999997,78.74799999999996,79.34199999999997,47945
2026-03-18T15:00:00+00:00,79.34199999999997,79.64699999999996,79.20999999999997,79.39399999999996,49418
2026-03-18T15:30:00+00:00,79.39399999999996,79.66099999999996,79.09499999999997,79.17499999999997,36061
2026-03-18T16:00:00+00:00,79.17499999999997,79.94799999999996,79.07499999999996,79.89499999999997,36314
2026-03-18T16:30:00+00:00,79.89499999999997,79.94299999999997,79.42599999999996,79.65699999999997,31891
2026-03-18T17:00:00+00:00,79.65699999999997,80.12099999999997,79.46599999999997,79.85899999999997,29859
2026-03-18T17:30:00+00:00,79.85899999999997,79.97399999999996,79.52399999999996,79.55499999999996,19120
2026-03-18T18:00:00+00:00,79.55499999999996,80.02199999999996,79.20599999999996,79.38199999999996,42231
2026-03-18T18:30:00+00:00,79.38199999999996,79.48199999999997,78.53899999999996,78.56399999999996,45653
2026-03-18T19:00:00+00:00,78.56399999999996,79.11699999999996,78.39399999999996,78.62099999999997,49904
2026-03-18T19:30:00+00:00,78.62099999999997,78.96399999999997,78.41399999999996,78.45599999999996,47626
2026-03-18T20:00:00+00:00,78.45599999999996,78.55399999999996,77.62699999999997,77.68199999999996,14962
2026-03-18T20:30:00+00:00,77.68199999999996,78.10399999999997,77.54399999999997,77.86599999999997,13010
2026-03-18T22:00:00+00:00,77.86599999999997,78.64099999999996,77.81999999999996,78.01299999999996,15048.726106898812
2026-03-18T22:30:00+00:00,78.01299999999996,78.61899999999997,77.92799999999997,78.49899999999997,13568
2026-03-18T23:00:00+00:00,78.49899999999997,78.89799999999997,78.41699999999996,78.80499999999996,10425
2026-03-18T23:30:00+00:00,78.80499999999996,79.07999999999997,78.66799999999996,78.69599999999997,10536
2026-03-19T00:00:00+00:00,78.69599999999997,79.34599999999996,78.66799999999996,79.24199999999996,11508
2026-03-19T00:30:00+00:00,79.24199999999996,79.47299999999997,78.99799999999996,79.23799999999997,16544
2026-03-19T01:00:00+00:00,79.23799999999997,79.63299999999997,78.25999999999996,78.87499999999997,43032
2026-03-19T01:30:00+00:00,78.87499999999997,79.60399999999997,78.78999999999996,78.96099999999997,26712
2026-03-19T02:00:00+00:00,78.96099999999997,79.36499999999997,78.61799999999997,79.33699999999996,16350
2026-03-19T02:30:00+00:00,79.33699999999996,79.49299999999997,79.01799999999997,79.24699999999997,19675
2026-03-19T03:00:00+00:00,79.24699999999997,79.37499999999997,78.86799999999997,78.91999999999996,13771
2026-03-19T03:30:00+00:00,78.91999999999996,78.93999999999997,78.63199999999996,78.63299999999997,5347
2026-03-19T04:00:00+00:00,78.63299999999997,78.72399999999996,78.29799999999996,78.41799999999996,6216
2026-03-19T04:30:00+00:00,78.41799999999996,78.54399999999997,78.29199999999996,78.52199999999996,5276
2026-03-19T05:00:00+00:00,78.52199999999996,78.92199999999997,78.45499999999997,78.46499999999996,5859
2026-03-19T05:30:00+00:00,78.46499999999996,78.53399999999996,77.13799999999996,77.14899999999997,31404
2026-03-19T06:00:00+00:00,77.14899999999997,77.76299999999996,76.22899999999997,76.31799999999997,36772
2026-03-19T06:30:00+00:00,76.31799999999997,76.48099999999997,74.55399999999996,75.11799999999997,60710
2026-03-19T07:00:00+00:00,75.11799999999997,75.73199999999997,74.91799999999996,75.08799999999997,29738
2026-03-19T07:30:00+00:00,75.08799999999997,75.23099999999997,73.92099999999996,73.95699999999997,27569
2026-03-19T08:00:00+00:00,73.95699999999997,74.66599999999997,73.78099999999996,73.88799999999996,47842
2026-03-19T08:30:00+00:00,73.88799999999996,74.42499999999997,72.80999999999996,74.16499999999996,48167
2026-03-19T09:00:00+00:00,74.16499999999996,74.69199999999996,73.91799999999996,74.23299999999996,45315
2026-03-19T09:30:00+00:00,74.23299999999996,74.70599999999996,73.99999999999997,74.38799999999996,40668
2026-03-19T10:00:00+00:00,74.38799999999996,74.76999999999997,73.84899999999996,74.32199999999996,33052
2026-03-19T10:30:00+00:00,74.32199999999996,74.67799999999997,73.24499999999996,73.59699999999997,37284
2026-03-19T11:00:00+00:00,73.59699999999997,74.13699999999997,73.14399999999996,73.73899999999996,35467
2026-03-19T11:30:00+00:00,73.73899999999996,74.11499999999997,73.06999999999996,73.06999999999996,33433
2026-03-19T12:00:00+00:00,73.06999999999996,73.19899999999997,71.16799999999996,71.32299999999996,58576
2026-03-19T12:30:00+00:00,71.32299999999996,71.49899999999997,69.28599999999996,70.15499999999997,76136
2026-03-19T13:00:00+00:00,70.15499999999997,71.38099999999997,68.28199999999997,71.14799999999997,111823
2026-03-19T13:30:00+00:00,71.14799999999997,72.58099999999996,69.97999999999996,72.38499999999996,116949
2026-03-19T14:00:00+00:00,72.38499999999996,73.39799999999997,71.90999999999997,71.97399999999996,100435
2026-03-19T14:30:00+00:00,71.97399999999996,73.43199999999996,71.95799999999997,72.87599999999996,82008
2026-03-19T15:00:00+00:00,72.87599999999996,73.86699999999996,72.63999999999997,72.90699999999997,76828
2026-03-19T15:30:00+00:00,72.90699999999997,73.20699999999997,71.88599999999997,72.93999999999997,70784
2026-03-19T16:00:00+00:00,72.93999999999997,74.06399999999996,72.82999999999997,73.24899999999997,73538
2026-03-19T16:30:00+00:00,73.24899999999997,73.47699999999996,72.63399999999997,72.94699999999996,51263
2026-03-19T17:00:00+00:00,72.94699999999996,74.40499999999997,72.88399999999997,74.05099999999996,48943
2026-03-19T17:30:00+00:00,74.05099999999996,74.75699999999996,73.97899999999997,74.12599999999996,57787
2026-03-19T18:00:00+00:00,74.12599999999996,74.39399999999996,73.84699999999997,74.19999999999996,54584
2026-03-19T18:30:00+00:00,74.19999999999996,74.42699999999996,73.72699999999996,74.39199999999997,37493
2026-03-19T19:00:00+00:00,74.39199999999997,75.34499999999997,74.39199999999997,74.81099999999996,72725
2026-03-19T19:30:00+00:00,74.81099999999996,75.50199999999997,74.64199999999997,75.33399999999996,34151
2026-03-19T20:00:00+00:00,75.33399999999996,75.67099999999996,75.31799999999997,75.60199999999996,10719
2026-03-19T20:30:00+00:00,75.60199999999996,75.85299999999997,75.35499999999996,75.77399999999997,9677
2026-03-19T22:00:00+00:00,75.77399999999997,77.68599999999996,75.77399999999997,76.65899999999996,13973.677848179897
2026-03-19T22:30:00+00:00,76.65899999999996,76.70299999999997,75.82099999999997,75.82299999999996,16997
2026-03-19T23:00:00+00:00,75.82299999999996,76.19799999999996,75.82299999999996,76.00499999999997,11754
2026-03-19T23:30:00+00:00,76.00499999999997,76.26899999999996,75.64699999999996,76.16899999999997,9926
2026-03-20T00:00:00+00:00,76.16899999999997,76.87499999999997,76.15499999999997,76.43099999999997,15908
2026-03-20T00:30:00+00:00,76.43099999999997,76.57499999999997,76.07899999999997,76.12199999999997,14081
2026-03-20T01:00:00+00:00,76.12199999999997,77.37399999999997,75.88899999999997,77.31999999999996,53128
2026-03-20T01:30:00+00:00,77.31999999999996,78.17099999999996,77.14799999999997,77.41899999999997,41244
2026-03-20T02:00:00+00:00,77.41899999999997,77.76899999999996,77.07799999999997,77.58099999999997,25815
2026-03-20T02:30:00+00:00,77.58099999999997,77.79299999999996,77.17699999999996,77.52999999999997,28754
2026-03-20T03:00:00+00:00,77.52999999999997,78.15099999999997,77.42299999999997,77.96999999999997,27042
2026-03-20T03:30:00+00:00,77.96999999999997,77.99899999999997,77.70099999999996,77.81499999999997,13311
2026-03-20T04:00:00+00:00,77.81499999999997,77.83899999999997,77.44799999999996,77.59999999999997,9136
2026-03-20T04:30:00+00:00,77.59999999999997,77.62699999999997,77.26699999999997,77.48999999999997,7466
2026-03-20T05:00:00+00:00,77.48999999999997,77.49599999999997,77.18699999999997,77.32899999999997,11578
2026-03-20T05:30:00+00:00,77.32899999999997,77.51799999999997,75.96499999999997,76.15499999999997,43836
2026-03-20T06:00:00+00:00,76.15499999999997,76.80399999999997,75.76499999999997,76.08499999999997,39554
2026-03-20T06:30:00+00:00,76.08499999999997,76.16799999999996,74.83699999999997,75.18699999999997,39544
2026-03-20T07:00:00+00:00,75.18699999999997,75.66799999999996,75.04799999999997,75.65599999999996,22176
2026-03-20T07:30:00+00:00,75.65599999999996,76.62499999999997,75.57699999999997,76.61399999999996,13656
2026-03-20T08:00:00+00:00,76.61399999999996,77.37599999999996,76.28399999999996,76.92499999999997,18772
2026-03-20T08:30:00+00:00,76.92499999999997,77.06799999999997,76.46099999999997,76.71599999999997,23880
2026-03-20T09:00:00+00:00,76.71599999999997,76.88199999999996,76.44899999999997,76.57699999999997,20745
2026-03-20T09:30:00+00:00,76.57699999999997,76.60999999999997,75.25399999999996,75.34099999999997,26825
2026-03-20T10:00:00+00:00,75.34099999999997,75.45499999999997,74.84799999999997,75.17999999999996,34590
2026-03-20T10:30:00+00:00,75.17999999999996,75.67699999999996,75.00899999999997,75.28099999999996,33256
2026-03-20T11:00:00+00:00,75.28099999999996,75.97799999999997,75.08699999999997,75.73199999999997,32324
2026-03-20T11:30:00+00:00,75.73199999999997,76.09899999999996,75.47899999999997,75.81199999999997,22288
2026-03-20T12:00:00+00:00,75.81199999999997,76.12499999999997,75.51199999999997,75.86499999999997,35105
2026-03-20T12:30:00+00:00,75.86499999999997,76.09099999999997,74.96499999999997,75.49199999999996,36868
2026-03-20T13:00:00+00:00,75.49199999999996,75.95199999999997,74.42099999999996,75.16099999999997,59848
2026-03-20T13:30:00+00:00,75.16099999999997,75.47299999999997,73.57199999999997,73.84699999999997,98455
2026-03-20T14:00:00+00:00,73.84699999999997,74.15099999999997,72.05699999999997,72.24299999999997,94535
2026-03-20T14:30:00+00:00,72.24299999999997,73.42399999999996,72.20099999999996,73.09899999999996,93194
2026-03-20T15:00:00+00:00,73.09899999999996,73.99799999999996,72.86799999999997,73.27799999999996,77258
2026-03-20T15:30:00+00:00,73.27799999999996,73.69499999999996,72.46499999999997,72.87699999999997,71176
2026-03-20T16:00:00+00:00,72.87699999999997,74.04899999999996,72.83099999999997,73.44599999999997,56641
2026-03-20T16:30:00+00:00,73.44599999999997,73.65799999999997,73.04399999999997,73.32399999999997,46577
2026-03-20T17:00:00+00:00,73.32399999999997,73.78999999999996,72.87799999999997,72.98099999999997,44328
2026-03-20T17:30:00+00:00,72.98099999999997,73.32199999999997,72.64199999999997,73.25599999999997,44285
2026-03-20T18:00:00+00:00,73.25599999999997,73.36799999999997,72.36099999999996,72.79499999999997,54486
2026-03-20T18:30:00+00:00,72.79499999999997,72.88699999999997,71.42799999999997,71.72899999999997,45882
2026-03-20T19:00:00+00:00,71.72899999999997,72.13599999999997,71.29599999999996,71.59199999999997,72271
2026-03-20T19:30:00+00:00,71.59199999999997,71.90699999999997,71.30599999999997,71.57799999999997,68540
2026-03-20T20:00:00+00:00,71.57799999999997,71.87499999999997,71.33899999999997,71.52099999999997,11443
2026-03-20T20:30:00+00:00,71.52099999999997,71.69199999999996,71.43199999999997,71.64399999999996,5723
2026-03-22T22:00:00+00:00,71.64399999999996,73.39199999999997,70.63599999999997,73.22599999999996,21324.184356661808
2026-03-22T22:30:00+00:00,73.22599999999996,73.42499999999997,72.40699999999997,72.62499999999996,15107
2026-03-22T23:00:00+00:00,72.62499999999996,72.88299999999997,72.07699999999996,72.19099999999996,23995
2026-03-22T23:30:00+00:00,72.19099999999996,72.59899999999996,71.38999999999996,71.91999999999996,30735
2026-03-23T00:00:00+00:00,71.91999999999996,72.20099999999996,70.85199999999996,71.13499999999996,50544
2026-03-23T00:30:00+00:00,71.13499999999996,71.55299999999997,68.61299999999996,70.19599999999996,53685
2026-03-23T01:00:00+00:00,70.19599999999996,71.87899999999996,69.26699999999997,71.15399999999997,95551
2026-03-23T01:30:00+00:00,71.15399999999997,71.95599999999996,69.85699999999996,69.93899999999996,74233
2026-03-23T02:00:00+00:00,69.93899999999996,71.17199999999997,69.91899999999997,70.34999999999997,55885
2026-03-23T02:30:00+00:00,70.34999999999997,70.37399999999997,68.58599999999996,69.12499999999996,61584
2026-03-23T03:00:00+00:00,69.12499999999996,69.61899999999996,68.44599999999996,68.89199999999997,55738
2026-03-23T03:30:00+00:00,68.89199999999997,69.40699999999997,68.78299999999996,69.14899999999996,26792
2026-03-23T04:00:00+00:00,69.14899999999996,69.63499999999996,69.14599999999996,69.51699999999997,21256
2026-03-23T04:30:00+00:00,69.51699999999997,70.02999999999996,69.06599999999996,69.99599999999997,24190
2026-03-23T05:00:00+00:00,69.99599999999997,70.49999999999996,69.63999999999996,69.67199999999997,23447
2026-03-23T05:30:00+00:00,69.67199999999997,69.75699999999996,67.29699999999997,67.75699999999998,78505
2026-03-23T06:00:00+00:00,67.75699999999998,68.13999999999999,65.77699999999999,65.883,83438
2026-03-23T06:30:00+00:00,65.883,66.97300000000001,65.30100000000002,66.68700000000001,84579
2026-03-23T07:00:00+00:00,66.68700000000001,66.739,64.81,66.05299999999997,74595
2026-03-23T07:30:00+00:00,66.05299999999997,67.70899999999997,65.93299999999996,67.70899999999997,59444
2026-03-23T08:00:00+00:00,67.70899999999997,68.97999999999998,67.67099999999998,68.48399999999998,74278
2026-03-23T08:30:00+00:00,68.48399999999998,69.00799999999998,67.96399999999997,68.23499999999997,49688
2026-03-23T09:00:00+00:00,68.23499999999997,68.57,67.53399999999996,68.49,47066
2026-03-23T09:30:00+00:00,68.49,68.615,67.035,67.30700000000002,53328
2026-03-23T10:00:00+00:00,67.30700000000002,68.055,67.12200000000001,67.65499999999999,38609
2026-03-23T10:30:00+00:00,67.65499999999999,68.16900000000001,67.156,67.894,45259
2026-03-23T11:00:00+00:00,67.894,73.159,67.894,71.91600000000001,80416
2026-03-23T11:30:00+00:00,71.91600000000001,72.625,70.662,71.119,97921
2026-03-23T12:00:00+00:00,71.119,72.184,70.48700000000001,72.075,99495
2026-03-23T12:30:00+00:00,72.075,73.64800000000001,71.718,73.24900000000001,92319
2026-03-23T13:00:00+00:00,73.24900000000001,73.498,71.38000000000001,71.527,99503
2026-03-23T13:30:00+00:00,71.527,73.03800000000001,71.208,72.808,138478
2026-03-23T14:00:00+00:00,72.808,74.76100000000001,72.79400000000001,74.09,110034
2026-03-23T14:30:00+00:00,74.09,74.40100000000001,73.361,73.885,94170
2026-03-23T15:00:00+00:00,73.885,74.56400000000001,73.232,73.561,99322
2026-03-23T15:30:00+00:00,73.561,73.842,71.287,71.727,108132
2026-03-23T16:00:00+00:00,71.727,72.739,71.7,71.80300000000001,96716
2026-03-23T16:30:00+00:00,71.80300000000001,73.16000000000001,71.80000000000001,72.69800000000001,90858
2026-03-23T17:00:00+00:00,72.69800000000001,73.437,72.62,73.20400000000001,60658
2026-03-23T17:30:00+00:00,73.20400000000001,73.667,73.077,73.421,59573
2026-03-23T18:00:00+00:00,73.421,73.793,72.94,73.684,56400
2026-03-23T18:30:00+00:00,73.684,74.161,73.61200000000001,73.628,47862
2026-03-23T19:00:00+00:00,73.628,73.69200000000001,72.80000000000001,73.12,51076
2026-03-23T19:30:00+00:00,73.12,73.473,72.72,72.79700000000001,51593
2026-03-23T20:00:00+00:00,72.79700000000001,72.99600000000001,72.474,72.861,16546
2026-03-23T20:30:00+00:00,72.861,73.173,72.699,72.866,8401
2026-03-23T22:00:00+00:00,72.866,74.377,72.866,74.222,17317.567975751186
2026-03-23T22:30:00+00:00,74.222,74.415,73.831,74.377,13915
2026-03-23T23:00:00+00:00,74.377,74.94,74.255,74.688,13683
2026-03-23T23:30:00+00:00,74.688,74.776,74.187,74.486,18099
2026-03-24T00:00:00+00:00,74.486,74.779,73.006,73.174,33671
2026-03-24T00:30:00+00:00,73.174,73.31,72.351,72.933,45386
2026-03-24T01:00:00+00:00,72.933,73.459,71.519,72.118,74148
2026-03-24T01:30:00+00:00,72.118,72.745,71.214,71.563,58844
2026-03-24T02:00:00+00:00,71.563,72.244,71.095,72.212,51984
2026-03-24T02:30:00+00:00,72.212,72.82000000000001,71.947,72.185,47769
2026-03-24T03:00:00+00:00,72.185,72.348,71.727,72.31400000000001,39944
2026-03-24T03:30:00+00:00,72.31400000000001,72.31700000000001,71.295,71.673,30420
2026-03-24T04:00:00+00:00,71.673,72.023,71.205,71.516,21911
2026-03-24T04:30:00+00:00,71.516,71.852,71.35,71.45,16107
2026-03-24T05:00:00+00:00,71.45,71.536,70.732,71.026,28494
2026-03-24T05:30:00+00:00,71.026,72.554,70.898,72.245,50061
2026-03-24T06:00:00+00:00,72.245,74.121,72.139,73.669,49724
2026-03-24T06:30:00+00:00,73.669,74.083,73.346,73.927,50468
2026-03-24T07:00:00+00:00,73.927,74.712,73.859,74.209,43211
2026-03-24T07:30:00+00:00,74.209,75.347,73.914,74.805,38463
2026-03-24T08:00:00+00:00,74.805,74.934,73.869,73.971,51110
2026-03-24T08:30:00+00:00,73.971,74.594,73.775,74.57600000000001,38354
2026-03-24T09:00:00+00:00,74.57600000000001,74.59,73.837,74.417,31790
2026-03-24T09:30:00+00:00,74.417,74.941,74.27,74.85,23940
2026-03-24T10:00:00+00:00,74.85,74.974,74.56700000000001,74.717,20651
2026-03-24T10:30:00+00:00,74.717,75.072,74.407,75.043,21649
2026-03-24T11:00:00+00:00,75.043,75.157,73.267,74.686,44287
2026-03-24T11:30:00+00:00,74.686,75.123,73.949,74.812,31029
2026-03-24T12:00:00+00:00,74.812,74.95,73.778,74.056,37303
2026-03-24T12:30:00+00:00,74.056,74.229,73.006,73.205,46052
2026-03-24T13:00:00+00:00,73.205,73.831,72.741,72.743,62430
2026-03-24T13:30:00+00:00,72.743,73.465,72.427,73.196,116522
2026-03-24T14:00:00+00:00,73.196,73.916,73.122,73.664,79048
2026-03-24T14:30:00+00:00,73.664,75.066,73.526,74.447,78425
2026-03-24T15:00:00+00:00,74.447,75.107,74.291,74.815,66566
2026-03-24T15:30:00+00:00,74.815,75.089,74.304,74.305,45709
2026-03-24T16:00:00+00:00,74.305,74.792,74.052,74.69800000000001,44975
2026-03-24T16:30:00+00:00,74.69800000000001,74.78,74.249,74.521,46166
2026-03-24T17:00:00+00:00,74.521,74.691,73.734,74.041,69635
2026-03-24T17:30:00+00:00,74.041,74.299,73.459,74.084,51641
2026-03-24T18:00:00+00:00,74.084,74.45100000000001,73.971,74.346,39250
2026-03-24T18:30:00+00:00,74.346,74.763,74.014,74.119,38342
2026-03-24T19:00:00+00:00,74.119,74.849,74.094,74.468,22083
2026-03-24T19:30:00+00:00,74.468,74.502,74.094,74.286,22062
2026-03-24T20:00:00+00:00,74.286,75.831,74.108,75.169,25985
2026-03-24T20:30:00+00:00,75.169,76.16,74.869,76.037,40746
2026-03-24T22:00:00+00:00,76.037,76.419,75.85900000000001,76.217,14682.767229435009
2026-03-24T22:30:00+00:00,76.217,76.579,75.93599999999999,76.538,16980
2026-03-24T23:00:00+00:00,76.538,76.945,76.231,76.94,14895
2026-03-24T23:30:00+00:00,76.94,77.997,76.89099999999999,77.76299999999999,25745
2026-03-25T00:00:00+00:00,77.76299999999999,78.494,77.428,78.273,25749
2026-03-25T00:30:00+00:00,78.273,79.17399999999999,78.08399999999999,78.573,20292
2026-03-25T01:00:00+00:00,78.573,79.42399999999999,78.335,78.703,50955
2026-03-25T01:30:00+00:00,78.703,79.291,78.672,78.758,32440
2026-03-25T02:00:00+00:00,78.758,78.85799999999999,78.277,78.50099999999999,29745
2026-03-25T02:30:00+00:00,78.50099999999999,79.042,78.22399999999999,78.38199999999999,28316
2026-03-25T03:00:00+00:00,78.38199999999999,78.53699999999999,78.057,78.32,24890
2026-03-25T03:30:00+00:00,78.32,78.393,77.967,78.24199999999999,14123
2026-03-25T04:00:00+00:00,78.24199999999999,78.654,78.125,78.457,9217
2026-03-25T04:30:00+00:00,78.457,78.515,78.213,78.345,8277
2026-03-25T05:00:00+00:00,78.345,78.35199999999999,77.904,77.91,12594
2026-03-25T05:30:00+00:00,77.91,78.396,77.616,77.994,29742
2026-03-25T06:00:00+00:00,77.994,78.285,77.49,78.047,32597
2026-03-25T06:30:00+00:00,78.047,78.27799999999999,77.73299999999999,77.955,22296
2026-03-25T07:00:00+00:00,77.955,78.27799999999999,77.85199999999999,77.99799999999999,16123
2026-03-25T07:30:00+00:00,77.99799999999999,78.03,77.729,77.78099999999999,17947
2026-03-25T08:00:00+00:00,77.78099999999999,78.62599999999999,77.729,78.151,24004
2026-03-25T08:30:00+00:00,78.151,78.249,77.735,77.89999999999999,28052
2026-03-25T09:00:00+00:00,77.89999999999999,78.20599999999999,77.271,77.732,19745
2026-03-25T09:30:00+00:00,77.732,77.87299999999999,76.792,77.547,24929
2026-03-25T10:00:00+00:00,77.547,77.827,77.387,77.467,16054
2026-03-25T10:30:00+00:00,77.467,77.96199999999999,77.276,77.841,16011
2026-03-25T11:00:00+00:00,77.841,78.14,77.732,78.02,18803
2026-03-25T11:30:00+00:00,78.02,78.256,77.854,78.02,26478
2026-03-25T12:00:00+00:00,78.02,78.21499999999999,77.276,77.432,43658
2026-03-25T12:30:00+00:00,77.432,77.90299999999999,77.09299999999999,77.58699999999999,34338
2026-03-25T13:00:00+00:00,77.58699999999999,78.14999999999999,77.542,77.79599999999999,35636
2026-03-25T13:30:00+00:00,77.79599999999999,77.95899999999999,76.929,77.11,89228
2026-03-25T14:00:00+00:00,77.11,77.866,76.777,77.819,84855
2026-03-25T14:30:00+00:00,77.819,78.191,77.723,77.895,47323
2026-03-25T15:00:00+00:00,77.895,78.044,76.55199999999999,77.56,69678
2026-03-25T15:30:00+00:00,77.56,77.697,77.267,77.41,43948
2026-03-25T16:00:00+00:00,77.41,77.71799999999999,77.247,77.50099999999999,56589
2026-03-25T16:30:00+00:00,77.50099999999999,77.73299999999999,77.42699999999999,77.48899999999999,37252
2026-03-25T17:00:00+00:00,77.48899999999999,77.624,77.133,77.34299999999999,31092
2026-03-25T17:30:00+00:00,77.34299999999999,77.568,77.194,77.24,30526
2026-03-25T18:00:00+00:00,77.24,77.583,76.99,77.05499999999999,36109
2026-03-25T18:30:00+00:00,77.05499999999999,77.179,76.57,76.86,34738
2026-03-25T19:00:00+00:00,76.86,76.881,76.069,76.338,45700
2026-03-25T19:30:00+00:00,76.338,76.907,76.336,76.896,32539
2026-03-25T20:00:00+00:00,76.896,77.038,76.351,76.426,14100
2026-03-25T20:30:00+00:00,76.426,76.442,75.75699999999999,76.19,16506
2026-03-25T22:00:00+00:00,76.19,77.02,76.19,76.441,17365.88447346012
2026-03-25T22:30:00+00:00,76.441,76.846,76.247,76.38499999999999,15670
2026-03-25T23:00:00+00:00,76.38499999999999,76.437,75.621,75.934,15602
2026-03-25T23:30:00+00:00,75.934,76.071,75.62299999999999,75.916,14548
2026-03-26T00:00:00+00:00,75.916,77.228,75.865,76.89699999999999,23536
2026-03-26T00:30:00+00:00,76.89699999999999,77.276,76.78699999999999,77.209,19437
2026-03-26T01:00:00+00:00,77.209,77.457,76.366,76.73599999999999,47848
2026-03-26T01:30:00+00:00,76.73599999999999,77.152,76.604,77.125,37775
2026-03-26T02:00:00+00:00,77.125,77.553,76.926,76.959,29592
2026-03-26T02:30:00+00:00,76.959,77.24,76.35799999999999,76.568,35159
2026-03-26T03:00:00+00:00,76.568,76.854,76.439,76.694,30115
2026-03-26T03:30:00+00:00,76.694,77.137,76.678,76.978,14580
2026-03-26T04:00:00+00:00,76.978,77.24199999999999,76.83,77.194,11572
2026-03-26T04:30:00+00:00,77.194,77.212,76.91,76.974,9714
2026-03-26T05:00:00+00:00,76.974,77.033,75.794,75.938,18051
2026-03-26T05:30:00+00:00,75.938,76.353,74.559,74.586,49767
2026-03-26T06:00:00+00:00,74.586,75.301,74.26599999999999,75.12299999999999,62269
2026-03-26T06:30:00+00:00,75.12299999999999,75.32,74.73899999999999,75.24,37869
2026-03-26T07:00:00+00:00,75.24,75.325,74.326,74.74799999999999,33731
2026-03-26T07:30:00+00:00,74.74799999999999,75.072,74.587,74.618,28395
2026-03-26T08:00:00+00:00,74.618,74.887,73.515,73.601,44133
2026-03-26T08:30:00+00:00,73.601,73.917,73.02,73.465,42164
2026-03-26T09:00:00+00:00,73.465,73.533,73.072,73.215,34532
2026-03-26T09:30:00+00:00,73.215,73.303,72.89,73.27199999999999,31563
2026-03-26T10:00:00+00:00,73.27199999999999,73.698,73.133,73.51899999999999,23220
2026-03-26T10:30:00+00:00,73.51899999999999,73.824,72.89999999999999,73.3,29445
2026-03-26T11:00:00+00:00,73.3,73.62299999999999,72.97,73.169,24729
2026-03-26T11:30:00+00:00,73.169,73.527,72.175,72.538,25679
2026-03-26T12:00:00+00:00,72.538,73.39399999999999,72.342,73.002,24808
2026-03-26T12:30:00+00:00,73.002,73.086,72.646,72.702,23056
2026-03-26T13:00:00+00:00,72.702,74.011,72.569,73.851,36133
2026-03-26T13:30:00+00:00,73.851,74.578,73.447,74.493,76370
2026-03-26T14:00:00+00:00,74.493,74.835,73.979,74.567,60045
2026-03-26T14:30:00+00:00,74.567,75.05,73.86399999999999,74.41199999999999,73586
2026-03-26T15:00:00+00:00,74.41199999999999,74.597,74.04599999999999,74.17,58542
2026-03-26T15:30:00+00:00,74.17,74.172,73.624,73.75699999999999,52105
2026-03-26T16:00:00+00:00,73.75699999999999,73.865,72.488,72.838,41967
2026-03-26T16:30:00+00:00,72.838,73.205,72.345,72.999,56852
2026-03-26T17:00:00+00:00,72.999,73.481,72.837,72.949,41805
2026-03-26T17:30:00+00:00,72.949,73.091,72.416,72.539,31869
2026-03-26T18:00:00+00:00,72.539,72.814,71.951,72.207,37353
2026-03-26T18:30:00+00:00,72.207,73.044,72.166,72.89,30366
2026-03-26T19:00:00+00:00,72.89,73.182,72.49199999999999,72.663,26805
2026-03-26T19:30:00+00:00,72.663,73.056,72.211,72.404,32256
2026-03-26T20:00:00+00:00,72.404,74.366,72.279,73.717,55242
2026-03-26T20:30:00+00:00,73.717,74.074,73.16199999999999,73.335,28081
2026-03-26T22:00:00+00:00,73.335,74.907,73.335,74.682,9907.052116719155
2026-03-26T22:30:00+00:00,74.682,75.154,74.618,74.991,10999
2026-03-26T23:00:00+00:00,74.991,75.115,74.475,74.677,11451
2026-03-26T23:30:00+00:00,74.677,75.057,74.622,74.764,10535
2026-03-27T00:00:00+00:00,74.764,75.223,74.179,74.38,19081
2026-03-27T00:30:00+00:00,74.38,74.706,73.506,73.679,24031
2026-03-27T01:00:00+00:00,73.679,74.46600000000001,73.529,74.46000000000001,44514
2026-03-27T01:30:00+00:00,74.46000000000001,74.82000000000001,74.408,74.745,31445
2026-03-27T02:00:00+00:00,74.745,75.225,74.714,75.022,25947
2026-03-27T02:30:00+00:00,75.022,75.112,74.646,74.718,27836
2026-03-27T03:00:00+00:00,74.718,75.616,74.498,75.349,25758
2026-03-27T03:30:00+00:00,75.349,75.694,75.237,75.508,13772
2026-03-27T04:00:00+00:00,75.508,75.548,75.289,75.408,7972
2026-03-27T04:30:00+00:00,75.408,75.871,75.405,75.779,6957
2026-03-27T05:00:00+00:00,75.779,76.061,75.631,75.77,12605
2026-03-27T05:30:00+00:00,75.77,76.484,75.601,75.608,39858
2026-03-27T06:00:00+00:00,75.608,76.132,75.488,76.03,29811
2026-03-27T06:30:00+00:00,76.03,76.261,75.696,75.932,24835
2026-03-27T07:00:00+00:00,75.932,76.017,75.6,75.874,17160
2026-03-27T07:30:00+00:00,75.874,75.933,75.609,75.668,13287
2026-03-27T08:00:00+00:00,75.668,75.723,75.104,75.124,26088
2026-03-27T08:30:00+00:00,75.124,75.269,74.877,74.878,22485
2026-03-27T09:00:00+00:00,74.878,75.161,74.68900000000001,75.117,23455
2026-03-27T09:30:00+00:00,75.117,75.251,74.674,74.694,15707
2026-03-27T10:00:00+00:00,74.694,75.01,74.68,74.875,18770
2026-03-27T10:30:00+00:00,74.875,74.902,74.20700000000001,74.266,18163
2026-03-27T11:00:00+00:00,74.266,74.437,74.011,74.432,20677
2026-03-27T11:30:00+00:00,74.432,74.489,73.805,73.95100000000001,17866
2026-03-27T12:00:00+00:00,73.95100000000001,74.194,73.616,74.113,27238
2026-03-27T12:30:00+00:00,74.113,74.294,73.925,74.115,26145
2026-03-27T13:00:00+00:00,74.115,74.494,73.652,74.015,41242
2026-03-27T13:30:00+00:00,74.015,74.717,73.754,74.08500000000001,75069
2026-03-27T14:00:00+00:00,74.08500000000001,75.129,74.047,74.806,65699
2026-03-27T14:30:00+00:00,74.806,76.714,74.682,76.47,56049
2026-03-27T15:00:00+00:00,76.47,77.788,76.325,77.371,82071
2026-03-27T15:30:00+00:00,77.371,77.57000000000001,76.875,76.905,61253
2026-03-27T16:00:00+00:00,76.905,77.11,76.605,76.828,45773
2026-03-27T16:30:00+00:00,76.828,76.919,76.241,76.508,41368
2026-03-27T17:00:00+00:00,76.508,76.764,75.58500000000001,75.778,35962
2026-03-27T17:30:00+00:00,75.778,75.991,75.54,75.668,35084
2026-03-27T18:00:00+00:00,75.668,76.427,75.657,76.277,29288
2026-03-27T18:30:00+00:00,76.277,76.688,76.258,76.339,21080
2026-03-27T19:00:00+00:00,76.339,76.553,75.932,76.484,19761
2026-03-27T19:30:00+00:00,76.484,76.584,75.743,76.161,28868
2026-03-27T20:00:00+00:00,76.161,76.262,75.944,76.041,8983
2026-03-27T20:30:00+00:00,76.041,76.233,75.949,76.069,6496
2026-03-29T22:00:00+00:00,76.069,76.334,73.936,74.778,18991.706698646565
2026-03-29T22:30:00+00:00,74.778,75.105,74.48700000000001,74.56700000000001,22806
2026-03-29T23:00:00+00:00,74.56700000000001,74.774,74.19600000000001,74.52900000000001,22421
2026-03-29T23:30:00+00:00,74.52900000000001,74.56200000000001,73.58300000000001,74.022,31731
2026-03-30T00:00:00+00:00,74.022,74.88100000000001,73.665,74.52900000000001,63908
2026-03-30T00:30:00+00:00,74.52900000000001,74.775,74.185,74.278,42221
2026-03-30T01:00:00+00:00,74.278,75.26200000000001,74.14800000000001,74.581,65038
2026-03-30T01:30:00+00:00,74.581,74.87800000000001,74.37,74.74100000000001,40277
2026-03-30T02:00:00+00:00,74.74100000000001,74.959,74.515,74.64800000000001,27114
2026-03-30T02:30:00+00:00,74.64800000000001,75.33900000000001,74.43700000000001,75.054,32542
2026-03-30T03:00:00+00:00,75.054,76.554,74.99900000000001,76.07700000000001,33768
2026-03-30T03:30:00+00:00,76.07700000000001,76.24100000000001,75.73400000000001,75.75800000000001,14469
2026-03-30T04:00:00+00:00,75.75800000000001,76.021,75.63300000000001,75.986,14410
2026-03-30T04:30:00+00:00,75.986,76.087,75.76100000000001,76.04400000000001,11689
2026-03-30T05:00:00+00:00,76.04400000000001,76.50900000000001,76.025,76.17800000000001,13975
2026-03-30T05:30:00+00:00,76.17800000000001,76.798,75.95500000000001,76.48500000000001,32466
2026-03-30T06:00:00+00:00,76.48500000000001,76.9,76.406,76.527,32178
2026-03-30T06:30:00+00:00,76.527,76.78500000000001,76.296,76.33500000000001,29317
2026-03-30T07:00:00+00:00,76.33500000000001,76.47000000000001,75.918,75.94500000000001,22999
2026-03-30T07:30:00+00:00,75.94500000000001,76.48100000000001,75.918,76.47900000000001,19979
2026-03-30T08:00:00+00:00,76.47900000000001,76.66000000000001,76.188,76.38700000000001,21167
2026-03-30T08:30:00+00:00,76.38700000000001,77.01100000000001,76.37500000000001,76.80600000000001,17066
2026-03-30T09:00:00+00:00,76.80600000000001,76.99100000000001,76.501,76.79700000000001,21137
2026-03-30T09:30:00+00:00,76.79700000000001,77.152,76.63400000000001,76.989,17477
2026-03-30T10:00:00+00:00,76.989,77.00200000000001,76.667,76.69500000000001,13029
2026-03-30T10:30:00+00:00,76.69500000000001,76.87100000000001,76.57600000000001,76.652,13465
2026-03-30T11:00:00+00:00,76.652,77.3003,76.51400000000001,77.0893,25822.031873689964
2026-03-30T11:30:00+00:00,77.0893,77.5653,76.74629999999999,77.2093,40003
2026-03-30T12:00:00+00:00,77.2093,77.3703,76.8093,77.1263,26183
2026-03-30T12:30:00+00:00,77.1263,77.5453,77.0863,77.2593,30248
2026-03-30T13:00:00+00:00,77.2593,77.81129999999999,76.9253,77.1023,50515
2026-03-30T13:30:00+00:00,77.1023,77.3843,75.9343,76.16329999999999,110838
2026-03-30T14:00:00+00:00,76.16329999999999,76.7363,76.14129999999999,76.3013,71332
2026-03-30T14:30:00+00:00,76.3013,76.90629999999999,76.26629999999999,76.8733,62434
2026-03-30T15:00:00+00:00,76.8733,77.0033,76.56129999999999,76.90329999999999,58558
2026-03-30T15:30:00+00:00,76.90329999999999,77.18329999999999,76.79429999999999,76.93029999999999,42997
2026-03-30T16:00:00+00:00,76.93029999999999,76.9563,76.57629999999999,76.60029999999999,27774
2026-03-30T16:30:00+00:00,76.60029999999999,76.8813,76.44529999999999,76.48729999999999,20843
2026-03-30T17:00:00+00:00,76.48729999999999,76.5933,76.21329999999999,76.4413,38556
2026-03-30T17:30:00+00:00,76.4413,76.6853,76.1903,76.3513,30504
2026-03-30T18:00:00+00:00,76.3513,76.50829999999999,76.00829999999999,76.1173,21985
2026-03-30T18:30:00+00:00,76.1173,76.3643,75.8013,75.82929999999999,16391
2026-03-30T19:00:00+00:00,75.82929999999999,75.9253,75.5363,75.77529999999999,27243
2026-03-30T19:30:00+00:00,75.77529999999999,76.28229999999999,75.66529999999999,76.09129999999999,29991
2026-03-30T20:00:00+00:00,76.09129999999999,76.15429999999999,75.83529999999999,75.9203,5834
2026-03-30T20:30:00+00:00,75.9203,76.0693,75.8033,75.9803,4518
2026-03-30T22:00:00+00:00,75.9803,76.7063,75.9803,76.3763,8391.718216691334
2026-03-30T22:30:00+00:00,76.3763,76.43629999999999,76.2003,76.2303,4164
2026-03-30T23:00:00+00:00,76.2303,76.2303,75.82929999999999,76.08829999999999,11183
2026-03-30T23:30:00+00:00,76.08829999999999,76.3343,75.9703,76.21929999999999,7709
2026-03-31T00:00:00+00:00,76.21929999999999,76.6013,75.3033,75.86229999999999,31547
2026-03-31T00:30:00+00:00,75.86229999999999,77.0123,75.6903,76.9353,45706
2026-03-31T01:00:00+00:00,76.9353,78.1403,76.70729999999999,78.13029999999999,45677
2026-03-31T01:30:00+00:00,78.13029999999999,79.83529999999999,78.13029999999999,79.18329999999999,71221
2026-03-31T02:00:00+00:00,79.18329999999999,79.2153,78.6023,78.6783,35960
2026-03-31T02:30:00+00:00,78.6783,78.79029999999999,78.11829999999999,78.2093,34989
2026-03-31T03:00:00+00:00,78.2093,78.7053,78.1433,78.31429999999999,28906
2026-03-31T03:30:00+00:00,78.31429999999999,78.4233,78.14229999999999,78.2713,11820
2026-03-31T04:00:00+00:00,78.2713,78.51329999999999,78.24029999999999,78.3453,9301
2026-03-31T04:30:00+00:00,78.3453,78.58529999999999,78.3043,78.4973,10574
2026-03-31T05:00:00+00:00,78.4973,78.60929999999999,77.83829999999999,78.2423,15891
2026-03-31T05:30:00+00:00,78.2423,78.8123,77.9553,78.4263,31752
2026-03-31T06:00:00+00:00,78.4263,78.4433,78.05229999999999,78.2243,27375
2026-03-31T06:30:00+00:00,78.2243,78.48729999999999,78.1753,78.3453,23835
2026-03-31T07:00:00+00:00,78.3453,78.7123,77.9143,78.4383,25025
2026-03-31T07:30:00+00:00,78.4383,79.5483,78.42429999999999,79.3843,18515
2026-03-31T08:00:00+00:00,79.3843,79.7113,79.14829999999999,79.36829999999999,25202
2026-03-31T08:30:00+00:00,79.36829999999999,79.66329999999999,79.24929999999999,79.37729999999999,24203
2026-03-31T09:00:00+00:00,79.37729999999999,79.7833,79.3183,79.37729999999999,20944
2026-03-31T09:30:00+00:00,79.37729999999999,79.5123,78.9743,79.0683,19278
2026-03-31T10:00:00+00:00,79.0683,79.5563,79.02929999999999,79.10629999999999,16041
2026-03-31T10:30:00+00:00,79.10629999999999,79.2423,78.5513,78.9343,27025
2026-03-31T11:00:00+00:00,78.9343,79.6283,78.7773,79.3363,52254
2026-03-31T11:30:00+00:00,79.3363,79.72529999999999,79.1023,79.43029999999999,35929
2026-03-31T12:00:00+00:00,79.43029999999999,79.8273,78.9803,79.41629999999999,51037
2026-03-31T12:30:00+00:00,79.41629999999999,79.63329999999999,78.9313,79.1343,24438
2026-03-31T13:00:00+00:00,79.1343,79.44529999999999,78.8163,78.9953,41119
2026-03-31T13:30:00+00:00,78.9953,79.84729999999999,78.8693,79.64429999999999,71497
2026-03-31T14:00:00+00:00,79.64429999999999,80.4973,79.60929999999999,80.3393,73084
2026-03-31T14:30:00+00:00,80.3393,80.57029999999999,79.2423,79.4343,75886
2026-03-31T15:00:00+00:00,79.4343,80.3103,79.4343,79.85929999999999,48295
2026-03-31T15:30:00+00:00,79.85929999999999,80.3663,79.7213,79.9823,45789
2026-03-31T16:00:00+00:00,79.9823,80.28529999999999,79.92129999999999,80.23129999999999,29164
2026-03-31T16:30:00+00:00,80.23129999999999,81.35029999999999,80.17429999999999,80.8603,71833
2026-03-31T17:00:00+00:00,80.8603,81.4233,80.7273,80.8043,50066
2026-03-31T17:30:00+00:00,80.8043,81.2923,80.78129999999999,81.1053,34309
2026-03-31T18:00:00+00:00,81.1053,81.5633,81.0933,81.28829999999999,21818
2026-03-31T18:30:00+00:00,81.28829999999999,81.4763,81.0923,81.2623,17639
2026-03-31T19:00:00+00:00,81.2623,81.46929999999999,81.1083,81.3013,22657
2026-03-31T19:30:00+00:00,81.3013,81.5993,81.27329999999999,81.5683,23306
2026-03-31T20:00:00+00:00,81.5683,81.62129999999999,81.29929999999999,81.4503,7275
2026-03-31T20:30:00+00:00,81.4503,81.65429999999999,81.38929999999999,81.40429999999999,5705
2026-03-31T22:00:00+00:00,81.40429999999999,82.51029999999999,81.40429999999999,82.20429999999999,11214.537783416285
2026-03-31T22:30:00+00:00,82.20429999999999,82.42829999999998,82.00129999999999,82.13329999999998,12912
2026-03-31T23:00:00+00:00,82.13329999999998,82.17429999999999,81.82229999999998,81.88729999999998,6641
2026-03-31T23:30:00+00:00,81.88729999999998,82.08629999999998,81.70129999999999,81.75329999999998,7739
2026-04-01T00:00:00+00:00,81.75329999999998,82.09229999999998,81.68129999999998,82.08729999999998,17784
2026-04-01T00:30:00+00:00,82.08729999999998,82.09929999999999,81.54229999999998,82.02429999999998,12627
2026-04-01T01:00:00+00:00,82.02429999999998,82.60029999999999,81.24729999999998,81.70829999999998,43761
2026-04-01T01:30:00+00:00,81.70829999999998,81.70829999999998,81.13429999999998,81.46329999999999,25693
2026-04-01T02:00:00+00:00,81.46329999999999,81.73329999999999,81.34129999999999,81.41129999999998,23100
2026-04-01T02:30:00+00:00,81.41129999999998,81.44429999999998,80.79729999999998,80.88529999999999,16866
2026-04-01T03:00:00+00:00,80.88529999999999,81.16829999999999,80.87429999999998,80.99329999999998,12383
2026-04-01T03:30:00+00:00,80.99329999999998,81.07129999999998,80.87729999999998,80.92029999999998,5947
2026-04-01T04:00:00+00:00,80.92029999999998,80.93329999999999,80.65129999999998,80.87829999999998,6455
2026-04-01T04:30:00+00:00,80.87829999999998,81.25629999999998,80.73029999999999,81.05429999999998,6516
2026-04-01T05:00:00+00:00,81.05429999999998,81.46829999999999,81.05129999999998,81.45129999999999,7484
2026-04-01T05:30:00+00:00,81.45129999999999,81.72429999999999,80.89129999999999,81.03129999999999,16816
2026-04-01T06:00:00+00:00,81.03129999999999,82.08729999999998,80.98729999999998,81.88729999999998,23203
2026-04-01T06:30:00+00:00,81.88729999999998,82.27829999999999,81.66929999999998,82.21929999999999,20184
2026-04-01T07:00:00+00:00,82.21929999999999,82.25729999999999,81.63129999999998,81.71329999999999,14674
2026-04-01T07:30:00+00:00,81.71329999999999,81.93429999999998,80.78629999999998,80.87829999999998,17715
2026-04-01T08:00:00+00:00,80.87829999999998,81.53329999999998,80.82129999999998,81.30329999999998,18971
2026-04-01T08:30:00+00:00,81.30329999999998,81.56529999999998,81.23129999999999,81.31429999999999,16374
2026-04-01T09:00:00+00:00,81.31429999999999,81.43429999999998,81.03029999999998,81.13629999999998,14466
2026-04-01T09:30:00+00:00,81.13629999999998,81.51529999999998,81.05829999999999,81.35229999999999,12727
2026-04-01T10:00:00+00:00,81.35229999999999,81.53129999999999,81.19529999999999,81.51229999999998,12901
2026-04-01T10:30:00+00:00,81.51229999999998,81.86629999999998,81.43829999999998,81.76929999999999,12012
2026-04-01T11:00:00+00:00,81.76929999999999,82.12929999999999,81.66929999999998,81.99029999999998,14108
2026-04-01T11:30:00+00:00,81.99029999999998,82.35929999999998,81.95929999999998,82.04729999999998,15779
2026-04-01T12:00:00+00:00,82.04729999999998,82.08229999999999,81.55329999999998,81.79329999999999,20038
2026-04-01T12:30:00+00:00,81.79329999999999,82.53429999999999,81.52029999999998,81.55729999999998,43446
2026-04-01T13:00:00+00:00,81.55729999999998,82.00629999999998,81.28729999999999,81.92429999999999,41467
2026-04-01T13:30:00+00:00,81.92429999999999,82.31229999999998,81.48229999999998,81.60129999999998,77177
2026-04-01T14:00:00+00:00,81.60129999999998,82.10029999999999,81.30829999999999,81.79829999999998,60539
2026-04-01T14:30:00+00:00,81.79829999999998,82.39629999999998,81.51829999999998,82.26529999999998,53233
2026-04-01T15:00:00+00:00,82.26529999999998,82.65929999999999,82.20429999999999,82.25129999999999,31620
2026-04-01T15:30:00+00:00,82.25129999999999,82.70129999999999,82.14829999999998,82.58929999999998,26481
2026-04-01T16:00:00+00:00,82.58929999999998,82.73629999999999,82.31729999999999,82.39029999999998,22354
2026-04-01T16:30:00+00:00,82.39029999999998,82.77229999999999,82.37129999999998,82.76029999999999,13516
2026-04-01T17:00:00+00:00,82.76029999999999,82.97129999999999,82.66529999999999,82.89029999999998,16591
2026-04-01T17:30:00+00:00,82.89029999999998,83.06629999999998,82.72129999999999,82.78429999999999,18675
2026-04-01T18:00:00+00:00,82.78429999999999,82.81129999999999,81.97129999999999,82.02329999999998,35596
2026-04-01T18:30:00+00:00,82.02329999999998,82.57629999999999,81.80229999999999,82.10029999999999,27783
2026-04-01T19:00:00+00:00,82.10029999999999,82.41029999999998,82.03229999999998,82.35929999999998,21776
2026-04-01T19:30:00+00:00,82.35929999999998,82.57929999999999,82.04129999999998,82.13929999999998,25686
2026-04-01T20:00:00+00:00,82.13929999999998,82.29729999999998,81.96429999999998,82.08529999999999,5142
2026-04-01T20:30:00+00:00,82.08529999999999,82.12129999999998,81.86529999999998,82.07229999999998,5205
2026-04-01T22:00:00+00:00,82.07229999999998,83.54130000000002,74.43469999999998,75.17004999999997,1510.778337085058
2026-04-01T22:30:00+00:00,75.17004999999997,75.52204999999998,75.12704999999997,75.40504999999997,7307
2026-04-01T23:00:00+00:00,75.40504999999997,75.89104999999998,75.35504999999998,75.76704999999997,7192
2026-04-01T23:30:00+00:00,75.76704999999997,75.87304999999998,75.32904999999997,75.39304999999997,7096
2026-04-02T00:00:00+00:00,75.39304999999997,75.94904999999997,75.30704999999998,75.68304999999997,16858
2026-04-02T00:30:00+00:00,75.68304999999997,75.88104999999997,75.44504999999997,75.61204999999997,17863
2026-04-02T01:00:00+00:00,75.61204999999997,75.71504999999998,73.03104999999998,73.11104999999998,89980
2026-04-02T01:30:00+00:00,73.11104999999998,73.46504999999998,72.39104999999998,73.07004999999997,70950
2026-04-02T02:00:00+00:00,73.07004999999997,73.21504999999998,72.53504999999997,72.64804999999997,41512
2026-04-02T02:30:00+00:00,72.64804999999997,72.65604999999998,71.61004999999997,72.34004999999998,41047
2026-04-02T03:00:00+00:00,72.34004999999998,72.51704999999997,72.01904999999998,72.32904999999997,28978
2026-04-02T03:30:00+00:00,72.32904999999997,72.44304999999997,72.10104999999997,72.23304999999998,15233
2026-04-02T04:00:00+00:00,72.23304999999998,72.33904999999997,71.75704999999998,71.83604999999997,17023
2026-04-02T04:30:00+00:00,71.83604999999997,72.08504999999997,71.65204999999997,72.07404999999997,11890
2026-04-02T05:00:00+00:00,72.07404999999997,72.15604999999998,71.81604999999998,71.99204999999998,16175
2026-04-02T05:30:00+00:00,71.99204999999998,72.02504999999998,70.32904999999997,70.79904999999998,49454
2026-04-02T06:00:00+00:00,70.79904999999998,70.94304999999997,69.71304999999997,70.45104999999997,47553
2026-04-02T06:30:00+00:00,70.45104999999997,70.92704999999997,70.30804999999997,70.73504999999997,39367
2026-04-02T07:00:00+00:00,70.73504999999997,71.26804999999997,70.66004999999997,71.19504999999997,25818
2026-04-02T07:30:00+00:00,71.19504999999997,71.66304999999997,71.16904999999997,71.65604999999998,15238
2026-04-02T08:00:00+00:00,71.65604999999998,71.83404999999998,71.47604999999997,71.58604999999997,22606
2026-04-02T08:30:00+00:00,71.58604999999997,71.86904999999997,71.25704999999998,71.28504999999997,23298
2026-04-02T09:00:00+00:00,71.28504999999997,71.62304999999998,71.14904999999997,71.38804999999998,17033
2026-04-02T09:30:00+00:00,71.38804999999998,71.51604999999998,71.08704999999998,71.11004999999997,15499
2026-04-02T10:00:00+00:00,71.11004999999997,71.39004999999997,70.67904999999998,70.86904999999997,18354
2026-04-02T10:30:00+00:00,70.86904999999997,71.15004999999998,70.64404999999998,70.98104999999997,13980
2026-04-02T11:00:00+00:00,70.98104999999997,71.32504999999998,70.86704999999998,70.92104999999998,17201
2026-04-02T11:30:00+00:00,70.92104999999998,71.01304999999998,70.33204999999997,70.69804999999997,29093
2026-04-02T12:00:00+00:00,70.69804999999997,71.07804999999998,70.49704999999997,70.81604999999998,26982
2026-04-02T12:30:00+00:00,70.81604999999998,70.96304999999997,70.14604999999997,70.20104999999997,19769
2026-04-02T13:00:00+00:00,70.20104999999997,70.52304999999997,69.62104999999997,70.29904999999998,50708
2026-04-02T13:30:00+00:00,70.29904999999998,71.57504999999998,70.21804999999998,71.49504999999998,71461
2026-04-02T14:00:00+00:00,71.49504999999998,72.07104999999997,71.18604999999997,71.79704999999997,62808
2026-04-02T14:30:00+00:00,71.79704999999997,73.28204999999997,71.75004999999997,72.76404999999997,95016
2026-04-02T15:00:00+00:00,72.76404999999997,72.82654999999995,72.01454999999996,72.21954999999996,63823.8869729899
2026-04-02T15:30:00+00:00,72.21954999999996,72.46254999999996,71.71654999999996,72.01954999999997,48389
2026-04-02T16:00:00+00:00,72.01954999999997,72.28354999999996,71.75754999999997,71.97454999999997,38744
2026-04-02T16:30:00+00:00,71.97454999999997,72.80154999999996,71.96854999999996,72.43454999999996,32540
2026-04-02T17:00:00+00:00,72.43454999999996,72.99554999999997,72.42154999999995,72.46754999999996,29711
2026-04-02T17:30:00+00:00,72.46754999999996,72.59054999999996,72.29854999999996,72.37054999999997,26845
2026-04-02T18:00:00+00:00,72.37054999999997,72.74254999999997,72.36254999999996,72.55554999999995,24283
2026-04-02T18:30:00+00:00,72.55554999999995,72.88854999999997,72.47454999999997,72.79954999999995,19179
2026-04-02T19:00:00+00:00,72.79954999999995,73.04454999999996,72.51354999999997,72.53354999999996,21961
2026-04-02T19:30:00+00:00,72.53354999999996,72.86754999999997,72.45454999999995,72.72054999999996,19588
2026-04-02T20:00:00+00:00,72.72054999999996,72.90254999999996,72.68154999999996,72.88554999999997,5803
2026-04-02T20:30:00+00:00,72.88554999999997,73.10854999999997,72.88054999999996,73.03154999999997,6747
2026-04-03T11:00:00+00:00,72.802,72.812,72.802,72.812,3
2026-04-05T22:00:00+00:00,72.812,73.43299999999999,71.331,72.046,19413.593953356776
2026-04-05T22:30:00+00:00,72.046,72.424,71.886,72.287,17306
2026-04-05T23:00:00+00:00,72.287,72.486,71.915,71.928,10694
2026-04-05T23:30:00+00:00,71.928,72.102,71.763,71.882,8140
2026-04-06T00:00:00+00:00,71.882,72.748,71.825,72.068,23461
2026-04-06T00:30:00+00:00,72.068,72.637,72.068,72.487,14018
2026-04-06T01:00:00+00:00,72.487,72.744,72.215,72.534,15373
2026-04-06T01:30:00+00:00,72.534,72.599,72.051,72.16,12346
2026-04-06T02:00:00+00:00,72.16,73.413,71.977,73.015,16538
2026-04-06T02:30:00+00:00,73.015,73.155,72.557,72.58200000000001,16972
2026-04-06T03:00:00+00:00,72.58200000000001,72.58800000000001,71.973,72.171,15612
2026-04-06T03:30:00+00:00,72.171,72.236,71.95,72.20400000000001,8944
2026-04-06T04:00:00+00:00,72.20400000000001,72.473,72.191,72.373,7904
2026-04-06T04:30:00+00:00,72.373,72.69,72.297,72.678,5824
2026-04-06T05:00:00+00:00,72.678,73.022,72.666,72.721,8455
2026-04-06T05:30:00+00:00,72.721,72.792,72.417,72.425,7442
2026-04-06T06:00:00+00:00,72.425,72.631,72.151,72.46300000000001,10473
2026-04-06T06:30:00+00:00,72.46300000000001,72.75,72.34,72.732,12964
2026-04-06T07:00:00+00:00,72.732,72.756,71.96000000000001,72.078,14886
2026-04-06T07:30:00+00:00,72.078,72.878,72.017,72.732,14258
2026-04-06T08:00:00+00:00,72.732,73.173,72.67,73.029,15533
2026-04-06T08:30:00+00:00,73.029,73.443,73.004,73.384,11396
2026-04-06T09:00:00+00:00,73.384,73.784,73.384,73.75,11843
2026-04-06T09:30:00+00:00,73.75,73.815,73.237,73.302,14389
2026-04-06T10:00:00+00:00,73.302,73.513,73.208,73.31400000000001,10990
2026-04-06T10:30:00+00:00,73.31400000000001,73.589,73.177,73.496,15185
2026-04-06T11:00:00+00:00,73.496,73.782,73.368,73.519,12029
2026-04-06T11:30:00+00:00,73.519,73.807,73.428,73.507,11014
2026-04-06T12:00:00+00:00,73.507,73.812,73.07600000000001,73.295,13471
2026-04-06T12:30:00+00:00,73.295,73.70700000000001,73.235,73.32600000000001,11696
2026-04-06T13:00:00+00:00,73.32600000000001,73.422,72.765,73.021,15647
2026-04-06T13:30:00+00:00,73.021,73.263,72.503,72.94,47346
2026-04-06T14:00:00+00:00,72.94,73.347,72.43,73.134,48528
2026-04-06T14:30:00+00:00,73.134,73.284,72.714,73.05,47756
2026-04-06T15:00:00+00:00,73.05,73.083,72.291,72.604,32930
2026-04-06T15:30:00+00:00,72.604,72.906,72.385,72.872,25537
2026-04-06T16:00:00+00:00,72.872,73.107,72.82300000000001,72.955,18114
2026-04-06T16:30:00+00:00,72.955,73.075,72.81400000000001,72.841,17930
2026-04-06T17:00:00+00:00,72.841,73.222,72.417,73.07000000000001,28863
2026-04-06T17:30:00+00:00,73.07000000000001,73.417,72.927,72.931,15133
2026-04-06T18:00:00+00:00,72.931,73.486,72.804,73.268,23994
2026-04-06T18:30:00+00:00,73.268,73.436,73.018,73.414,14641
2026-04-06T19:00:00+00:00,73.414,73.469,73.166,73.257,13708
2026-04-06T19:30:00+00:00,73.257,73.489,73.168,73.275,12475
2026-04-06T20:00:00+00:00,73.275,73.312,73.164,73.261,4189
2026-04-06T20:30:00+00:00,73.261,73.31900000000002,72.99700000000001,73.02600000000001,3648.957683994995
2026-04-06T22:00:00+00:00,73.02600000000001,74.20100000000001,73.02600000000001,73.84500000000001,9385.961080504709
2026-04-06T22:30:00+00:00,73.84500000000001,73.9,73.662,73.69800000000001,3517
2026-04-06T23:00:00+00:00,73.69800000000001,73.83900000000001,73.60000000000001,73.602,2994
2026-04-06T23:30:00+00:00,73.602,73.668,73.45200000000001,73.62100000000001,4217
2026-04-07T00:00:00+00:00,73.62100000000001,73.82700000000001,73.38700000000001,73.781,14307
2026-04-07T00:30:00+00:00,73.781,73.82700000000001,73.29400000000001,73.31000000000002,7874
2026-04-07T01:00:00+00:00,73.31000000000002,73.87500000000001,72.29700000000001,73.629,55241
2026-04-07T01:30:00+00:00,73.629,73.846,72.59400000000001,72.83300000000001,48175
2026-04-07T02:00:00+00:00,72.83300000000001,72.918,72.522,72.90700000000001,29057
2026-04-07T02:30:00+00:00,72.90700000000001,73.4,72.83300000000001,73.30300000000001,21804
2026-04-07T03:00:00+00:00,73.30300000000001,73.48,72.855,72.94900000000001,24539
2026-04-07T03:30:00+00:00,72.94900000000001,73.47500000000001,72.924,73.43,6875
2026-04-07T04:00:00+00:00,73.43,73.54700000000001,73.27600000000001,73.40200000000002,6688
2026-04-07T04:30:00+00:00,73.40200000000002,74.14200000000001,73.397,73.846,8115
2026-04-07T05:00:00+00:00,73.846,73.87100000000001,72.69400000000002,72.77100000000002,9915
2026-04-07T05:30:00+00:00,72.77100000000002,73.15700000000001,72.50600000000001,73.00000000000001,28727
2026-04-07T06:00:00+00:00,73.00000000000001,73.21400000000001,72.89300000000001,73.058,21705
2026-04-07T06:30:00+00:00,73.058,73.23400000000001,72.89000000000001,73.01100000000001,15579
2026-04-07T07:00:00+00:00,73.01100000000001,73.263,72.72900000000001,72.74100000000001,15676
2026-04-07T07:30:00+00:00,72.74100000000001,73.052,72.602,73.001,9111
2026-04-07T08:00:00+00:00,73.001,73.74000000000001,72.96700000000001,73.44700000000002,28045
2026-04-07T08:30:00+00:00,73.44700000000002,73.72500000000001,73.39300000000001,73.60600000000001,19056
2026-04-07T09:00:00+00:00,73.60600000000001,73.894,73.54500000000002,73.77700000000002,14391
2026-04-07T09:30:00+00:00,73.77700000000002,73.78000000000002,73.14000000000001,73.44000000000001,13839
2026-04-07T10:00:00+00:00,73.44000000000001,73.629,72.91700000000002,73.165,26194
2026-04-07T10:30:00+00:00,73.165,73.272,72.67300000000002,72.86200000000001,24551
2026-04-07T11:00:00+00:00,72.86200000000001,72.95800000000001,72.44900000000001,72.727,17829
2026-04-07T11:30:00+00:00,72.727,72.98200000000001,72.68100000000001,72.903,13361
2026-04-07T12:00:00+00:00,72.903,73.18100000000001,72.69400000000002,73.12400000000001,23646
2026-04-07T12:30:00+00:00,73.12400000000001,73.19900000000001,72.20400000000001,72.623,19338
2026-04-07T13:00:00+00:00,72.623,73.05900000000001,72.48100000000001,72.85900000000001,29725
2026-04-07T13:30:00+00:00,72.85900000000001,73.00600000000001,71.95200000000001,72.00000000000001,65328
2026-04-07T14:00:00+00:00,72.00000000000001,72.00000000000001,70.54,71.57000000000001,67472
2026-04-07T14:30:00+00:00,71.57000000000001,72.025,71.29400000000001,71.32600000000001,45370
2026-04-07T15:00:00+00:00,71.32600000000001,72.08100000000002,71.09700000000001,71.95800000000001,47937
2026-04-07T15:30:00+00:00,71.95800000000001,72.21200000000002,71.70400000000001,72.186,31981
2026-04-07T16:00:00+00:00,72.186,72.53000000000002,72.08400000000002,72.37400000000001,47168
2026-04-07T16:30:00+00:00,72.37400000000001,72.55900000000001,72.272,72.31700000000001,18034
2026-04-07T17:00:00+00:00,72.31700000000001,72.754,72.29700000000001,72.63000000000001,18389
2026-04-07T17:30:00+00:00,72.63000000000001,73.14200000000001,72.63000000000001,72.82900000000001,31223
2026-04-07T18:00:00+00:00,72.82900000000001,72.96100000000001,72.69900000000001,72.76200000000001,21266
2026-04-07T18:30:00+00:00,72.76200000000001,72.96300000000001,72.03600000000002,72.09700000000001,17660
2026-04-07T19:00:00+00:00,72.09700000000001,73.32500000000002,72.028,72.906,46408
2026-04-07T19:30:00+00:00,72.906,73.82800000000002,72.84400000000001,73.59,56983
2026-04-07T20:00:00+00:00,73.59,73.858,73.46700000000001,73.73100000000001,18484
2026-04-07T20:30:00+00:00,73.73100000000001,73.99400000000001,73.51200000000001,73.727,18758
2026-04-07T22:00:00+00:00,73.727,75.64400000000002,73.727,75.30800000000002,19109.77345378735
2026-04-07T22:30:00+00:00,75.30800000000002,77.79300000000002,74.80100000000002,77.77000000000002,45860
2026-04-07T23:00:00+00:00,77.77000000000002,78.37500000000001,77.57400000000001,78.01200000000001,40335
2026-04-07T23:30:00+00:00,78.01200000000001,78.07100000000001,77.44300000000001,78.01200000000001,24861
2026-04-08T00:00:00+00:00,78.01200000000001,78.64100000000002,77.55800000000002,77.70000000000002,49648
2026-04-08T00:30:00+00:00,77.70000000000002,78.31000000000002,77.46800000000002,78.10500000000002,25381
2026-04-08T01:00:00+00:00,78.10500000000002,78.46100000000001,77.46900000000002,77.54400000000003,50193
2026-04-08T01:30:00+00:00,77.54400000000003,78.11900000000001,77.44100000000002,77.98900000000002,26144
2026-04-08T02:00:00+00:00,77.98900000000002,78.18900000000002,77.87600000000002,78.01000000000002,12508
2026-04-08T02:30:00+00:00,78.01000000000002,78.13300000000002,77.72200000000002,77.84900000000002,13968
2026-04-08T03:00:00+00:00,77.84900000000002,77.87800000000001,77.61800000000002,77.71400000000001,9960
2026-04-08T03:30:00+00:00,77.71400000000001,77.83500000000002,77.55100000000002,77.73600000000002,6238
2026-04-08T04:00:00+00:00,77.73600000000002,78.03700000000002,77.73600000000002,78.02200000000002,8561
2026-04-08T04:30:00+00:00,78.02200000000002,78.13700000000001,77.94600000000001,78.10200000000002,6240
2026-04-08T05:00:00+00:00,78.10200000000002,78.48100000000002,77.99900000000002,78.48100000000002,7561
2026-04-08T05:30:00+00:00,78.48100000000002,78.93100000000001,78.23500000000001,78.70400000000002,17263
2026-04-08T06:00:00+00:00,78.70400000000002,79.02200000000002,78.66300000000003,78.97000000000001,19318
2026-04-08T06:30:00+00:00,78.97000000000001,79.10100000000001,78.63100000000001,78.65500000000002,17104
2026-04-08T07:00:00+00:00,78.65500000000002,78.81800000000001,78.42400000000002,78.49900000000002,16987
2026-04-08T07:30:00+00:00,78.49900000000002,78.58100000000002,78.43600000000002,78.45900000000002,11310
2026-04-08T08:00:00+00:00,78.45900000000002,78.52800000000002,78.08200000000002,78.27200000000002,14606
2026-04-08T08:30:00+00:00,78.27200000000002,78.42800000000001,78.00700000000002,78.36700000000002,17191
2026-04-08T09:00:00+00:00,78.36700000000002,78.66000000000003,78.34200000000001,78.37300000000002,7113
2026-04-08T09:30:00+00:00,78.37300000000002,78.47500000000002,78.07200000000002,78.15600000000002,13494
2026-04-08T10:00:00+00:00,78.15600000000002,78.45200000000001,78.05200000000002,78.32900000000002,9592
2026-04-08T10:30:00+00:00,78.32900000000002,78.43100000000001,78.24100000000001,78.24700000000001,6962
2026-04-08T11:00:00+00:00,78.24700000000001,78.94500000000002,78.13800000000002,78.77700000000002,14776
2026-04-08T11:30:00+00:00,78.77700000000002,78.96300000000002,78.41300000000003,78.70900000000002,21251
2026-04-08T12:00:00+00:00,78.70900000000002,78.93400000000001,77.89000000000001,78.39300000000001,34881
2026-04-08T12:30:00+00:00,78.39300000000001,78.98000000000002,78.38000000000002,78.87600000000002,19480
2026-04-08T13:00:00+00:00,78.87600000000002,79.14600000000002,78.33300000000001,78.44500000000002,31542
2026-04-08T13:30:00+00:00,78.44500000000002,78.67400000000002,77.73500000000001,77.92600000000002,73771
2026-04-08T14:00:00+00:00,77.92600000000002,78.19800000000002,77.17700000000002,77.34000000000002,74902
2026-04-08T14:30:00+00:00,77.34000000000002,77.45000000000002,76.15300000000002,76.30800000000002,63622
2026-04-08T15:00:00+00:00,76.30800000000002,76.88600000000002,76.25200000000002,76.72600000000001,32049
2026-04-08T15:30:00+00:00,76.72600000000001,77.12900000000002,76.71300000000002,76.97300000000001,19713
2026-04-08T16:00:00+00:00,76.97300000000001,77.23700000000002,76.64000000000001,76.78600000000002,28478
2026-04-08T16:30:00+00:00,76.78600000000002,77.16400000000002,76.70300000000002,76.99000000000002,19008
2026-04-08T17:00:00+00:00,76.99000000000002,76.99700000000001,76.69100000000002,76.91500000000002,21062
2026-04-08T17:30:00+00:00,76.91500000000002,77.00300000000001,76.60400000000001,76.63800000000002,26340
2026-04-08T18:00:00+00:00,76.63800000000002,76.84700000000002,75.76200000000001,75.95800000000001,45811
2026-04-08T18:30:00+00:00,75.95800000000001,76.09600000000002,75.03100000000002,75.07100000000001,31753
2026-04-08T19:00:00+00:00,75.07100000000001,75.76300000000002,74.92800000000001,75.46900000000002,26780
2026-04-08T19:30:00+00:00,75.46900000000002,76.02400000000002,75.45300000000002,76.01800000000001,22303
2026-04-08T20:00:00+00:00,76.01800000000001,76.10600000000002,75.67500000000003,75.73300000000002,5102
2026-04-08T20:30:00+00:00,75.73300000000002,75.84900000000002,75.49300000000002,75.52300000000002,3707
2026-04-08T22:00:00+00:00,75.52300000000002,76.33900000000001,75.52300000000002,75.91900000000001,10785.111089519367
2026-04-08T22:30:00+00:00,75.91900000000001,76.21000000000002,75.73500000000001,76.19300000000001,7904
2026-04-08T23:00:00+00:00,76.19300000000001,76.19300000000001,75.66400000000002,75.68800000000002,7879.007042700337
2026-04-08T23:30:00+00:00,75.68800000000002,75.98900000000002,75.56500000000001,75.802,6562
2026-04-09T00:00:00+00:00,75.802,75.89900000000002,75.43700000000001,75.77000000000001,19342
2026-04-09T00:30:00+00:00,75.77000000000001,76.07300000000001,75.537,75.59000000000002,13958
2026-04-09T01:00:00+00:00,75.59000000000002,75.95500000000001,74.92000000000002,74.95900000000002,36250
2026-04-09T01:30:00+00:00,74.95900000000002,75.96500000000002,74.912,75.90800000000002,24299
2026-04-09T02:00:00+00:00,75.90800000000002,76.18100000000001,75.77700000000002,76.07000000000001,12433
2026-04-09T02:30:00+00:00,76.07000000000001,76.55700000000002,75.82300000000001,75.83100000000002,15676
2026-04-09T03:00:00+00:00,75.83100000000002,76.01400000000001,75.71000000000001,75.92000000000002,13217
2026-04-09T03:30:00+00:00,75.92000000000002,76.11400000000002,75.84700000000001,76.052,6106
2026-04-09T04:00:00+00:00,76.052,76.29800000000002,76.00600000000001,76.04700000000001,5538
2026-04-09T04:30:00+00:00,76.04700000000001,76.26500000000001,75.96200000000002,76.12100000000001,5183
2026-04-09T05:00:00+00:00,76.12100000000001,76.24500000000002,75.92200000000001,76.23100000000001,8522
2026-04-09T05:30:00+00:00,76.23100000000001,76.23700000000001,75.781,76.00800000000001,14297
2026-04-09T06:00:00+00:00,76.00800000000001,76.19700000000002,75.82200000000002,75.99300000000001,12433
2026-04-09T06:30:00+00:00,75.99300000000001,76.10200000000002,75.772,76.01900000000002,14226
2026-04-09T07:00:00+00:00,76.01900000000002,76.35100000000001,75.71000000000001,75.73100000000001,14865
2026-04-09T07:30:00+00:00,75.73100000000001,76.31800000000001,75.662,76.153,21566
2026-04-09T08:00:00+00:00,76.153,76.34600000000002,75.903,76.00400000000002,14615
2026-04-09T08:30:00+00:00,76.00400000000002,76.27300000000001,75.97100000000002,76.12900000000002,8958
2026-04-09T09:00:00+00:00,76.12900000000002,76.20900000000002,75.88100000000001,76.12700000000001,9177
2026-04-09T09:30:00+00:00,76.12700000000001,76.305,75.95300000000002,76.10500000000002,8675
2026-04-09T10:00:00+00:00,76.10500000000002,76.29700000000001,75.91600000000001,76.27400000000002,11921
2026-04-09T10:30:00+00:00,76.27400000000002,76.31000000000002,76.09500000000001,76.10300000000001,11872
2026-04-09T11:00:00+00:00,76.10300000000001,76.37100000000001,76.10100000000001,76.33900000000001,12588
2026-04-09T11:30:00+00:00,76.33900000000001,76.662,76.275,76.63600000000001,12254
2026-04-09T12:00:00+00:00,76.63600000000001,76.805,76.19700000000002,76.27700000000002,15559
2026-04-09T12:30:00+00:00,76.27700000000002,76.51000000000002,76.156,76.46900000000001,19676
2026-04-09T13:00:00+00:00,76.46900000000001,76.81800000000001,76.25700000000002,76.73700000000001,29113
2026-04-09T13:30:00+00:00,76.73700000000001,77.42000000000002,76.66900000000001,77.07800000000002,70942
2026-04-09T14:00:00+00:00,77.07800000000002,77.37600000000002,76.72300000000001,76.82200000000002,59815
2026-04-09T14:30:00+00:00,76.82200000000002,76.95500000000001,76.26300000000002,76.90400000000001,49461
2026-04-09T15:00:00+00:00,76.90400000000001,77.74100000000001,76.68800000000002,77.35200000000002,46399
2026-04-09T15:30:00+00:00,77.35200000000002,78.06700000000001,77.32900000000001,77.87200000000001,70056
2026-04-09T16:00:00+00:00,77.87200000000001,78.32500000000002,77.86400000000002,78.20200000000001,45324
2026-04-09T16:30:00+00:00,78.20200000000001,78.31700000000001,77.927,78.02000000000001,37154
2026-04-09T17:00:00+00:00,78.02000000000001,78.55300000000001,78.01500000000001,78.38900000000001,26773
2026-04-09T17:30:00+00:00,78.38900000000001,78.83000000000001,78.22500000000001,78.53500000000001,26882
2026-04-09T18:00:00+00:00,78.53500000000001,78.55600000000001,77.91600000000001,78.13700000000001,53715
2026-04-09T18:30:00+00:00,78.13700000000001,78.26200000000001,77.69100000000002,77.81400000000001,32253
2026-04-09T19:00:00+00:00,77.81400000000001,78.10500000000002,77.72900000000001,77.83100000000002,23727
2026-04-09T19:30:00+00:00,77.83100000000002,77.97100000000002,77.58200000000001,77.62800000000001,29977
2026-04-09T20:00:00+00:00,77.62800000000001,77.78000000000002,77.57800000000002,77.73700000000001,4023
2026-04-09T20:30:00+00:00,77.73700000000001,77.75700000000002,77.26300000000002,77.39100000000002,6280
2026-04-09T22:00:00+00:00,77.39100000000002,78.43600000000002,77.39100000000002,78.05800000000002,8008.270362042858
2026-04-09T22:30:00+00:00,78.05800000000002,78.14600000000002,77.95400000000002,78.14600000000002,4871
2026-04-09T23:00:00+00:00,78.14600000000002,78.14600000000002,77.96100000000001,78.04500000000002,3797
2026-04-09T23:30:00+00:00,78.04500000000002,78.23800000000001,78.04500000000002,78.18600000000002,4861
2026-04-10T00:00:00+00:00,78.18600000000002,78.21500000000002,77.71400000000001,77.81000000000002,12221
2026-04-10T00:30:00+00:00,77.81000000000002,78.25600000000001,77.79900000000002,78.19800000000002,9029
2026-04-10T01:00:00+00:00,78.19800000000002,78.62600000000002,78.19200000000002,78.33100000000002,22448
2026-04-10T01:30:00+00:00,78.33100000000002,78.66700000000002,78.23200000000001,78.32800000000002,19277
2026-04-10T02:00:00+00:00,78.32800000000002,78.36500000000002,77.90100000000001,77.95100000000002,16044
2026-04-10T02:30:00+00:00,77.95100000000002,78.44000000000001,77.69700000000002,78.38900000000001,17306
2026-04-10T03:00:00+00:00,78.38900000000001,78.64300000000001,78.38900000000001,78.52700000000002,14642
2026-04-10T03:30:00+00:00,78.52700000000002,78.79800000000002,78.52600000000001,78.69200000000002,8428
2026-04-10T04:00:00+00:00,78.69200000000002,78.77000000000001,78.60300000000002,78.68500000000002,5004
2026-04-10T04:30:00+00:00,78.68500000000002,78.72600000000001,78.54300000000002,78.59500000000001,4951
2026-04-10T05:00:00+00:00,78.59500000000001,78.92400000000002,78.58600000000001,78.71300000000002,5821
2026-04-10T05:30:00+00:00,78.71300000000002,79.00500000000001,78.66300000000001,78.75700000000002,11206
2026-04-10T06:00:00+00:00,78.75700000000002,78.75700000000002,78.26300000000002,78.28400000000002,15986
2026-04-10T06:30:00+00:00,78.28400000000002,78.45700000000002,78.10600000000002,78.14900000000002,18303
2026-04-10T07:00:00+00:00,78.14900000000002,78.43800000000002,78.04300000000002,78.39900000000002,13706
2026-04-10T07:30:00+00:00,78.39900000000002,78.48900000000002,78.09200000000001,78.15700000000001,10865
2026-04-10T08:00:00+00:00,78.15700000000001,78.29200000000002,77.96600000000002,78.10900000000002,14871
2026-04-10T08:30:00+00:00,78.10900000000002,78.17000000000002,77.60100000000001,77.70200000000001,13339
2026-04-10T09:00:00+00:00,77.70200000000001,78.34900000000002,77.70200000000001,78.05600000000001,20268
2026-04-10T09:30:00+00:00,78.05600000000001,78.22200000000002,77.92900000000002,78.21100000000001,11220
2026-04-10T10:00:00+00:00,78.21100000000001,78.35500000000002,77.95800000000001,78.32200000000002,9039
2026-04-10T10:30:00+00:00,78.32200000000002,78.41600000000001,78.23800000000001,78.36100000000002,6552
2026-04-10T11:00:00+00:00,78.36100000000002,78.37400000000002,78.20100000000002,78.35400000000001,6653
2026-04-10T11:30:00+00:00,78.35400000000001,78.57800000000002,78.27900000000001,78.42800000000001,6854
2026-04-10T12:00:00+00:00,78.42800000000001,78.68700000000001,78.32600000000002,78.66100000000002,14419
2026-04-10T12:30:00+00:00,78.66100000000002,78.90400000000001,78.28200000000001,78.67200000000001,25970
2026-04-10T13:00:00+00:00,78.67200000000001,79.34500000000001,78.55500000000002,79.13400000000001,32885
2026-04-10T13:30:00+00:00,79.13400000000001,79.26800000000001,78.77200000000002,79.07100000000001,49699
2026-04-10T14:00:00+00:00,79.07100000000001,79.59800000000001,78.78400000000002,79.52800000000002,38610
2026-04-10T14:30:00+00:00,79.52800000000002,79.61900000000001,78.98900000000002,79.06600000000002,41263
2026-04-10T15:00:00+00:00,79.06600000000002,79.45700000000002,78.86600000000001,79.19300000000001,29274
2026-04-10T15:30:00+00:00,79.19300000000001,79.29800000000002,78.57600000000002,78.73500000000001,44521
2026-04-10T16:00:00+00:00,78.73500000000001,78.94700000000002,78.49700000000001,78.79000000000002,35457
2026-04-10T16:30:00+00:00,78.79000000000002,79.01800000000001,78.72400000000002,78.97600000000001,27060
2026-04-10T17:00:00+00:00,78.97600000000001,79.15700000000001,78.81800000000001,78.98000000000002,23209
2026-04-10T17:30:00+00:00,78.98000000000002,79.11200000000002,78.91300000000001,78.968,14276.465748140647
2026-04-10T18:00:00+00:00,78.968,79.191,78.751,79.13900000000001,17505
2026-04-10T18:30:00+00:00,79.13900000000001,79.27600000000001,78.959,79.177,15814
2026-04-10T19:00:00+00:00,79.177,79.28,79.114,79.21100000000001,13001
2026-04-10T19:30:00+00:00,79.21100000000001,79.262,79.04,79.13300000000001,19700
2026-04-10T20:00:00+00:00,79.13300000000001,79.167,78.792,78.86200000000001,2781
2026-04-10T20:30:00+00:00,78.86200000000001,78.97900000000001,78.828,78.97900000000001,485
2026-04-12T22:00:00+00:00,78.97900000000001,78.97900000000001,73.589,73.936,23943.023776223774
2026-04-12T22:30:00+00:00,73.936,74.553,73.883,74.517,11033
2026-04-12T23:00:00+00:00,74.517,74.529,73.824,74.299,10612
2026-04-12T23:30:00+00:00,74.299,74.934,74.184,74.789,9386
2026-04-13T00:00:00+00:00,74.789,75.029,74.679,74.82600000000001,17583
2026-04-13T00:30:00+00:00,74.82600000000001,75.639,74.773,75.492,15958
2026-04-13T01:00:00+00:00,75.492,75.778,75.33500000000001,75.44,37072
2026-04-13T01:30:00+00:00,75.44,75.581,75.21300000000001,75.375,23508
2026-04-13T02:00:00+00:00,75.375,75.528,75.22,75.276,13667
2026-04-13T02:30:00+00:00,75.276,75.532,75.023,75.34400000000001,16381
2026-04-13T03:00:00+00:00,75.34400000000001,75.433,75.111,75.311,13205
2026-04-13T03:30:00+00:00,75.311,75.656,75.294,75.458,5332
2026-04-13T04:00:00+00:00,75.458,75.479,75.194,75.31400000000001,5529
2026-04-13T04:30:00+00:00,75.31400000000001,75.543,75.22500000000001,75.504,5929
2026-04-13T05:00:00+00:00,75.504,75.555,75.333,75.417,6428
2026-04-13T05:30:00+00:00,75.417,75.727,75.244,75.71900000000001,14125
2026-04-13T06:00:00+00:00,75.71900000000001,75.76,75.388,75.574,15776
2026-04-13T06:30:00+00:00,75.574,75.61200000000001,75.393,75.477,11167
2026-04-13T07:00:00+00:00,75.477,75.807,75.36500000000001,75.58500000000001,15102
2026-04-13T07:30:00+00:00,75.58500000000001,75.854,75.531,75.764,13997
2026-04-13T08:00:00+00:00,75.764,75.927,75.632,75.67,13191
2026-04-13T08:30:00+00:00,75.67,75.772,75.393,75.41,12833
2026-04-13T09:00:00+00:00,75.41,75.554,75.265,75.276,11601
2026-04-13T09:30:00+00:00,75.276,75.449,75.265,75.378,8919
2026-04-13T10:00:00+00:00,75.378,75.441,75.137,75.23100000000001,7152
2026-04-13T10:30:00+00:00,75.23100000000001,75.422,75.205,75.411,7402
2026-04-13T11:00:00+00:00,75.411,75.558,75.107,75.196,12181
2026-04-13T11:30:00+00:00,75.196,75.294,75.001,75.056,17592
2026-04-13T12:00:00+00:00,75.056,75.33500000000001,74.86500000000001,74.919,16814
2026-04-13T12:30:00+00:00,74.919,75.127,74.676,74.94500000000001,14798
2026-04-13T13:00:00+00:00,74.94500000000001,75.252,74.806,75.23,23776
2026-04-13T13:30:00+00:00,75.23,75.5,74.59100000000001,75.259,63694
2026-04-13T14:00:00+00:00,75.259,75.349,74.872,75.06400000000001,57576
2026-04-13T14:30:00+00:00,75.06400000000001,75.331,74.813,75.124,42740
2026-04-13T15:00:00+00:00,75.124,75.162,74.74000000000001,74.9,48554
2026-04-13T15:30:00+00:00,74.9,75.244,74.845,75.148,31642
2026-04-13T16:00:00+00:00,75.148,76.19800000000001,75.055,76.114,36227
2026-04-13T16:30:00+00:00,76.114,76.891,76.062,76.382,65207
2026-04-13T17:00:00+00:00,76.382,76.645,76.194,76.438,36545
2026-04-13T17:30:00+00:00,76.438,76.563,76.218,76.224,28152
2026-04-13T18:00:00+00:00,76.224,76.38,75.923,76.077,21655
2026-04-13T18:30:00+00:00,76.077,76.614,76.061,76.513,20455
2026-04-13T19:00:00+00:00,76.513,76.617,76.33500000000001,76.571,14354
2026-04-13T19:30:00+00:00,76.571,76.665,76.401,76.48100000000001,21917
2026-04-13T20:00:00+00:00,76.48100000000001,76.566,76.453,76.491,3720
2026-04-13T20:30:00+00:00,76.491,76.761,76.474,76.674,2950
2026-04-13T22:00:00+00:00,76.674,77.41300000000001,76.674,77.245,4612.185460738616
2026-04-13T22:30:00+00:00,77.245,77.409,77.186,77.39200000000001,3941
2026-04-13T23:00:00+00:00,77.39200000000001,77.519,77.272,77.28800000000001,7221
2026-04-13T23:30:00+00:00,77.28800000000001,77.39500000000001,77.21600000000001,77.278,5694
2026-04-14T00:00:00+00:00,77.278,77.617,76.956,77.44500000000001,13868
2026-04-14T00:30:00+00:00,77.44500000000001,77.81700000000001,77.39800000000001,77.537,10966
2026-04-14T01:00:00+00:00,77.537,78.015,77.312,77.632,29577
2026-04-14T01:30:00+00:00,77.632,77.759,77.343,77.411,20802
2026-04-14T02:00:00+00:00,77.411,77.842,77.39,77.82300000000001,9951
2026-04-14T02:30:00+00:00,77.82300000000001,78.382,77.61800000000001,78.305,17124
2026-04-14T03:00:00+00:00,78.305,78.403,78.178,78.275,13464
2026-04-14T03:30:00+00:00,78.275,78.626,78.235,78.53500000000001,6117
2026-04-14T04:00:00+00:00,78.53500000000001,78.65400000000001,78.441,78.59400000000001,5113
2026-04-14T04:30:00+00:00,78.59400000000001,78.784,78.52900000000001,78.75,4758
2026-04-14T05:00:00+00:00,78.75,78.93,78.51100000000001,78.57000000000001,7207
2026-04-14T05:30:00+00:00,78.57000000000001,78.575,78.086,78.284,17227
2026-04-14T06:00:00+00:00,78.284,78.684,78.26400000000001,78.504,15008
2026-04-14T06:30:00+00:00,78.504,79.08500000000001,78.349,79.08,14914
2026-04-14T07:00:00+00:00,79.08,79.53200000000001,78.97800000000001,79.089,27761
2026-04-14T07:30:00+00:00,79.089,79.40100000000001,78.994,79.31700000000001,16463
2026-04-14T08:00:00+00:00,79.31700000000001,79.479,79.126,79.44800000000001,15871
2026-04-14T08:30:00+00:00,79.44800000000001,79.68900000000001,79.36200000000001,79.686,11804
2026-04-14T09:00:00+00:00,79.686,79.721,79.351,79.352,10697
2026-04-14T09:30:00+00:00,79.352,79.554,79.209,79.352,10447
2026-04-14T10:00:00+00:00,79.352,79.516,79.266,79.328,10230
2026-04-14T10:30:00+00:00,79.328,79.409,78.918,79.09100000000001,16026
2026-04-14T11:00:00+00:00,79.09100000000001,79.37,78.87400000000001,79.162,12531
2026-04-14T11:30:00+00:00,79.162,79.408,78.952,79.122,15577
2026-04-14T12:00:00+00:00,79.122,79.364,78.75200000000001,78.93,21871
2026-04-14T12:30:00+00:00,78.93,79.324,78.816,79.075,22533
2026-04-14T13:00:00+00:00,79.075,79.756,79.027,79.304,32719
2026-04-14T13:30:00+00:00,79.304,80.049,79.239,79.87400000000001,80833
2026-04-14T14:00:00+00:00,79.87400000000001,80.777,79.872,80.64200000000001,74718
2026-04-14T14:30:00+00:00,80.64200000000001,81.056,80.458,80.664,54152
2026-04-14T15:00:00+00:00,80.664,80.667,80.165,80.54400000000001,59402
2026-04-14T15:30:00+00:00,80.54400000000001,81.015,80.53500000000001,80.715,40565
2026-04-14T16:00:00+00:00,80.715,81.104,80.652,81.054,30346
2026-04-14T16:30:00+00:00,81.054,81.187,80.60900000000001,80.637,28805
2026-04-14T17:00:00+00:00,80.637,81.202,80.60900000000001,80.96900000000001,36975
2026-04-14T17:30:00+00:00,80.96900000000001,81.31400000000001,80.875,80.91900000000001,26153
2026-04-14T18:00:00+00:00,80.91900000000001,80.986,80.49900000000001,80.74000000000001,35004
2026-04-14T18:30:00+00:00,80.74000000000001,81,80.629,80.816,24335
2026-04-14T19:00:00+00:00,80.816,81.113,80.768,80.933,23223
2026-04-14T19:30:00+00:00,80.933,81.257,80.902,81.137,23677
2026-04-14T20:00:00+00:00,81.137,81.239,81.129,81.15,4505
2026-04-14T20:30:00+00:00,81.15,81.277,81.03200000000001,81.03200000000001,3538
2026-04-14T22:00:00+00:00,81.03200000000001,81.425,81.03200000000001,81.168,9875.122855535765
2026-04-14T22:30:00+00:00,81.168,81.296,81.058,81.087,5938
2026-04-14T23:00:00+00:00,81.087,81.287,81.063,81.20700000000001,5781
2026-04-14T23:30:00+00:00,81.20700000000001,81.489,81.167,81.224,9186
2026-04-15T00:00:00+00:00,81.224,81.318,81.033,81.29,11756
2026-04-15T00:30:00+00:00,81.29,81.43900000000001,81.131,81.413,7612
2026-04-15T01:00:00+00:00,81.413,82.627,81.087,82.28,36420
2026-04-15T01:30:00+00:00,82.28,82.434,81.926,82.258,25482
2026-04-15T02:00:00+00:00,82.258,82.761,82.021,82.098,16386
2026-04-15T02:30:00+00:00,82.098,82.269,81.58,81.662,28555
2026-04-15T03:00:00+00:00,81.662,81.929,81.499,81.74,20459
2026-04-15T03:30:00+00:00,81.74,81.935,81.603,81.625,8179
2026-04-15T04:00:00+00:00,81.625,81.74,81.52,81.59,6134
2026-04-15T04:30:00+00:00,81.59,81.667,81.43,81.583,5073
2026-04-15T05:00:00+00:00,81.583,81.719,81.431,81.468,12614
2026-04-15T05:30:00+00:00,81.468,81.49,80.764,81.187,23863
2026-04-15T06:00:00+00:00,81.187,81.387,80.913,80.95100000000001,22266
2026-04-15T06:30:00+00:00,80.95100000000001,81.298,80.901,80.956,21549
2026-04-15T07:00:00+00:00,80.956,81.296,80.805,81.107,24379
2026-04-15T07:30:00+00:00,81.107,81.28,80.799,80.94800000000001,17389
2026-04-15T08:00:00+00:00,80.94800000000001,81.08800000000001,80.749,80.897,16521
2026-04-15T08:30:00+00:00,80.897,81.197,80.794,81.029,12864
2026-04-15T09:00:00+00:00,81.029,81.188,80.313,80.39,27182
2026-04-15T09:30:00+00:00,80.39,80.475,79.978,80.219,19738
2026-04-15T10:00:00+00:00,80.219,80.566,80.1,80.311,23472
2026-04-15T10:30:00+00:00,80.311,80.727,80.194,80.542,21060
2026-04-15T11:00:00+00:00,80.542,80.644,80.269,80.426,13322
2026-04-15T11:30:00+00:00,80.426,80.993,80.363,80.789,18159
2026-04-15T12:00:00+00:00,80.789,80.95,80.495,80.578,21090
2026-04-15T12:30:00+00:00,80.578,80.762,80.306,80.361,15849
2026-04-15T13:00:00+00:00,80.361,81.245,80.353,81.194,37021
2026-04-15T13:30:00+00:00,81.194,81.774,80.962,81.772,80321
2026-04-15T14:00:00+00:00,81.772,82.365,81.706,82.017,65604
2026-04-15T14:30:00+00:00,82.017,82.038,81.62,81.761,59367
2026-04-15T15:00:00+00:00,81.761,81.82000000000001,80.958,80.968,60631
2026-04-15T15:30:00+00:00,80.968,81.33800000000001,80.551,81.061,50999
2026-04-15T16:00:00+00:00,81.061,81.501,81.016,81.278,40078
2026-04-15T16:30:00+00:00,81.278,81.351,80.834,81.032,48197
2026-04-15T17:00:00+00:00,81.032,81.31,80.775,81.141,37642
2026-04-15T17:30:00+00:00,81.141,81.288,80.795,80.82600000000001,30147
2026-04-15T18:00:00+00:00,80.82600000000001,81.104,80.746,80.95100000000001,39493
2026-04-15T18:30:00+00:00,80.95100000000001,81.227,80.865,81.043,24185
2026-04-15T19:00:00+00:00,81.043,81.239,80.955,81.225,25188
2026-04-15T19:30:00+00:00,81.225,81.296,81.03,81.116,28517
2026-04-15T20:00:00+00:00,81.116,81.18,80.865,80.902,5727
2026-04-15T20:30:00+00:00,80.902,80.903,80.626,80.721,6602
2026-04-15T22:00:00+00:00,80.721,81.786,80.721,81.699,6351.353190509099
2026-04-15T22:30:00+00:00,81.699,81.811,81.656,81.756,4253
2026-04-15T23:00:00+00:00,81.756,81.9695,81.739,81.8005,3211.8164858363198
2026-04-15T23:30:00+00:00,81.8005,81.9725,81.7785,81.87049999999999,5165
2026-04-16T00:00:00+00:00,81.87049999999999,82.40549999999999,81.87049999999999,82.1985,8530
2026-04-16T00:30:00+00:00,82.1985,82.7675,82.1875,82.53049999999999,9246
2026-04-16T01:00:00+00:00,82.53049999999999,82.9995,82.44149999999999,82.7635,25925
2026-04-16T01:30:00+00:00,82.7635,82.85549999999999,82.3175,82.4845,19785
2026-04-16T02:00:00+00:00,82.4845,82.7585,82.3245,82.5835,13180
2026-04-16T02:30:00+00:00,82.5835,82.8545,82.3415,82.7725,18787
2026-04-16T03:00:00+00:00,82.7725,82.98349999999999,82.74249999999999,82.8625,12296
2026-04-16T03:30:00+00:00,82.8625,82.99849999999999,82.6725,82.7615,6200
2026-04-16T04:00:00+00:00,82.7615,82.96549999999999,82.6905,82.8265,5231
2026-04-16T04:30:00+00:00,82.8265,83.0615,82.78649999999999,83.05149999999999,4872
2026-04-16T05:00:00+00:00,83.05149999999999,83.1715,83.0315,83.1535,7871
2026-04-16T05:30:00+00:00,83.1535,83.2615,82.6955,82.79249999999999,19126
2026-04-16T06:00:00+00:00,82.79249999999999,83.0205,82.63749999999999,82.6785,17734
2026-04-16T06:30:00+00:00,82.6785,82.8865,82.57849999999999,82.7055,19178
2026-04-16T07:00:00+00:00,82.7055,82.8235,82.4315,82.65549999999999,19916
2026-04-16T07:30:00+00:00,82.65549999999999,82.7495,82.4015,82.4755,11133
2026-04-16T08:00:00+00:00,82.4755,82.5345,82.03649999999999,82.1455,19449
2026-04-16T08:30:00+00:00,82.1455,82.23049999999999,82.0325,82.1595,12484
2026-04-16T09:00:00+00:00,82.1595,82.2635,81.91749999999999,82.0085,9464
2026-04-16T09:30:00+00:00,82.0085,82.1475,81.8325,81.93849999999999,12860
2026-04-16T10:00:00+00:00,81.93849999999999,82.0025,81.79249999999999,81.92049999999999,8434
2026-04-16T10:30:00+00:00,81.92049999999999,82.20649999999999,81.79249999999999,82.1785,10273
2026-04-16T11:00:00+00:00,82.1785,82.2085,81.9095,81.9755,10129
2026-04-16T11:30:00+00:00,81.9755,82.1065,81.81349999999999,82.06649999999999,12673
2026-04-16T12:00:00+00:00,82.06649999999999,82.1185,81.55749999999999,81.5925,16370
2026-04-16T12:30:00+00:00,81.5925,81.81049999999999,81.39349999999999,81.63749999999999,16439
2026-04-16T13:00:00+00:00,81.63749999999999,82.0745,81.63749999999999,81.8515,23619
2026-04-16T13:30:00+00:00,81.8515,82.2965,80.6565,81.0885,92765
2026-04-16T14:00:00+00:00,81.0885,81.3005,80.45049999999999,81.14349999999999,92733
2026-04-16T14:30:00+00:00,81.14349999999999,81.18549999999999,80.50049999999999,80.9095,84016
2026-04-16T15:00:00+00:00,80.9095,81.55749999999999,80.89649999999999,81.0715,58367
2026-04-16T15:30:00+00:00,81.0715,81.3715,80.9165,81.3145,59459
2026-04-16T16:00:00+00:00,81.3145,81.42649999999999,81.07249999999999,81.1355,32313
2026-04-16T16:30:00+00:00,81.1355,81.2225,80.6895,81.0015,53871
2026-04-16T17:00:00+00:00,81.0015,81.20949999999999,80.7515,80.77149999999999,42557
2026-04-16T17:30:00+00:00,80.77149999999999,80.8795,80.5675,80.7045,39241
2026-04-16T18:00:00+00:00,80.7045,81.0325,80.6575,80.78949999999999,46623
2026-04-16T18:30:00+00:00,80.78949999999999,81.0135,80.7875,80.91749999999999,27142
2026-04-16T19:00:00+00:00,80.91749999999999,81.1845,80.91749999999999,80.9725,23991
2026-04-16T19:30:00+00:00,80.9725,81.31949999999999,80.96849999999999,81.10849999999999,27912
2026-04-16T20:00:00+00:00,81.10849999999999,81.1395,80.8455,80.8595,4231
2026-04-16T20:30:00+00:00,80.8595,80.9245,80.7695,80.7825,3696
2026-04-16T22:00:00+00:00,80.7825,81.47949999999999,80.6245,81.36949999999999,6594.58988134168
2026-04-16T22:30:00+00:00,81.36949999999999,81.45349999999999,81.28849999999998,81.4125,3663
2026-04-16T23:00:00+00:00,81.4125,81.45149999999998,81.32449999999999,81.36949999999999,3106
2026-04-16T23:30:00+00:00,81.36949999999999,81.44449999999999,81.28249999999998,81.29149999999998,4546
2026-04-17T00:00:00+00:00,81.29149999999998,81.3175,81.06249999999999,81.26149999999998,10748
2026-04-17T00:30:00+00:00,81.26149999999998,81.48849999999999,81.2575,81.33349999999999,7951
2026-04-17T01:00:00+00:00,81.33349999999999,81.38949999999998,80.35749999999999,80.45049999999999,32250
2026-04-17T01:30:00+00:00,80.45049999999999,81.07649999999998,80.38449999999999,81.03049999999999,25970
2026-04-17T02:00:00+00:00,81.03049999999999,81.11849999999998,80.85049999999998,80.85949999999998,12318
2026-04-17T02:30:00+00:00,80.85949999999998,81.19149999999999,80.84549999999999,80.89649999999999,14483
2026-04-17T03:00:00+00:00,80.89649999999999,81.89349999999999,80.89549999999998,81.56049999999999,17506
2026-04-17T03:30:00+00:00,81.56049999999999,81.62049999999999,81.38649999999998,81.49449999999999,5342
2026-04-17T04:00:00+00:00,81.49449999999999,81.65549999999999,81.46249999999999,81.62249999999999,4407
2026-04-17T04:30:00+00:00,81.62249999999999,81.85549999999999,81.59649999999999,81.72549999999998,6117
2026-04-17T05:00:00+00:00,81.72549999999998,81.76249999999999,81.57549999999999,81.67949999999999,7246
2026-04-17T05:30:00+00:00,81.67949999999999,81.7935,81.47649999999999,81.5195,16600
2026-04-17T06:00:00+00:00,81.5195,81.6295,81.19749999999999,81.22449999999999,15797
2026-04-17T06:30:00+00:00,81.22449999999999,81.33449999999999,81.09449999999998,81.2695,15821
2026-04-17T07:00:00+00:00,81.2695,81.46249999999999,81.20849999999999,81.43249999999999,9648
2026-04-17T07:30:00+00:00,81.43249999999999,81.5525,81.3085,81.52949999999998,10145
2026-04-17T08:00:00+00:00,81.52949999999998,81.69349999999999,81.52349999999998,81.58649999999999,9524
2026-04-17T08:30:00+00:00,81.58649999999999,82.10749999999999,81.57949999999998,82.10549999999999,10287
2026-04-17T09:00:00+00:00,82.10549999999999,82.5075,82.09149999999998,82.31249999999999,9981
2026-04-17T09:30:00+00:00,82.31249999999999,82.40549999999999,82.1835,82.18449999999999,9024
2026-04-17T10:00:00+00:00,82.18449999999999,82.19649999999999,82.01249999999999,82.0345,8504
2026-04-17T10:30:00+00:00,82.0345,82.09549999999999,81.79549999999999,81.90549999999999,8785
2026-04-17T11:00:00+00:00,81.90549999999999,82.1295,81.68149999999999,81.86549999999998,10296
2026-04-17T11:30:00+00:00,81.86549999999998,82.26549999999999,81.86049999999999,82.24749999999999,11551
2026-04-17T12:00:00+00:00,82.24749999999999,82.77649999999998,82.20749999999998,82.70049999999999,19959
2026-04-17T12:30:00+00:00,82.70049999999999,84.21949999999998,82.62849999999999,84.1475,53079
2026-04-17T13:00:00+00:00,84.1475,85.0345,83.66949999999999,84.23549999999999,67702
2026-04-17T13:30:00+00:00,84.23549999999999,85.09449999999998,84.11049999999999,84.95749999999998,103643
2026-04-17T14:00:00+00:00,84.95749999999998,85.34249999999999,84.58049999999999,85.11449999999999,75959
2026-04-17T14:30:00+00:00,85.11449999999999,85.74449999999999,85.02949999999998,85.29749999999999,63053
2026-04-17T15:00:00+00:00,85.29749999999999,85.58349999999999,84.77449999999999,84.81049999999999,66509
2026-04-17T15:30:00+00:00,84.81049999999999,85.0615,84.62049999999999,84.86849999999998,55476
2026-04-17T16:00:00+00:00,84.86849999999998,85.2665,84.72849999999998,84.83649999999999,45054
2026-04-17T16:30:00+00:00,84.83649999999999,85.07549999999999,84.74149999999999,84.8235,34261
2026-04-17T17:00:00+00:00,84.8235,84.9395,83.94649999999999,84.08649999999999,59627
2026-04-17T17:30:00+00:00,84.08649999999999,84.41749999999999,83.97649999999999,84.39849999999998,40603
2026-04-17T18:00:00+00:00,84.39849999999998,84.65849999999999,84.23449999999998,84.42049999999999,44546
2026-04-17T18:30:00+00:00,84.42049999999999,84.51549999999999,84.0435,84.11649999999999,34888
2026-04-17T19:00:00+00:00,84.11649999999999,84.14249999999998,83.70249999999999,83.86149999999999,31253
2026-04-17T19:30:00+00:00,83.86149999999999,84.12249999999999,83.83749999999999,83.94949999999999,41429
2026-04-17T20:00:00+00:00,83.94949999999999,83.98449999999998,83.67649999999999,83.76249999999999,6410
2026-04-17T20:30:00+00:00,83.76249999999999,83.89249999999998,83.57149999999999,83.58549999999998,483
2026-04-19T22:00:00+00:00,83.58549999999998,84.14249999999997,81.90549999999998,82.51149999999997,28774.989044475078
2026-04-19T22:30:00+00:00,82.51149999999997,82.70249999999997,82.45649999999998,82.47449999999998,10113
2026-04-19T23:00:00+00:00,82.47449999999998,82.54249999999998,82.14449999999997,82.18249999999998,10989
2026-04-19T23:30:00+00:00,82.18249999999998,82.28949999999998,81.52849999999997,81.87949999999998,21308
2026-04-20T00:00:00+00:00,81.87949999999998,82.45849999999997,81.55049999999997,82.36849999999997,25562
2026-04-20T00:30:00+00:00,82.36849999999997,82.79049999999997,82.20549999999997,82.75949999999997,13707
2026-04-20T01:00:00+00:00,82.75949999999997,83.14949999999997,82.62849999999997,82.99849999999998,35944
2026-04-20T01:30:00+00:00,82.99849999999998,83.58149999999998,82.94749999999998,83.45749999999997,17635
2026-04-20T02:00:00+00:00,83.45749999999997,83.55649999999997,83.23249999999997,83.35749999999997,14307
2026-04-20T02:30:00+00:00,83.35749999999997,83.47649999999997,83.03449999999997,83.16749999999998,17362
2026-04-20T03:00:00+00:00,83.16749999999998,83.22049999999997,82.90349999999997,83.18249999999998,14203
2026-04-20T03:30:00+00:00,83.18249999999998,83.19049999999997,82.85549999999998,82.85849999999998,6735
2026-04-20T04:00:00+00:00,82.85849999999998,83.00549999999997,82.73849999999997,82.85849999999998,5631
2026-04-20T04:30:00+00:00,82.85849999999998,82.86949999999997,82.56949999999998,82.73449999999997,7132
2026-04-20T05:00:00+00:00,82.73449999999997,82.80449999999998,82.44549999999997,82.48849999999997,9447
2026-04-20T05:30:00+00:00,82.48849999999997,82.81449999999997,82.19049999999997,82.56349999999998,27061
2026-04-20T06:00:00+00:00,82.56349999999998,82.78749999999997,82.44849999999997,82.53949999999998,19206
2026-04-20T06:30:00+00:00,82.53949999999998,82.71249999999998,82.41649999999997,82.70749999999997,19341
2026-04-20T07:00:00+00:00,82.70749999999997,83.04949999999997,82.61149999999998,82.67549999999997,20420
2026-04-20T07:30:00+00:00,82.67549999999997,82.69649999999997,82.17049999999998,82.32049999999997,20767
2026-04-20T08:00:00+00:00,82.32049999999997,82.40149999999997,82.13649999999997,82.31049999999998,14354
2026-04-20T08:30:00+00:00,82.31049999999998,82.44649999999997,82.14749999999997,82.37949999999998,11411
2026-04-20T09:00:00+00:00,82.37949999999998,82.63249999999998,82.26549999999997,82.31549999999997,11560
2026-04-20T09:30:00+00:00,82.31549999999997,82.44749999999998,82.08749999999998,82.16749999999998,12178
2026-04-20T10:00:00+00:00,82.16749999999998,82.61049999999997,82.14949999999997,82.38349999999997,11570
2026-04-20T10:30:00+00:00,82.38349999999997,82.43049999999997,82.14349999999997,82.17249999999997,8369
2026-04-20T11:00:00+00:00,82.17249999999997,82.25149999999998,81.98849999999997,82.18549999999998,13647
2026-04-20T11:30:00+00:00,82.18549999999998,82.83949999999997,82.13849999999998,82.71549999999998,15550
2026-04-20T12:00:00+00:00,82.71549999999998,82.86349999999997,82.36849999999997,82.41549999999997,22790
2026-04-20T12:30:00+00:00,82.41549999999997,82.57449999999997,82.33049999999997,82.52249999999997,15867
2026-04-20T13:00:00+00:00,82.52249999999997,83.23949999999998,82.47249999999997,83.21749999999997,33493
2026-04-20T13:30:00+00:00,83.21749999999997,83.36049999999997,83.04049999999997,83.18549999999998,69709
2026-04-20T14:00:00+00:00,83.18549999999998,83.36249999999997,82.71449999999997,83.15349999999997,56549
2026-04-20T14:30:00+00:00,83.15349999999997,83.32149999999997,82.24549999999998,82.60349999999997,62128
2026-04-20T15:00:00+00:00,82.60349999999997,82.97049999999997,82.34549999999997,82.81249999999997,59964
2026-04-20T15:30:00+00:00,82.81249999999997,82.83749999999998,82.52849999999997,82.74649999999997,32759
2026-04-20T16:00:00+00:00,82.74649999999997,82.85349999999997,82.55749999999998,82.81149999999997,20156
2026-04-20T16:30:00+00:00,82.81149999999997,82.87849999999997,82.62649999999998,82.80749999999998,16181
2026-04-20T17:00:00+00:00,82.80749999999998,83.09849999999997,82.65949999999997,82.69649999999997,20055
2026-04-20T17:30:00+00:00,82.69649999999997,82.86849999999997,82.51849999999997,82.57149999999997,17345
2026-04-20T18:00:00+00:00,82.57149999999997,82.93349999999997,82.57149999999997,82.75449999999998,19792
2026-04-20T18:30:00+00:00,82.75449999999998,82.94149999999998,82.68949999999997,82.78549999999997,15747
2026-04-20T19:00:00+00:00,82.78549999999997,82.98349999999998,82.75849999999997,82.75849999999997,10840
2026-04-20T19:30:00+00:00,82.75849999999997,82.83049999999997,82.51449999999997,82.65749999999997,19931
2026-04-20T20:00:00+00:00,82.65749999999997,82.68749999999997,82.54449999999997,82.63549999999998,3013
2026-04-20T20:30:00+00:00,82.63549999999998,82.72749999999998,82.54549999999998,82.59049999999998,4313
2026-04-20T22:00:00+00:00,82.59049999999998,83.20449999999997,82.37349999999996,82.90949999999997,9886.13399503722
2026-04-20T22:30:00+00:00,82.90949999999997,82.96949999999997,82.82349999999997,82.92949999999996,5733
2026-04-20T23:00:00+00:00,82.92949999999996,82.98749999999997,82.73649999999996,82.83749999999996,5634
2026-04-20T23:30:00+00:00,82.83749999999996,82.84349999999996,82.66549999999997,82.71749999999996,3868
2026-04-21T00:00:00+00:00,82.71749999999996,82.91549999999997,82.44149999999996,82.44449999999996,12788
2026-04-21T00:30:00+00:00,82.44449999999996,82.77549999999997,82.31849999999997,82.74949999999997,11141
2026-04-21T01:00:00+00:00,82.74949999999997,82.80749999999996,82.23749999999997,82.55949999999997,19291
2026-04-21T01:30:00+00:00,82.55949999999997,82.61149999999996,82.03149999999997,82.28249999999997,15676
2026-04-21T02:00:00+00:00,82.28249999999997,82.35249999999996,82.13049999999997,82.30249999999997,9532
2026-04-21T02:30:00+00:00,82.30249999999997,82.31549999999997,81.90849999999996,82.11649999999996,15788
2026-04-21T03:00:00+00:00,82.11649999999996,82.13149999999996,81.41249999999997,81.76949999999997,16120
2026-04-21T03:30:00+00:00,81.76949999999997,81.88349999999997,81.64749999999997,81.80649999999997,6919
2026-04-21T04:00:00+00:00,81.80649999999997,81.87049999999996,81.73049999999996,81.78449999999997,5413
2026-04-21T04:30:00+00:00,81.78449999999997,81.84149999999997,81.66449999999996,81.75949999999996,4494
2026-04-21T05:00:00+00:00,81.75949999999996,82.05349999999997,81.70349999999996,81.92349999999996,7615
2026-04-21T05:30:00+00:00,81.92349999999996,82.19949999999997,81.71549999999996,81.72049999999996,15865
2026-04-21T06:00:00+00:00,81.72049999999996,81.92049999999996,81.51449999999997,81.61349999999996,21085
2026-04-21T06:30:00+00:00,81.61349999999996,81.94049999999997,81.56949999999996,81.75849999999997,15125
2026-04-21T07:00:00+00:00,81.75849999999997,81.93849999999996,81.46249999999996,81.81549999999997,16506
2026-04-21T07:30:00+00:00,81.81549999999997,82.18749999999997,81.77149999999996,81.83649999999996,13263
2026-04-21T08:00:00+00:00,81.83649999999996,81.88949999999997,81.35849999999996,81.82949999999997,16127
2026-04-21T08:30:00+00:00,81.82949999999997,81.93349999999997,81.68749999999997,81.68849999999996,9027
2026-04-21T09:00:00+00:00,81.68849999999996,81.81649999999996,81.46949999999997,81.67349999999996,9991
2026-04-21T09:30:00+00:00,81.67349999999996,81.86749999999996,81.65749999999997,81.79749999999997,10216
2026-04-21T10:00:00+00:00,81.79749999999997,81.91249999999997,81.70949999999996,81.75249999999997,11022
2026-04-21T10:30:00+00:00,81.75249999999997,82.02249999999997,81.75149999999996,81.85649999999997,6409
2026-04-21T11:00:00+00:00,81.85649999999997,81.87149999999997,81.42049999999996,81.66149999999996,16075
2026-04-21T11:30:00+00:00,81.66149999999996,82.14949999999996,81.64749999999997,82.05249999999997,11221
2026-04-21T12:00:00+00:00,82.05249999999997,82.18349999999997,81.53249999999997,81.61849999999997,20263
2026-04-21T12:30:00+00:00,81.61849999999997,81.92049999999996,81.23549999999996,81.61749999999996,29843
2026-04-21T13:00:00+00:00,81.61749999999996,81.84549999999996,80.98249999999996,81.32449999999997,35010
2026-04-21T13:30:00+00:00,81.32449999999997,81.91649999999997,81.28149999999997,81.61049999999996,58440
2026-04-21T14:00:00+00:00,81.61049999999996,81.76049999999996,81.22149999999996,81.35249999999996,45704
2026-04-21T14:30:00+00:00,81.35249999999996,81.50149999999996,79.62349999999996,79.74749999999996,97400
2026-04-21T15:00:00+00:00,79.74749999999996,80.40249999999996,79.53549999999997,79.86549999999997,80892
2026-04-21T15:30:00+00:00,79.86549999999997,79.97649999999996,79.60049999999997,79.84349999999996,43852
2026-04-21T16:00:00+00:00,79.84349999999996,80.13749999999996,79.29249999999996,79.33949999999996,39339
2026-04-21T16:30:00+00:00,79.33949999999996,79.66049999999997,79.12149999999997,79.20049999999996,54809
2026-04-21T17:00:00+00:00,79.20049999999996,79.43449999999997,79.01449999999997,79.20949999999996,70199
2026-04-21T17:30:00+00:00,79.20949999999996,79.93649999999997,79.18949999999997,79.60449999999996,53523
2026-04-21T18:00:00+00:00,79.60449999999996,79.70349999999996,79.24249999999996,79.37049999999996,39525
2026-04-21T18:30:00+00:00,79.37049999999996,79.76349999999996,79.28649999999996,79.65049999999997,43206
2026-04-21T19:00:00+00:00,79.65049999999997,79.93649999999997,79.52749999999996,79.93149999999997,49881
2026-04-21T19:30:00+00:00,79.93149999999997,79.97249999999997,78.35649999999997,78.53649999999996,78938
2026-04-21T20:00:00+00:00,78.53649999999996,79.46549999999996,78.25949999999996,79.34949999999996,40069
2026-04-21T20:30:00+00:00,79.34949999999996,79.65349999999997,79.33049999999997,79.46549999999996,9347
2026-04-21T22:00:00+00:00,79.46549999999996,80.61149999999996,79.46549999999996,80.35949999999997,10805.17548555777
2026-04-21T22:30:00+00:00,80.35949999999997,80.38349999999997,80.13949999999997,80.20749999999997,5262
2026-04-21T23:00:00+00:00,80.20749999999997,80.83549999999997,80.17149999999997,80.62549999999997,6964
2026-04-21T23:30:00+00:00,80.62549999999997,80.82649999999997,80.54049999999997,80.74649999999997,7467
2026-04-22T00:00:00+00:00,80.74649999999997,81.01249999999997,80.74649999999997,80.98349999999996,13870
2026-04-22T00:30:00+00:00,80.98349999999996,81.11749999999996,80.80349999999997,80.89449999999997,9246
2026-04-22T01:00:00+00:00,80.89449999999997,81.26049999999996,80.79949999999997,81.10949999999997,21411
2026-04-22T01:30:00+00:00,81.10949999999997,81.34549999999997,81.02749999999997,81.04849999999996,16484
2026-04-22T02:00:00+00:00,81.04849999999996,81.50349999999997,81.00549999999997,81.34349999999996,12351
2026-04-22T02:30:00+00:00,81.34349999999996,81.38649999999997,81.12749999999997,81.30949999999997,9373
2026-04-22T03:00:00+00:00,81.30949999999997,81.69149999999996,81.24049999999997,81.66549999999997,11781
2026-04-22T03:30:00+00:00,81.66549999999997,81.79349999999997,81.49449999999997,81.54149999999997,5383
2026-04-22T04:00:00+00:00,81.54149999999997,81.66949999999997,81.40249999999997,81.42949999999996,4214
2026-04-22T04:30:00+00:00,81.42949999999996,81.50149999999996,81.29649999999997,81.46649999999997,5222
2026-04-22T05:00:00+00:00,81.46649999999997,82.11849999999997,81.40249999999997,81.90149999999997,12650
2026-04-22T05:30:00+00:00,81.90149999999997,82.12549999999997,81.79649999999997,81.94749999999996,14042
2026-04-22T06:00:00+00:00,81.94749999999996,82.03149999999997,81.71949999999997,82.02349999999997,12467
2026-04-22T06:30:00+00:00,82.02349999999997,82.05449999999996,81.90049999999997,82.02449999999997,11595
2026-04-22T07:00:00+00:00,82.02449999999997,82.09849999999997,81.80349999999997,81.95549999999997,12155
2026-04-22T07:30:00+00:00,81.95549999999997,81.96249999999996,81.71949999999997,81.73449999999997,12536
2026-04-22T08:00:00+00:00,81.73449999999997,81.76549999999997,81.43649999999997,81.45449999999997,14317
2026-04-22T08:30:00+00:00,81.45449999999997,81.58949999999997,81.39349999999997,81.56749999999997,10966
2026-04-22T09:00:00+00:00,81.56749999999997,81.83549999999997,81.52549999999997,81.52749999999997,10484
2026-04-22T09:30:00+00:00,81.52749999999997,81.61049999999997,81.28149999999997,81.36049999999997,10338
2026-04-22T10:00:00+00:00,81.36049999999997,81.43949999999997,81.13149999999997,81.37449999999997,15938
2026-04-22T10:30:00+00:00,81.37449999999997,81.53549999999997,81.34449999999997,81.47749999999996,9617
2026-04-22T11:00:00+00:00,81.47749999999996,81.71249999999996,81.41649999999997,81.54949999999997,12274
2026-04-22T11:30:00+00:00,81.54949999999997,81.64049999999997,81.37649999999996,81.44749999999996,14538
2026-04-22T12:00:00+00:00,81.44749999999996,81.75649999999997,81.34349999999996,81.38449999999997,15248
2026-04-22T12:30:00+00:00,81.38449999999997,81.41849999999997,81.00349999999997,81.12449999999997,20250
2026-04-22T13:00:00+00:00,81.12449999999997,81.48049999999996,80.85149999999997,81.41749999999996,43416
2026-04-22T13:30:00+00:00,81.41749999999996,81.79649999999997,81.16049999999997,81.59349999999996,62256
2026-04-22T14:00:00+00:00,81.59349999999996,81.84649999999996,81.45549999999997,81.53049999999998,52601
2026-04-22T14:30:00+00:00,81.53049999999998,81.62349999999996,81.12649999999996,81.23249999999997,59335
2026-04-22T15:00:00+00:00,81.23249999999997,81.59649999999996,81.20649999999996,81.43649999999997,37992
2026-04-22T15:30:00+00:00,81.43649999999997,81.47449999999996,81.14349999999997,81.28749999999997,27181
2026-04-22T16:00:00+00:00,81.28749999999997,81.42049999999996,81.19349999999997,81.22849999999997,27260
2026-04-22T16:30:00+00:00,81.22849999999997,81.38549999999996,81.04049999999997,81.08249999999997,27203
2026-04-22T17:00:00+00:00,81.08249999999997,81.50749999999996,81.07649999999997,81.26949999999997,30078
2026-04-22T17:30:00+00:00,81.26949999999997,81.47249999999997,81.19649999999997,81.32049999999997,18968
2026-04-22T18:00:00+00:00,81.32049999999997,81.38449999999997,81.13449999999997,81.18649999999997,13911
2026-04-22T18:30:00+00:00,81.18649999999997,81.45349999999996,81.14449999999997,81.31649999999996,18042
2026-04-22T19:00:00+00:00,81.31649999999996,81.32549999999996,81.09749999999997,81.20549999999997,25418
2026-04-22T19:30:00+00:00,81.20549999999997,81.28049999999998,81.09649999999996,81.21349999999997,20867
2026-04-22T20:00:00+00:00,81.21349999999997,81.25949999999997,81.01449999999997,81.08149999999996,7897
2026-04-22T20:30:00+00:00,81.08149999999996,81.33149999999996,81.05949999999997,81.08749999999996,3457
2026-04-22T22:00:00+00:00,81.08749999999996,81.79949999999997,81.08749999999996,81.38949999999997,7651.592280864916
2026-04-22T22:30:00+00:00,81.38949999999997,81.45749999999997,81.27149999999997,81.28649999999998,5838
2026-04-22T23:00:00+00:00,81.28649999999998,81.38849999999998,81.24549999999998,81.28949999999998,3360.781903448276
2026-04-22T23:30:00+00:00,81.28949999999998,81.36249999999998,81.19349999999999,81.31449999999998,3719
2026-04-23T00:00:00+00:00,81.31449999999998,81.61749999999998,80.16949999999999,81.59149999999998,41706
2026-04-23T00:30:00+00:00,81.59149999999998,82.17449999999998,81.57149999999999,81.95549999999999,24618
2026-04-23T01:00:00+00:00,81.95549999999999,82.15149999999998,81.23449999999998,81.26649999999998,22715
2026-04-23T01:30:00+00:00,81.26649999999998,81.52949999999998,80.76649999999998,80.80949999999999,24331
2026-04-23T02:00:00+00:00,80.80949999999999,80.84349999999998,80.40249999999997,80.64649999999997,22542
2026-04-23T02:30:00+00:00,80.64649999999997,80.73849999999999,79.56749999999998,79.58949999999999,35684
2026-04-23T03:00:00+00:00,79.58949999999999,79.96949999999998,79.44049999999999,79.58049999999999,29750
2026-04-23T03:30:00+00:00,79.58049999999999,80.24149999999999,79.57149999999999,79.93049999999998,13844
2026-04-23T04:00:00+00:00,79.93049999999998,80.09849999999999,79.86449999999998,79.96249999999998,8972
2026-04-23T04:30:00+00:00,79.96249999999998,80.03649999999998,79.79049999999998,80.02449999999997,7836
2026-04-23T05:00:00+00:00,80.02449999999997,80.25649999999999,79.85949999999998,79.89849999999998,9526
2026-04-23T05:30:00+00:00,79.89849999999998,80.07849999999998,79.35349999999998,80.03049999999998,19534
2026-04-23T06:00:00+00:00,80.03049999999998,80.09449999999998,79.60649999999998,79.87649999999998,21129
2026-04-23T06:30:00+00:00,79.87649999999998,80.07449999999999,79.74749999999999,79.92549999999999,18402
2026-04-23T07:00:00+00:00,79.92549999999999,79.98049999999998,79.61149999999998,79.63049999999998,20626
2026-04-23T07:30:00+00:00,79.63049999999998,80.19449999999998,79.54249999999998,80.01049999999998,16759
2026-04-23T08:00:00+00:00,80.01049999999998,80.09749999999998,79.77749999999997,79.79049999999998,15707
2026-04-23T08:30:00+00:00,79.79049999999998,79.81849999999999,79.26649999999998,79.41549999999998,18051
2026-04-23T09:00:00+00:00,79.41549999999998,79.41949999999999,78.87449999999998,79.28549999999998,21157
2026-04-23T09:30:00+00:00,79.28549999999998,79.36749999999998,79.07949999999998,79.18349999999998,16406
2026-04-23T10:00:00+00:00,79.18349999999998,79.25549999999998,78.06149999999998,78.06849999999999,23513
2026-04-23T10:30:00+00:00,78.06849999999999,78.42049999999998,78.01949999999998,78.35949999999998,21488
2026-04-23T11:00:00+00:00,78.35949999999998,78.60349999999998,78.24949999999998,78.43149999999999,15828
2026-04-23T11:30:00+00:00,78.43149999999999,79.57449999999999,78.38149999999999,79.32349999999998,23947
2026-04-23T12:00:00+00:00,79.32349999999998,80.65049999999998,79.28949999999998,80.51549999999997,31061
2026-04-23T12:30:00+00:00,80.51549999999997,80.88549999999998,80.39349999999997,80.60649999999998,36221
2026-04-23T13:00:00+00:00,80.60649999999998,80.82949999999998,79.74149999999999,79.76849999999997,34510
2026-04-23T13:30:00+00:00,79.76849999999997,80.33349999999999,79.53949999999998,79.68549999999998,49536
2026-04-23T14:00:00+00:00,79.68549999999998,80.21749999999999,79.28749999999998,80.04049999999998,67196
2026-04-23T14:30:00+00:00,80.04049999999998,80.20049999999998,79.88849999999998,80.03849999999998,51730
2026-04-23T15:00:00+00:00,80.03849999999998,80.29849999999998,79.79749999999999,80.01249999999997,43551
2026-04-23T15:30:00+00:00,80.01249999999997,80.10149999999999,79.60049999999998,79.83149999999998,54829
2026-04-23T16:00:00+00:00,79.83149999999998,80.02049999999998,79.71149999999999,79.95049999999998,31235
2026-04-23T16:30:00+00:00,79.95049999999998,80.28549999999998,79.92249999999999,80.12349999999998,20182
2026-04-23T17:00:00+00:00,80.12349999999998,80.25349999999999,79.14249999999998,79.26549999999997,83570
2026-04-23T17:30:00+00:00,79.26549999999997,79.50449999999998,78.39649999999997,79.43449999999999,114076
2026-04-23T18:00:00+00:00,79.43449999999999,79.93849999999998,79.40449999999998,79.81249999999999,75691
2026-04-23T18:30:00+00:00,79.81249999999999,79.92249999999999,79.29949999999998,79.35749999999999,50293
2026-04-23T19:00:00+00:00,79.35749999999999,79.63449999999999,79.22349999999999,79.54149999999998,45014
2026-04-23T19:30:00+00:00,79.54149999999998,79.61549999999998,79.16349999999998,79.33749999999998,47383
2026-04-23T20:00:00+00:00,79.33749999999998,79.45549999999999,79.00849999999998,79.15349999999998,15872
2026-04-23T20:30:00+00:00,79.15349999999998,79.24449999999999,79.11049999999999,79.18049999999998,7719
2026-04-23T22:00:00+00:00,79.18049999999998,80.11749999999998,79.18049999999998,79.75749999999998,9834.573610455047
2026-04-23T22:30:00+00:00,79.75749999999998,79.96649999999998,79.63749999999997,79.73849999999997,6264
2026-04-23T23:00:00+00:00,79.73849999999997,79.83349999999997,79.55149999999998,79.82549999999998,6638
2026-04-23T23:30:00+00:00,79.82549999999998,80.03949999999998,79.76249999999997,79.85949999999998,6868
2026-04-24T00:00:00+00:00,79.85949999999998,80.20249999999997,79.71949999999998,80.17849999999997,16508
2026-04-24T00:30:00+00:00,80.17849999999997,80.26649999999998,79.78449999999998,80.08749999999998,15147
2026-04-24T01:00:00+00:00,80.08749999999998,80.23949999999998,79.63349999999998,79.71149999999997,26773
2026-04-24T01:30:00+00:00,79.71149999999997,79.97549999999998,79.40449999999998,79.93249999999998,23884
2026-04-24T02:00:00+00:00,79.93249999999998,79.95549999999997,79.39849999999998,79.45049999999998,19517
2026-04-24T02:30:00+00:00,79.45049999999998,79.74949999999998,79.19549999999998,79.31649999999998,19919
2026-04-24T03:00:00+00:00,79.31649999999998,79.45249999999997,79.00649999999997,79.19749999999998,19384
2026-04-24T03:30:00+00:00,79.19749999999998,79.39549999999998,79.10449999999997,79.16749999999998,9843
2026-04-24T04:00:00+00:00,79.16749999999998,79.30749999999998,79.00149999999998,79.07249999999998,9658
2026-04-24T04:30:00+00:00,79.07249999999998,79.40149999999998,79.01049999999998,79.33749999999998,8934
2026-04-24T05:00:00+00:00,79.33749999999998,79.43049999999998,79.15349999999998,79.29449999999999,9175
2026-04-24T05:30:00+00:00,79.29449999999999,79.54849999999998,79.21549999999998,79.42449999999998,15689
2026-04-24T06:00:00+00:00,79.42449999999998,79.47149999999998,78.72449999999998,78.80049999999999,18520
2026-04-24T06:30:00+00:00,78.80049999999999,78.94949999999997,78.27449999999997,78.62949999999998,29146
2026-04-24T07:00:00+00:00,78.62949999999998,79.16249999999998,78.57349999999998,78.99449999999997,16435
2026-04-24T07:30:00+00:00,78.99449999999997,79.26549999999997,78.89149999999998,79.23349999999998,12082
2026-04-24T08:00:00+00:00,79.23349999999998,79.35149999999997,78.87549999999997,79.02749999999997,18601
2026-04-24T08:30:00+00:00,79.02749999999997,79.24349999999998,78.94749999999998,79.16249999999998,11317
2026-04-24T09:00:00+00:00,79.16249999999998,79.32049999999998,79.01049999999998,79.16149999999998,17847
2026-04-24T09:30:00+00:00,79.16149999999998,79.27649999999998,78.90949999999998,79.01649999999998,12799
2026-04-24T10:00:00+00:00,79.01649999999998,79.24949999999998,78.96649999999998,79.18949999999998,12166
2026-04-24T10:30:00+00:00,79.18949999999998,79.25749999999998,79.03849999999998,79.15249999999997,12604
2026-04-24T11:00:00+00:00,79.15249999999997,80.60949999999998,79.14349999999997,80.51149999999998,50656
2026-04-24T11:30:00+00:00,80.51149999999998,80.56449999999998,80.10849999999998,80.27349999999998,25207
2026-04-24T12:00:00+00:00,80.27349999999998,80.65549999999998,80.24449999999997,80.37549999999997,28006
2026-04-24T12:30:00+00:00,80.37549999999997,80.41649999999998,79.76249999999997,79.89949999999997,22591
2026-04-24T13:00:00+00:00,79.89949999999997,80.24049999999998,79.54749999999999,79.76349999999998,32913
2026-04-24T13:30:00+00:00,79.76349999999998,80.31649999999998,79.54349999999998,80.08849999999998,68827
2026-04-24T14:00:00+00:00,80.08849999999998,80.55149999999998,79.94349999999997,80.26649999999998,78586
2026-04-24T14:30:00+00:00,80.26649999999998,80.57949999999998,80.14749999999998,80.22249999999998,63513
2026-04-24T15:00:00+00:00,80.22249999999998,80.28749999999998,79.94849999999998,80.03749999999998,40370
2026-04-24T15:30:00+00:00,80.03749999999998,81.00549999999998,79.98749999999998,80.68749999999997,68015
2026-04-24T16:00:00+00:00,80.68749999999997,80.74549999999998,80.39749999999998,80.51749999999998,39644
2026-04-24T16:30:00+00:00,80.51749999999998,80.75349999999997,80.44549999999998,80.71749999999997,39057
2026-04-24T17:00:00+00:00,80.71749999999997,81.02249999999998,80.59549999999997,80.78649999999998,35288
2026-04-24T17:30:00+00:00,80.78649999999998,81.08549999999998,80.68149999999997,80.83149999999998,32965
2026-04-24T18:00:00+00:00,80.83149999999998,80.89149999999998,80.67449999999998,80.68749999999997,31149
2026-04-24T18:30:00+00:00,80.68749999999997,80.80449999999998,80.65349999999998,80.79349999999998,26682
2026-04-24T19:00:00+00:00,80.79349999999998,80.99549999999998,80.51449999999998,80.52949999999998,26173
2026-04-24T19:30:00+00:00,80.52949999999998,80.64449999999998,80.27949999999998,80.31049999999998,31350
2026-04-24T20:00:00+00:00,80.31049999999998,80.37349999999998,80.11949999999997,80.18349999999998,5594
2026-04-24T20:30:00+00:00,80.18349999999998,80.20849999999997,80.09449999999998,80.10549999999998,634
2026-04-26T22:00:00+00:00,80.10549999999998,80.44749999999998,79.32749999999999,79.56449999999998,15831.890760346487
2026-04-26T22:30:00+00:00,79.56449999999998,79.58349999999999,79.32249999999998,79.46849999999998,6448
2026-04-26T23:00:00+00:00,79.46849999999998,79.49049999999998,79.23749999999998,79.25249999999998,5321
2026-04-26T23:30:00+00:00,79.25249999999998,79.31749999999998,79.08049999999999,79.25549999999998,6157
2026-04-27T00:00:00+00:00,79.25549999999998,79.54549999999998,79.19849999999998,79.49849999999998,12668
2026-04-27T00:30:00+00:00,79.49849999999998,80.04249999999998,79.35349999999998,80.01149999999998,10732
2026-04-27T01:00:00+00:00,80.01149999999998,80.40749999999998,79.66049999999998,79.87549999999997,34283
2026-04-27T01:30:00+00:00,79.87549999999997,80.03449999999998,79.68749999999999,79.79549999999998,23756
2026-04-27T02:00:00+00:00,79.79549999999998,79.86549999999998,79.40349999999998,79.68649999999998,15565
2026-04-27T02:30:00+00:00,79.68649999999998,80.55849999999998,79.63849999999998,80.39349999999997,17894
2026-04-27T03:00:00+00:00,80.39349999999997,80.50749999999998,80.29449999999999,80.36649999999997,13821
2026-04-27T03:30:00+00:00,80.36649999999997,80.94449999999998,80.34549999999997,80.72549999999998,10025
2026-04-27T04:00:00+00:00,80.72549999999998,80.85749999999997,80.71349999999998,80.83849999999998,6818
2026-04-27T04:30:00+00:00,80.83849999999998,80.95149999999998,80.68249999999998,80.80849999999998,6863
2026-04-27T05:00:00+00:00,80.80849999999998,80.80949999999999,80.40049999999998,80.44549999999998,7037
2026-04-27T05:30:00+00:00,80.44549999999998,80.46649999999998,79.94849999999998,79.99049999999998,16137
2026-04-27T06:00:00+00:00,79.99049999999998,80.37049999999998,79.97749999999998,80.29549999999998,16087
2026-04-27T06:30:00+00:00,80.29549999999998,80.34949999999998,80.12449999999998,80.19249999999998,14190
2026-04-27T07:00:00+00:00,80.19249999999998,80.35749999999997,80.09149999999998,80.23249999999997,15976
2026-04-27T07:30:00+00:00,80.23249999999997,80.28149999999998,80.07549999999998,80.09149999999998,11738
2026-04-27T08:00:00+00:00,80.09149999999998,80.14649999999997,79.89149999999998,79.92949999999998,15755
2026-04-27T08:30:00+00:00,79.92949999999998,80.11949999999997,79.85449999999997,79.95349999999998,10876
2026-04-27T09:00:00+00:00,79.95349999999998,80.04349999999998,79.80049999999999,79.99949999999998,10745
2026-04-27T09:30:00+00:00,79.99949999999998,80.08549999999998,79.90749999999998,80.02249999999998,8584
2026-04-27T10:00:00+00:00,80.02249999999998,80.12949999999998,79.94449999999998,80.10449999999997,8143
2026-04-27T10:30:00+00:00,80.10449999999997,80.42149999999998,80.08549999999998,80.27049999999998,9806
2026-04-27T11:00:00+00:00,80.27049999999998,80.27249999999998,79.95349999999998,80.11249999999998,10777
2026-04-27T11:30:00+00:00,80.11249999999998,80.17049999999998,79.83549999999998,80.02749999999997,9480
2026-04-27T12:00:00+00:00,80.02749999999997,80.29449999999999,79.93549999999998,80.03749999999998,16114
2026-04-27T12:30:00+00:00,80.03749999999998,80.05949999999999,79.57049999999998,79.86049999999997,20351
2026-04-27T13:00:00+00:00,79.86049999999997,79.97149999999998,79.42949999999998,79.85049999999998,31336
2026-04-27T13:30:00+00:00,79.85049999999998,79.91749999999998,79.36649999999997,79.86349999999997,58872
2026-04-27T14:00:00+00:00,79.86349999999997,79.94249999999998,79.45549999999999,79.50249999999998,45939
2026-04-27T14:30:00+00:00,79.50249999999998,80.01949999999998,79.23049999999998,79.34049999999998,55897
2026-04-27T15:00:00+00:00,79.34049999999998,79.56449999999998,79.01349999999998,79.56349999999998,50264
2026-04-27T15:30:00+00:00,79.56349999999998,79.74749999999997,79.26449999999998,79.31749999999998,33096
2026-04-27T16:00:00+00:00,79.31749999999998,79.50349999999997,79.15549999999998,79.46749999999997,21783
2026-04-27T16:30:00+00:00,79.46749999999997,79.77949999999998,79.46749999999997,79.52649999999998,17035
2026-04-27T17:00:00+00:00,79.52649999999998,79.66249999999998,79.29349999999998,79.39949999999997,20604
2026-04-27T17:30:00+00:00,79.39949999999997,79.74149999999997,79.37949999999998,79.69449999999998,14503
2026-04-27T18:00:00+00:00,79.69449999999998,79.92149999999998,79.57049999999998,79.88249999999998,12513
2026-04-27T18:30:00+00:00,79.88249999999998,80.09849999999997,79.85449999999997,80.01549999999997,10682
2026-04-27T19:00:00+00:00,80.01549999999997,80.07249999999998,79.81049999999998,79.87849999999997,10567
2026-04-27T19:30:00+00:00,79.87849999999997,79.93749999999999,79.76649999999998,79.87449999999998,13553
2026-04-27T20:00:00+00:00,79.87449999999998,79.92249999999999,79.76749999999998,79.81049999999998,3575
2026-04-27T20:30:00+00:00,79.81049999999998,80.00549999999998,79.73449999999998,79.83049999999999,2945
2026-04-27T22:00:00+00:00,79.83049999999999,80.72849999999998,79.83049999999999,80.68549999999999,7053.454641615876
2026-04-27T22:30:00+00:00,80.68549999999999,80.7515,80.6415,80.73049999999999,3125
2026-04-27T23:00:00+00:00,80.73049999999999,80.78249999999998,80.66049999999998,80.73049999999999,4500
2026-04-27T23:30:00+00:00,80.73049999999999,80.78849999999998,80.71849999999999,80.74249999999999,3555
2026-04-28T00:00:00+00:00,80.74249999999999,80.95949999999999,80.66049999999998,80.7725,8178
2026-04-28T00:30:00+00:00,80.7725,80.81049999999999,80.48749999999998,80.48749999999998,6172
2026-04-28T01:00:00+00:00,80.48749999999998,80.58949999999999,80.21049999999998,80.23749999999998,18038
2026-04-28T01:30:00+00:00,80.23749999999998,80.28449999999998,79.42449999999998,79.44149999999999,14254
2026-04-28T02:00:00+00:00,79.44149999999999,79.75949999999999,79.1415,79.67549999999999,11301
2026-04-28T02:30:00+00:00,79.67549999999999,79.67549999999999,78.98649999999999,79.15549999999999,12680
2026-04-28T03:00:00+00:00,79.15549999999999,79.58249999999998,79.12549999999999,79.55949999999999,11380
2026-04-28T03:30:00+00:00,79.55949999999999,79.61949999999999,79.36849999999998,79.43649999999998,4223
2026-04-28T04:00:00+00:00,79.43649999999998,79.46849999999999,79.31649999999999,79.36649999999999,4685
2026-04-28T04:30:00+00:00,79.36649999999999,79.43549999999999,79.22849999999998,79.24649999999998,4189
2026-04-28T05:00:00+00:00,79.24649999999998,79.27949999999998,78.77949999999998,79.01149999999998,7569
2026-04-28T05:30:00+00:00,79.01149999999998,79.01149999999998,77.94749999999999,78.23349999999999,28907
2026-04-28T06:00:00+00:00,78.23349999999999,78.52749999999999,77.68349999999998,78.03749999999998,24585
2026-04-28T06:30:00+00:00,78.03749999999998,78.14949999999999,77.68349999999998,78.03049999999999,20862
2026-04-28T07:00:00+00:00,78.03049999999999,78.34249999999999,77.94749999999999,78.08449999999999,19503
2026-04-28T07:30:00+00:00,78.08449999999999,78.22949999999999,77.88049999999998,78.15549999999999,17378
2026-04-28T08:00:00+00:00,78.15549999999999,78.21649999999998,77.48349999999999,78.21549999999999,30447
2026-04-28T08:30:00+00:00,78.21549999999999,78.54849999999999,78.17449999999998,78.35349999999998,16456
2026-04-28T09:00:00+00:00,78.35349999999998,78.35349999999998,77.94149999999999,78.02549999999998,16310
2026-04-28T09:30:00+00:00,78.02549999999998,78.05349999999999,77.61149999999999,77.7545,17377
2026-04-28T10:00:00+00:00,77.7545,78.26249999999999,77.74649999999998,78.11449999999999,15135
2026-04-28T10:30:00+00:00,78.11449999999999,78.32349999999998,78.02149999999999,78.02849999999998,11825
2026-04-28T11:00:00+00:00,78.02849999999998,78.25549999999998,77.44449999999999,77.49349999999998,20029
2026-04-28T11:30:00+00:00,77.49349999999998,77.50949999999999,76.83549999999998,77.03049999999999,32488
2026-04-28T12:00:00+00:00,77.03049999999999,78.32849999999999,76.88949999999998,77.85149999999999,37037
2026-04-28T12:30:00+00:00,77.85149999999999,78.54949999999998,77.6415,78.27449999999999,26327
2026-04-28T13:00:00+00:00,78.27449999999999,78.27449999999999,77.17749999999998,77.45349999999999,46420
2026-04-28T13:30:00+00:00,77.45349999999999,77.94549999999998,77.18649999999998,77.70249999999999,74827
2026-04-28T14:00:00+00:00,77.70249999999999,77.70249999999999,77.01749999999998,77.3915,80031
2026-04-28T14:30:00+00:00,77.3915,77.73649999999999,77.09449999999998,77.73249999999999,72099
2026-04-28T15:00:00+00:00,77.73249999999999,77.87849999999999,77.3825,77.69149999999999,56592
2026-04-28T15:30:00+00:00,77.69149999999999,78.10249999999999,77.52049999999998,77.99649999999998,46166
2026-04-28T16:00:00+00:00,77.99649999999998,78.09749999999998,77.72849999999998,77.73949999999999,24511
2026-04-28T16:30:00+00:00,77.73949999999999,78.22549999999998,77.71749999999999,78.00549999999998,26687
2026-04-28T17:00:00+00:00,78.00549999999998,78.29749999999999,77.77149999999999,78.17249999999999,23243
2026-04-28T17:30:00+00:00,78.17249999999999,78.39349999999999,78.04749999999999,78.05949999999999,28182
2026-04-28T18:00:00+00:00,78.05949999999999,78.34149999999998,77.96649999999998,78.12149999999998,23810
2026-04-28T18:30:00+00:00,78.12149999999998,78.15549999999999,77.94849999999998,77.95849999999999,18492
2026-04-28T19:00:00+00:00,77.95849999999999,78.12749999999998,77.88049999999998,77.95049999999999,13435
2026-04-28T19:30:00+00:00,77.95049999999999,78.21349999999998,77.8855,77.95249999999999,14376
2026-04-28T20:00:00+00:00,77.95249999999999,78.1355,77.81149999999998,77.86049999999999,4360
2026-04-28T20:30:00+00:00,77.86049999999999,77.92449999999998,77.81149999999998,77.84549999999999,3310
2026-04-28T22:00:00+00:00,77.84549999999999,78.36649999999999,77.84549999999999,78.29449999999999,4420.57517420574
2026-04-28T22:30:00+00:00,78.29449999999999,78.36249999999998,78.26049999999998,78.31849999999999,3151
2026-04-28T23:00:00+00:00,78.31849999999999,78.34549999999999,78.18849999999999,78.32149999999999,4609
2026-04-28T23:30:00+00:00,78.32149999999999,78.49249999999999,78.22149999999999,78.45849999999999,6825
2026-04-29T00:00:00+00:00,78.45849999999999,79.06349999999999,78.29049999999998,78.34949999999999,14461
2026-04-29T00:30:00+00:00,78.34949999999999,78.51649999999998,78.27549999999998,78.36549999999998,8723
2026-04-29T01:00:00+00:00,78.36549999999998,78.60449999999999,77.93649999999998,78.22449999999999,28939
2026-04-29T01:30:00+00:00,78.22449999999999,78.67849999999999,78.16849999999998,78.42849999999999,22767
2026-04-29T02:00:00+00:00,78.42849999999999,78.98849999999999,78.42849999999999,78.75849999999998,17146
2026-04-29T02:30:00+00:00,78.75849999999998,78.99449999999999,78.68049999999998,78.73149999999998,17961
2026-04-29T03:00:00+00:00,78.73149999999998,79.03849999999998,78.69449999999999,78.96349999999998,13414
2026-04-29T03:30:00+00:00,78.96349999999998,78.96349999999998,78.74549999999999,78.78149999999998,6578
2026-04-29T04:00:00+00:00,78.78149999999998,78.96549999999999,78.76849999999999,78.92949999999999,5664
2026-04-29T04:30:00+00:00,78.92949999999999,79.04749999999999,78.92749999999998,78.98749999999998,6225
2026-04-29T05:00:00+00:00,78.98749999999998,79.04249999999999,78.85049999999998,78.92549999999999,5659
2026-04-29T05:30:00+00:00,78.92549999999999,79.10749999999999,78.73849999999999,78.77549999999998,12821
2026-04-29T06:00:00+00:00,78.77549999999998,79.03249999999998,78.71649999999998,78.76549999999999,14301
2026-04-29T06:30:00+00:00,78.76549999999999,78.81749999999998,78.48549999999999,78.57949999999998,14173
2026-04-29T07:00:00+00:00,78.57949999999998,78.74149999999999,78.26649999999998,78.40749999999998,19410
2026-04-29T07:30:00+00:00,78.40749999999998,78.50549999999998,78.11149999999999,78.12349999999999,19994
2026-04-29T08:00:00+00:00,78.12349999999999,78.35849999999999,77.79849999999999,77.81949999999999,24760
2026-04-29T08:30:00+00:00,77.81949999999999,78.07049999999998,77.65649999999998,77.99749999999999,17584
2026-04-29T09:00:00+00:00,77.99749999999999,78.12349999999999,77.86049999999999,77.89449999999998,14397
2026-04-29T09:30:00+00:00,77.89449999999998,78.04349999999998,77.70249999999999,77.77449999999999,19426
2026-04-29T10:00:00+00:00,77.77449999999999,78.09449999999998,77.74849999999999,78.07949999999998,11829
2026-04-29T10:30:00+00:00,78.07949999999998,78.32349999999998,78.01649999999998,78.09549999999999,10280
2026-04-29T11:00:00+00:00,78.09549999999999,78.13649999999998,77.72449999999999,77.75949999999999,13960
2026-04-29T11:30:00+00:00,77.75949999999999,77.98649999999999,77.62749999999998,77.68049999999998,13592
2026-04-29T12:00:00+00:00,77.68049999999998,77.94449999999999,77.60449999999999,77.68249999999999,15080
2026-04-29T12:30:00+00:00,77.68249999999999,77.71049999999998,77.09749999999998,77.21149999999999,23275
2026-04-29T13:00:00+00:00,77.21149999999999,77.60749999999999,76.85649999999998,76.91749999999999,31931
2026-04-29T13:30:00+00:00,76.91749999999999,77.08949999999999,76.45749999999998,76.76949999999998,72027
2026-04-29T14:00:00+00:00,76.76949999999998,77.18949999999998,76.68349999999998,77.03849999999998,55671
2026-04-29T14:30:00+00:00,77.03849999999998,77.28949999999999,76.80649999999999,77.0045,44590
2026-04-29T15:00:00+00:00,77.0045,77.19549999999998,76.66649999999998,76.79349999999998,43715
2026-04-29T15:30:00+00:00,76.79349999999998,77.15349999999998,76.59149999999998,76.67949999999999,52847
2026-04-29T16:00:00+00:00,76.67949999999999,77.02749999999999,76.63249999999998,76.95549999999999,27523
2026-04-29T16:30:00+00:00,76.95549999999999,77.07349999999998,76.62849999999999,76.64649999999999,21432
2026-04-29T17:00:00+00:00,76.64649999999999,76.95849999999999,76.53549999999998,76.67749999999998,16885
2026-04-29T17:30:00+00:00,76.67749999999998,76.77149999999999,76.48749999999998,76.59549999999999,20200
2026-04-29T18:00:00+00:00,76.59549999999999,76.77349999999998,76.12449999999998,76.36549999999998,43143
2026-04-29T18:30:00+00:00,76.36549999999998,76.65649999999998,76.01349999999998,76.64449999999998,57702
2026-04-29T19:00:00+00:00,76.64449999999998,77.01949999999998,76.59249999999999,76.84449999999998,34787
2026-04-29T19:30:00+00:00,76.84449999999998,76.88549999999998,76.64749999999998,76.85449999999999,35439
2026-04-29T20:00:00+00:00,76.85449999999999,76.93249999999999,76.39949999999999,76.52249999999998,24067
2026-04-29T20:30:00+00:00,76.52249999999998,76.61149999999999,76.44749999999999,76.47449999999999,9039
2026-04-29T22:00:00+00:00,76.47449999999999,77.00349999999997,76.47449999999999,76.95549999999997,6110.7179079704765
2026-04-29T22:30:00+00:00,76.95549999999997,77.05849999999998,76.87349999999998,77.02049999999998,5501
2026-04-29T23:00:00+00:00,77.02049999999998,77.11009999999997,76.98509999999997,77.01809999999998,4014.506875910047
2026-04-29T23:30:00+00:00,77.01809999999998,77.29209999999998,77.00609999999998,77.26409999999998,5325
2026-04-30T00:00:00+00:00,77.26409999999998,77.57909999999998,77.24809999999998,77.57709999999997,17370
2026-04-30T00:30:00+00:00,77.57709999999997,77.74109999999997,77.44109999999998,77.51109999999998,10580
2026-04-30T01:00:00+00:00,77.51109999999998,78.39409999999998,77.49509999999998,78.30009999999997,18883
2026-04-30T01:30:00+00:00,78.30009999999997,78.41109999999998,78.07209999999998,78.32209999999998,20746
2026-04-30T02:00:00+00:00,78.32209999999998,78.52909999999999,78.04209999999998,78.06509999999997,11696
2026-04-30T02:30:00+00:00,78.06509999999997,78.09209999999997,77.57409999999997,77.69709999999998,18925
2026-04-30T03:00:00+00:00,77.69709999999998,77.88309999999998,77.61409999999998,77.68809999999998,11967
2026-04-30T03:30:00+00:00,77.68809999999998,77.71209999999998,77.41609999999997,77.44109999999998,8624
2026-04-30T04:00:00+00:00,77.44109999999998,77.55509999999998,77.30509999999998,77.36809999999998,11716
2026-04-30T04:30:00+00:00,77.36809999999998,77.39709999999998,77.02209999999998,77.03009999999998,11816
2026-04-30T05:00:00+00:00,77.03009999999998,77.42009999999998,77.02909999999999,77.33909999999997,11178
2026-04-30T05:30:00+00:00,77.33909999999997,77.80109999999998,77.28509999999997,77.63809999999998,13318
2026-04-30T06:00:00+00:00,77.63809999999998,77.84909999999998,77.57909999999998,77.81809999999997,15922
2026-04-30T06:30:00+00:00,77.81809999999997,78.45209999999997,77.81709999999998,78.39309999999998,20628
2026-04-30T07:00:00+00:00,78.39309999999998,78.57309999999998,78.15809999999998,78.29709999999997,18795
2026-04-30T07:30:00+00:00,78.29709999999997,78.76609999999998,78.18909999999998,78.55009999999997,15073
2026-04-30T08:00:00+00:00,78.55009999999997,79.21209999999998,78.49209999999998,78.78909999999998,24476
2026-04-30T08:30:00+00:00,78.78909999999998,78.96209999999998,78.72509999999998,78.75109999999998,18227
2026-04-30T09:00:00+00:00,78.75109999999998,78.90509999999998,78.58109999999998,78.89709999999998,16459
2026-04-30T09:30:00+00:00,78.89709999999998,79.10509999999998,78.76109999999998,78.88909999999998,18570
2026-04-30T10:00:00+00:00,78.88909999999998,79.21009999999998,78.87909999999998,79.20509999999997,14203
2026-04-30T10:30:00+00:00,79.20509999999997,79.38809999999998,78.95509999999997,79.13209999999998,26920
2026-04-30T11:00:00+00:00,79.13209999999998,79.38209999999998,78.96009999999998,79.33109999999998,25125
2026-04-30T11:30:00+00:00,79.33109999999998,79.35309999999998,78.91909999999997,79.00109999999998,19817
2026-04-30T12:00:00+00:00,79.00109999999998,79.26009999999998,78.97709999999998,79.18209999999998,16683
2026-04-30T12:30:00+00:00,79.18209999999998,79.24309999999998,78.79709999999997,78.96509999999998,21481
2026-04-30T13:00:00+00:00,78.96509999999998,79.31409999999998,78.94809999999998,79.10909999999998,29634
2026-04-30T13:30:00+00:00,79.10909999999998,79.27609999999999,78.27109999999998,78.39409999999998,66856
2026-04-30T14:00:00+00:00,78.39409999999998,78.86209999999998,78.36109999999998,78.81109999999998,63205
2026-04-30T14:30:00+00:00,78.81109999999998,78.88509999999998,78.25609999999998,78.59309999999998,76213
2026-04-30T15:00:00+00:00,78.59309999999998,78.82709999999997,78.44809999999998,78.76409999999998,61229
2026-04-30T15:30:00+00:00,78.76409999999998,78.99909999999998,78.42809999999997,78.60609999999998,38955
2026-04-30T16:00:00+00:00,78.60609999999998,78.68509999999998,78.42809999999997,78.56409999999998,25231
2026-04-30T16:30:00+00:00,78.56409999999998,78.83809999999998,78.52909999999999,78.74009999999998,21287
2026-04-30T17:00:00+00:00,78.74009999999998,79.13709999999998,78.72609999999997,79.02209999999998,26810
2026-04-30T17:30:00+00:00,79.02209999999998,79.33109999999998,78.95109999999998,79.10009999999998,22001
2026-04-30T18:00:00+00:00,79.10009999999998,79.28909999999998,78.99009999999998,79.03609999999998,16537
2026-04-30T18:30:00+00:00,79.03609999999998,79.31409999999998,78.98409999999998,79.15809999999998,12481
2026-04-30T19:00:00+00:00,79.15809999999998,79.39209999999999,78.96209999999998,79.01409999999998,17994
2026-04-30T19:30:00+00:00,79.01409999999998,79.17709999999998,78.95309999999998,79.09409999999998,15111
2026-04-30T20:00:00+00:00,79.09409999999998,79.17909999999998,79.03309999999998,79.07909999999998,9135
2026-04-30T20:30:00+00:00,79.07909999999998,79.23109999999998,79.03709999999998,79.15609999999998,4680
2026-04-30T22:00:00+00:00,79.15609999999998,80.64409999999998,79.15609999999998,80.48609999999998,6799.001504489202
2026-04-30T22:30:00+00:00,80.48609999999998,80.51709999999999,80.35709999999997,80.46909999999998,5434
2026-04-30T23:00:00+00:00,80.46909999999998,80.55109999999998,80.40409999999999,80.54009999999998,3152
2026-04-30T23:30:00+00:00,80.54009999999998,80.90009999999998,80.52109999999998,80.67109999999998,5358
2026-05-01T00:00:00+00:00,80.67109999999998,81.00709999999998,80.59109999999998,80.77109999999998,15130
2026-05-01T00:30:00+00:00,80.77109999999998,80.77109999999998,80.47009999999997,80.47909999999997,9959
2026-05-01T01:00:00+00:00,80.47909999999997,80.54609999999998,80.35409999999997,80.40209999999998,7582
2026-05-01T01:30:00+00:00,80.40209999999998,80.54609999999998,80.40109999999999,80.50709999999998,7517
2026-05-01T02:00:00+00:00,80.50709999999998,80.91709999999998,80.44909999999997,80.75709999999998,7469
2026-05-01T02:30:00+00:00,80.75709999999998,80.79609999999998,80.38309999999998,80.49909999999998,6164
2026-05-01T03:00:00+00:00,80.49909999999998,80.72109999999998,80.42909999999998,80.70809999999997,4555
2026-05-01T03:30:00+00:00,80.70809999999997,80.81109999999998,80.56909999999998,80.61809999999998,6890
2026-05-01T04:00:00+00:00,80.61809999999998,80.67809999999997,80.40909999999998,80.42809999999997,5738
2026-05-01T04:30:00+00:00,80.42809999999997,80.43009999999998,80.07509999999998,80.17509999999997,6143
2026-05-01T05:00:00+00:00,80.17509999999997,80.38009999999998,80.14109999999998,80.35509999999998,5255
2026-05-01T05:30:00+00:00,80.35509999999998,80.38009999999998,80.06909999999998,80.13109999999998,6178
2026-05-01T06:00:00+00:00,80.13109999999998,80.19709999999998,79.93109999999997,79.93809999999998,8924
2026-05-01T06:30:00+00:00,79.93809999999998,80.02809999999998,79.66709999999998,79.76509999999998,12396
2026-05-01T07:00:00+00:00,79.76509999999998,79.98509999999997,79.63609999999998,79.87309999999998,12843
2026-05-01T07:30:00+00:00,79.87309999999998,79.88009999999998,79.39409999999998,79.47909999999997,9784
2026-05-01T08:00:00+00:00,79.47909999999997,79.62909999999998,79.39409999999998,79.42709999999998,9750
2026-05-01T08:30:00+00:00,79.42709999999998,79.52209999999998,79.34309999999998,79.45909999999998,6655
2026-05-01T09:00:00+00:00,79.45909999999998,79.55609999999997,79.28609999999998,79.52909999999999,7013
2026-05-01T09:30:00+00:00,79.52909999999999,79.64109999999998,79.41909999999999,79.45409999999998,5842
2026-05-01T10:00:00+00:00,79.45409999999998,79.66809999999998,79.44409999999998,79.60809999999998,5638
2026-05-01T10:30:00+00:00,79.60809999999998,79.71609999999998,79.58309999999997,79.62609999999998,5867
2026-05-01T11:00:00+00:00,79.62609999999998,79.94909999999997,79.46509999999998,79.81609999999998,8353
2026-05-01T11:30:00+00:00,79.81609999999998,80.16309999999999,79.77809999999998,80.02809999999998,7755
2026-05-01T12:00:00+00:00,80.02809999999998,81.57009999999998,80.01309999999998,81.23609999999998,25449
2026-05-01T12:30:00+00:00,81.23609999999998,81.37009999999998,80.32009999999998,80.55009999999997,20427
2026-05-01T13:00:00+00:00,80.55009999999997,81.15809999999998,80.51209999999998,81.03809999999999,19087
2026-05-01T13:30:00+00:00,81.03809999999999,82.71509999999998,80.93909999999998,82.56909999999998,63432
2026-05-01T14:00:00+00:00,82.56909999999998,83.41409999999998,82.54909999999998,82.84409999999998,73549
2026-05-01T14:30:00+00:00,82.84409999999998,82.85109999999997,81.97309999999997,82.06609999999998,62473
2026-05-01T15:00:00+00:00,82.06609999999998,82.22009999999997,81.59309999999998,82.03609999999998,44944
2026-05-01T15:30:00+00:00,82.03609999999998,82.73709999999998,82.03309999999998,82.43009999999998,39674
2026-05-01T16:00:00+00:00,82.43009999999998,82.64609999999998,82.11509999999998,82.13909999999998,35857
2026-05-01T16:30:00+00:00,82.13909999999998,82.45909999999998,81.97109999999998,82.34909999999998,21535
2026-05-01T17:00:00+00:00,82.34909999999998,82.59309999999998,82.15709999999999,82.29209999999998,19619
2026-05-01T17:30:00+00:00,82.29209999999998,82.45809999999997,82.17409999999998,82.32009999999998,20165
2026-05-01T18:00:00+00:00,82.32009999999998,82.36109999999998,81.98209999999997,82.26009999999998,20604
2026-05-01T18:30:00+00:00,82.26009999999998,82.39709999999998,81.94709999999998,82.11609999999997,13383
2026-05-01T19:00:00+00:00,82.11609999999997,82.22509999999998,82.02009999999999,82.06309999999998,7825
2026-05-01T19:30:00+00:00,82.06309999999998,82.09509999999997,81.69009999999997,81.77609999999999,14947
2026-05-01T20:00:00+00:00,81.77609999999999,81.81109999999998,81.60409999999997,81.72409999999998,3238
2026-05-01T20:30:00+00:00,81.72409999999998,81.76309999999998,81.65309999999998,81.72109999999998,428
2026-05-03T22:00:00+00:00,81.72109999999998,82.23809999999999,81.26309999999998,81.91809999999998,17569.49923741739
2026-05-03T22:30:00+00:00,81.91809999999998,82.22709999999998,81.87109999999998,82.00509999999998,6968
2026-05-03T23:00:00+00:00,82.00509999999998,82.28509999999999,81.83309999999999,82.00109999999998,8151
2026-05-03T23:30:00+00:00,82.00109999999998,82.11909999999999,81.89709999999998,81.93109999999999,8051
2026-05-04T00:00:00+00:00,81.93109999999999,82.03709999999998,81.52609999999999,81.63209999999998,17928
2026-05-04T00:30:00+00:00,81.63209999999998,81.90109999999999,81.61909999999999,81.82909999999998,11436
2026-05-04T01:00:00+00:00,81.82909999999998,81.86009999999999,81.24909999999998,81.37109999999998,15423
2026-05-04T01:30:00+00:00,81.37109999999998,81.99609999999998,81.32709999999999,81.94409999999999,10683
2026-05-04T02:00:00+00:00,81.94409999999999,82.04609999999998,81.36809999999998,81.41109999999999,11835
2026-05-04T02:30:00+00:00,81.41109999999999,81.96009999999998,81.37609999999998,81.84409999999998,9395
2026-05-04T03:00:00+00:00,81.84409999999998,82.02409999999999,81.82609999999998,81.90309999999998,7254
2026-05-04T03:30:00+00:00,81.90309999999998,82.04609999999998,81.72009999999999,81.96509999999998,13918
2026-05-04T04:00:00+00:00,81.96509999999998,81.98409999999998,81.78409999999998,81.80309999999999,7765
2026-05-04T04:30:00+00:00,81.80309999999999,81.89609999999999,81.59509999999999,81.59909999999998,6456
2026-05-04T05:00:00+00:00,81.59909999999998,81.80209999999998,81.40109999999999,81.44509999999998,11092
2026-05-04T05:30:00+00:00,81.44509999999998,81.55309999999999,81.29709999999999,81.49709999999999,10231
2026-05-04T06:00:00+00:00,81.49709999999999,81.55909999999999,81.07909999999998,81.22809999999998,14440
2026-05-04T06:30:00+00:00,81.22809999999998,81.30809999999998,81.00109999999998,81.13109999999999,14807
2026-05-04T07:00:00+00:00,81.13109999999999,81.23609999999998,80.84609999999998,80.93609999999998,16024
2026-05-04T07:30:00+00:00,80.93609999999998,81.04909999999998,80.65909999999998,80.66809999999998,12737
2026-05-04T08:00:00+00:00,80.66809999999998,80.70709999999998,80.38009999999998,80.51909999999998,17235
2026-05-04T08:30:00+00:00,80.51909999999998,80.68709999999999,80.44009999999999,80.60509999999998,11971
2026-05-04T09:00:00+00:00,80.60509999999998,80.77709999999999,80.53909999999999,80.73309999999998,10352
2026-05-04T09:30:00+00:00,80.73309999999998,80.80709999999999,80.51509999999999,80.53409999999998,6533
2026-05-04T10:00:00+00:00,80.53409999999998,80.64209999999999,78.42809999999999,79.22509999999998,68252
2026-05-04T10:30:00+00:00,79.22509999999998,79.79409999999999,79.13109999999999,79.56509999999999,29862
2026-05-04T11:00:00+00:00,79.56509999999999,79.88109999999999,79.51809999999999,79.60909999999998,22618
2026-05-04T11:30:00+00:00,79.60909999999998,79.77409999999999,79.22309999999999,79.60309999999998,21315
2026-05-04T12:00:00+00:00,79.60309999999998,80.50409999999998,79.56909999999999,80.07809999999998,19325
2026-05-04T12:30:00+00:00,80.07809999999998,80.26309999999998,79.89409999999998,79.97109999999998,16463
2026-05-04T13:00:00+00:00,79.97109999999998,80.37609999999998,79.57509999999999,79.57609999999998,28125
2026-05-04T13:30:00+00:00,79.57609999999998,80.30309999999999,79.48209999999999,80.10809999999998,60472
2026-05-04T14:00:00+00:00,80.10809999999998,80.90009999999998,79.83309999999999,80.47609999999999,51192
2026-05-04T14:30:00+00:00,80.47609999999999,80.94609999999999,80.07409999999999,80.09309999999998,42789
2026-05-04T15:00:00+00:00,80.09309999999998,80.37409999999998,78.82609999999998,79.56709999999998,81731
2026-05-04T15:30:00+00:00,79.56709999999998,79.68009999999998,78.81109999999998,79.13609999999998,68080
2026-05-04T16:00:00+00:00,79.13609999999998,79.64209999999999,78.78809999999999,79.28009999999999,72921
2026-05-04T16:30:00+00:00,79.28009999999999,79.40909999999998,78.90309999999998,78.98209999999999,43398
2026-05-04T17:00:00+00:00,78.98209999999999,79.59509999999999,78.98209999999999,79.16709999999999,43025
2026-05-04T17:30:00+00:00,79.16709999999999,79.24509999999998,78.98709999999998,79.09809999999999,28338
2026-05-04T18:00:00+00:00,79.09809999999999,79.33909999999999,78.73109999999998,78.88909999999998,27731
2026-05-04T18:30:00+00:00,78.88909999999998,79.07509999999999,78.75509999999998,78.96509999999998,25006
2026-05-04T19:00:00+00:00,78.96509999999998,79.38309999999998,78.88709999999999,79.16109999999999,29107
2026-05-04T19:30:00+00:00,79.16109999999999,79.31909999999999,79.04209999999999,79.07609999999998,16329
2026-05-04T20:00:00+00:00,79.07609999999998,79.07809999999998,78.88509999999998,78.92609999999999,2848
2026-05-04T20:30:00+00:00,78.92609999999999,79.01309999999998,78.90409999999999,78.90409999999999,2479
2026-05-04T22:00:00+00:00,78.90409999999999,79.29309999999998,78.90409999999999,79.23109999999998,5489.074813902426
2026-05-04T22:30:00+00:00,79.23109999999998,79.30309999999999,79.00709999999998,79.06909999999998,3970
2026-05-04T23:00:00+00:00,79.06909999999998,79.21009999999998,78.94709999999998,79.12109999999998,3963
2026-05-04T23:30:00+00:00,79.12109999999998,79.14709999999998,78.98509999999999,79.05209999999998,3994
2026-05-05T00:00:00+00:00,79.05209999999998,79.31409999999998,78.84209999999999,78.92209999999999,8572
2026-05-05T00:30:00+00:00,78.92209999999999,79.27209999999998,78.90809999999999,79.21209999999998,6164
2026-05-05T01:00:00+00:00,79.21209999999998,79.45509999999999,79.06809999999999,79.27609999999999,8317
2026-05-05T01:30:00+00:00,79.27609999999999,79.37909999999998,79.05709999999998,79.31309999999998,12355
2026-05-05T02:00:00+00:00,79.31309999999998,79.52609999999999,79.22309999999999,79.48109999999998,8406
2026-05-05T02:30:00+00:00,79.48109999999998,79.68209999999998,79.45109999999998,79.53309999999999,7229
2026-05-05T03:00:00+00:00,79.53309999999999,79.61309999999999,79.20809999999999,79.27109999999999,5816
2026-05-05T03:30:00+00:00,79.27109999999999,79.36409999999998,79.07509999999998,79.12409999999998,5649
2026-05-05T04:00:00+00:00,79.12409999999998,79.26309999999998,79.12209999999999,79.20209999999999,4666
2026-05-05T04:30:00+00:00,79.20209999999999,79.34309999999998,79.13809999999998,79.20609999999998,6536
2026-05-05T05:00:00+00:00,79.20609999999998,79.50409999999998,79.10509999999998,79.46209999999998,7780
2026-05-05T05:30:00+00:00,79.46209999999998,79.91409999999998,79.42709999999998,79.56509999999999,11069
2026-05-05T06:00:00+00:00,79.56509999999999,79.90409999999999,79.07109999999999,79.24309999999998,14537
2026-05-05T06:30:00+00:00,79.24309999999998,79.71209999999998,79.23209999999999,79.60309999999998,13198
2026-05-05T07:00:00+00:00,79.60309999999998,79.97109999999998,79.58309999999999,79.79209999999998,13829
2026-05-05T07:30:00+00:00,79.79209999999998,80.20909999999998,79.73209999999999,79.77009999999999,13580
2026-05-05T08:00:00+00:00,79.77009999999999,79.93109999999999,79.73709999999998,79.86309999999999,12746
2026-05-05T08:30:00+00:00,79.86309999999999,80.22909999999999,79.82209999999998,80.17209999999999,12233
2026-05-05T09:00:00+00:00,80.17209999999999,80.21009999999998,79.98209999999999,80.03509999999999,11657
2026-05-05T09:30:00+00:00,80.03509999999999,80.26509999999999,80.00909999999999,80.17809999999999,10800
2026-05-05T10:00:00+00:00,80.17809999999999,80.20209999999999,79.95709999999998,79.97009999999999,8956
2026-05-05T10:30:00+00:00,79.97009999999999,80.34009999999998,79.82109999999999,79.85909999999998,11843
2026-05-05T11:00:00+00:00,79.85909999999998,80.12009999999998,79.69509999999998,80.09009999999998,14029
2026-05-05T11:30:00+00:00,80.09009999999998,80.22109999999998,80.02109999999999,80.16209999999998,11631
2026-05-05T12:00:00+00:00,80.16209999999998,80.57809999999998,79.91509999999998,80.38209999999998,24539
2026-05-05T12:30:00+00:00,80.38209999999998,80.41809999999998,79.79609999999998,79.87609999999998,13669
2026-05-05T13:00:00+00:00,79.87609999999998,80.70709999999998,79.83409999999998,80.23609999999998,20103
2026-05-05T13:30:00+00:00,80.23609999999998,80.31509999999999,79.84209999999999,80.12309999999998,42609
2026-05-05T14:00:00+00:00,80.12309999999998,80.44009999999999,79.67109999999998,80.24709999999999,58133
2026-05-05T14:30:00+00:00,80.24709999999999,80.34109999999998,80.02209999999998,80.17409999999998,34739
2026-05-05T15:00:00+00:00,80.17409999999998,80.25809999999998,79.98809999999999,80.10109999999999,23364
2026-05-05T15:30:00+00:00,80.10109999999999,80.21709999999999,79.86009999999999,79.92109999999998,25670
2026-05-05T16:00:00+00:00,79.92109999999998,80.08009999999999,79.40909999999998,79.50309999999999,14965
2026-05-05T16:30:00+00:00,79.50309999999999,79.67809999999999,79.27909999999999,79.55909999999999,15008
2026-05-05T17:00:00+00:00,79.55909999999999,79.86109999999998,79.44209999999998,79.56209999999999,14083
2026-05-05T17:30:00+00:00,79.56209999999999,79.77409999999999,79.49809999999998,79.52809999999998,9033
2026-05-05T18:00:00+00:00,79.52809999999998,79.71009999999998,79.49409999999999,79.70709999999998,9330
2026-05-05T18:30:00+00:00,79.70709999999998,79.70909999999998,79.38309999999998,79.40509999999999,6898
2026-05-05T19:00:00+00:00,79.40509999999999,79.44009999999999,79.23609999999998,79.28609999999998,7944
2026-05-05T19:30:00+00:00,79.28609999999998,79.37709999999998,79.22309999999999,79.28409999999998,10883
2026-05-05T20:00:00+00:00,79.28409999999998,79.43709999999999,79.24309999999998,79.39409999999998,2913
2026-05-05T20:30:00+00:00,79.39409999999998,79.40909999999998,79.19409999999998,79.25309999999999,2553
2026-05-05T22:00:00+00:00,79.25309999999999,79.60009999999998,79.25309999999999,79.36609999999999,5408.217947747065
2026-05-05T22:30:00+00:00,79.36609999999999,80.27509999999998,79.33809999999998,79.96309999999998,11441
2026-05-05T23:00:00+00:00,79.96309999999998,80.81209999999999,79.87009999999998,80.46509999999998,13943
2026-05-05T23:30:00+00:00,80.46509999999998,80.71209999999998,80.39709999999998,80.59209999999999,10914
2026-05-06T00:00:00+00:00,80.59209999999999,80.72809999999998,80.31209999999999,80.61809999999998,17379
2026-05-06T00:30:00+00:00,80.61809999999998,81.26609999999998,80.60209999999998,81.17309999999999,15220
2026-05-06T01:00:00+00:00,81.17309999999999,81.73409999999998,80.93409999999999,81.63009999999998,28655
2026-05-06T01:30:00+00:00,81.63009999999998,81.85709999999999,81.46909999999998,81.52309999999999,28577
2026-05-06T02:00:00+00:00,81.52309999999999,81.80809999999998,81.45209999999999,81.46509999999998,17677
2026-05-06T02:30:00+00:00,81.46509999999998,82.03709999999998,81.33809999999998,81.97609999999999,19054
2026-05-06T03:00:00+00:00,81.97609999999999,82.43109999999999,81.91709999999999,82.23609999999998,17268
2026-05-06T03:30:00+00:00,82.23609999999998,82.33009999999999,82.12609999999998,82.22609999999999,12855
2026-05-06T04:00:00+00:00,82.22609999999999,82.54309999999998,82.21109999999999,82.51309999999998,8256
2026-05-06T04:30:00+00:00,82.51309999999998,82.51409999999998,82.34409999999998,82.34709999999998,10534
2026-05-06T05:00:00+00:00,82.34709999999998,82.57909999999998,82.26409999999998,82.32009999999998,6533
2026-05-06T05:30:00+00:00,82.32009999999998,82.67709999999998,82.13609999999998,82.62209999999999,17014
2026-05-06T06:00:00+00:00,82.62209999999999,82.68409999999999,82.43709999999999,82.56609999999998,21902
2026-05-06T06:30:00+00:00,82.56609999999998,82.60809999999998,82.33009999999999,82.60009999999998,19327
2026-05-06T07:00:00+00:00,82.60009999999998,82.75209999999998,82.40409999999999,82.63909999999998,13949
2026-05-06T07:30:00+00:00,82.63909999999998,83.03709999999998,82.51109999999998,83.02109999999999,17272
2026-05-06T08:00:00+00:00,83.02109999999999,83.05309999999999,82.80609999999999,82.81909999999998,12320
2026-05-06T08:30:00+00:00,82.81909999999998,84.00709999999998,82.68509999999998,83.63709999999999,29270
2026-05-06T09:00:00+00:00,83.63709999999999,83.83809999999998,83.32109999999999,83.59909999999998,26762
2026-05-06T09:30:00+00:00,83.59909999999998,83.98609999999998,83.53609999999999,83.92709999999998,25671
2026-05-06T10:00:00+00:00,83.92709999999998,84.15309999999998,83.87109999999998,84.06109999999998,16817
2026-05-06T10:30:00+00:00,84.06109999999998,84.59409999999998,84.05809999999998,84.27209999999998,27970
2026-05-06T11:00:00+00:00,84.27209999999998,84.48709999999998,84.04609999999998,84.16809999999998,27353
2026-05-06T11:30:00+00:00,84.16809999999998,84.50809999999998,83.50609999999999,83.56309999999998,26915
2026-05-06T12:00:00+00:00,83.56309999999998,83.59509999999999,82.44709999999998,83.26709999999999,43929
2026-05-06T12:30:00+00:00,83.26709999999999,83.70709999999998,83.22109999999998,83.59709999999998,31876
2026-05-06T13:00:00+00:00,83.59709999999998,84.02909999999999,83.13109999999999,83.61609999999999,44328
2026-05-06T13:30:00+00:00,83.61609999999999,84.16909999999999,83.47409999999998,84.03809999999999,62334
2026-05-06T14:00:00+00:00,84.03809999999999,84.56309999999998,83.71809999999998,84.10109999999999,53060
2026-05-06T14:30:00+00:00,84.10109999999999,84.61109999999998,84.06909999999998,84.18109999999999,50860
2026-05-06T15:00:00+00:00,84.18109999999999,84.39909999999999,83.82109999999999,84.02509999999998,36375
2026-05-06T15:30:00+00:00,84.02509999999998,84.18509999999998,83.72209999999998,83.73309999999998,32718
2026-05-06T16:00:00+00:00,83.73309999999998,83.94009999999999,83.61309999999999,83.87809999999999,28190
2026-05-06T16:30:00+00:00,83.87809999999999,83.96809999999998,83.46709999999999,83.56409999999998,23645
2026-05-06T17:00:00+00:00,83.56409999999998,83.73409999999998,83.44709999999998,83.58609999999999,23635
2026-05-06T17:30:00+00:00,83.58609999999999,83.84509999999999,83.52809999999998,83.82809999999998,15143
2026-05-06T18:00:00+00:00,83.82809999999998,84.02609999999999,83.75609999999999,83.90009999999998,12788.927941010603
2026-05-06T18:30:00+00:00,83.90009999999998,83.94809999999998,83.76009999999998,83.77609999999999,13745
2026-05-06T19:00:00+00:00,83.77609999999999,84.28809999999999,83.76809999999999,84.22609999999999,15275
2026-05-06T19:30:00+00:00,84.22609999999999,84.38909999999998,84.08309999999999,84.18609999999998,25059
2026-05-06T20:00:00+00:00,84.18609999999998,84.32809999999998,84.18209999999999,84.23009999999998,8148
2026-05-06T20:30:00+00:00,84.23009999999998,84.30109999999999,83.97909999999999,84.03509999999999,6484
2026-05-06T22:00:00+00:00,84.03509999999999,85.21109999999999,84.03509999999999,84.96409999999999,9537.89435297903
2026-05-06T22:30:00+00:00,84.96409999999999,85.12809999999999,84.95009999999998,85.00709999999998,4850
2026-05-06T23:00:00+00:00,85.00709999999998,85.07709999999999,84.96409999999999,85.02709999999999,3957
2026-05-06T23:30:00+00:00,85.02709999999999,85.45109999999998,84.98609999999998,85.12309999999998,5283
2026-05-07T00:00:00+00:00,85.12309999999998,85.18009999999998,84.79109999999999,84.81609999999999,13611
2026-05-07T00:30:00+00:00,84.81609999999999,84.90109999999999,84.66909999999999,84.76209999999999,9874
2026-05-07T01:00:00+00:00,84.76209999999999,85.72609999999999,84.58009999999999,85.28509999999999,22610
2026-05-07T01:30:00+00:00,85.28509999999999,86.03509999999999,85.24109999999999,85.65709999999999,20156
2026-05-07T02:00:00+00:00,85.65709999999999,85.88109999999999,85.20409999999998,85.43409999999999,15085
2026-05-07T02:30:00+00:00,85.43409999999999,85.62009999999998,85.14309999999999,85.48109999999998,12957
2026-05-07T03:00:00+00:00,85.48109999999998,85.57109999999999,85.32709999999999,85.44009999999999,13191
2026-05-07T03:30:00+00:00,85.44009999999999,85.45709999999998,85.18909999999998,85.20609999999998,8519
2026-05-07T04:00:00+00:00,85.20609999999998,85.33309999999999,85.08109999999998,85.22309999999999,8442
2026-05-07T04:30:00+00:00,85.22309999999999,85.33009999999999,85.11909999999999,85.29909999999998,5893
2026-05-07T05:00:00+00:00,85.29909999999998,85.62209999999999,85.16809999999998,85.25709999999998,4884
2026-05-07T05:30:00+00:00,85.25709999999998,85.70809999999999,85.18109999999999,85.34109999999998,11383
2026-05-07T06:00:00+00:00,85.34109999999998,86.10109999999999,85.33609999999999,86.09909999999998,11772
2026-05-07T06:30:00+00:00,86.09909999999998,86.61509999999998,86.05609999999999,86.46509999999998,19184
2026-05-07T07:00:00+00:00,86.46509999999998,87.21009999999998,86.30509999999998,86.95509999999999,29096
2026-05-07T07:30:00+00:00,86.95509999999999,87.39009999999999,86.90809999999999,87.34309999999998,18933
2026-05-07T08:00:00+00:00,87.34309999999998,87.56209999999999,87.15909999999998,87.33609999999999,24483
2026-05-07T08:30:00+00:00,87.33609999999999,87.47609999999999,87.11209999999998,87.21409999999999,14146
2026-05-07T09:00:00+00:00,87.21409999999999,87.38309999999998,87.02709999999999,87.35409999999999,17001
2026-05-07T09:30:00+00:00,87.35409999999999,87.98009999999998,87.32609999999998,87.82709999999999,14690
2026-05-07T10:00:00+00:00,87.82709999999999,88.16609999999999,87.78209999999999,87.94309999999999,13583
2026-05-07T10:30:00+00:00,87.94309999999999,88.19509999999998,87.84509999999999,87.92709999999998,12491
2026-05-07T11:00:00+00:00,87.92709999999998,88.38909999999998,87.89109999999998,88.28009999999999,15259
2026-05-07T11:30:00+00:00,88.28009999999999,88.69609999999999,88.25409999999998,88.53309999999999,16662
2026-05-07T12:00:00+00:00,88.53309999999999,89.36309999999999,88.50809999999998,89.08809999999998,28431
2026-05-07T12:30:00+00:00,89.08809999999998,89.28209999999999,88.79209999999999,89.08009999999999,23069
2026-05-07T13:00:00+00:00,89.08009999999999,89.20709999999998,88.45109999999998,88.59809999999999,41414
2026-05-07T13:30:00+00:00,88.59809999999999,89.09809999999999,88.45909999999998,88.88709999999999,75635
2026-05-07T14:00:00+00:00,88.88709999999999,89.46009999999998,88.82509999999998,89.33809999999998,63044
2026-05-07T14:30:00+00:00,89.33809999999998,89.73309999999998,89.25609999999999,89.61309999999999,40891
2026-05-07T15:00:00+00:00,89.61309999999999,89.62609999999998,88.54409999999999,88.66509999999998,50541
2026-05-07T15:30:00+00:00,88.66509999999998,89.02009999999999,87.96109999999999,88.02809999999998,53513
2026-05-07T16:00:00+00:00,88.02809999999998,88.15909999999998,86.97009999999999,87.61809999999998,75854
2026-05-07T16:30:00+00:00,87.61809999999998,87.67409999999998,87.29509999999999,87.46909999999998,47291
2026-05-07T17:00:00+00:00,87.46909999999998,87.64509999999999,86.43409999999999,86.72009999999999,62989
2026-05-07T17:30:00+00:00,86.72009999999999,87.39909999999999,86.55309999999999,87.36609999999999,69959
2026-05-07T18:00:00+00:00,87.36609999999999,87.45209999999999,87.08309999999999,87.24709999999999,44668
2026-05-07T18:30:00+00:00,87.24709999999999,87.39609999999999,86.24309999999998,86.83309999999999,56151
2026-05-07T19:00:00+00:00,86.83309999999999,87.03909999999999,86.35609999999998,86.63709999999999,51025
2026-05-07T19:30:00+00:00,86.63709999999999,87.06409999999998,86.58109999999998,86.72109999999998,39724
2026-05-07T20:00:00+00:00,86.72109999999998,87.57009999999998,86.70709999999998,87.38009999999998,15664
2026-05-07T20:30:00+00:00,87.38009999999998,87.54909999999998,85.88309999999998,85.96609999999998,22043
2026-05-07T22:00:00+00:00,85.96609999999998,86.78409999999998,85.93709999999999,86.71009999999998,18571.042241116495
2026-05-07T22:30:00+00:00,86.71009999999998,86.81909999999999,86.19409999999999,86.41509999999998,9932
2026-05-07T23:00:00+00:00,86.41509999999998,86.9831,86.39609999999999,86.91909999999999,7956
2026-05-07T23:30:00+00:00,86.91909999999999,87.16509999999998,86.87209999999999,87.12009999999998,7896
2026-05-08T00:00:00+00:00,87.12009999999998,87.35709999999999,86.70009999999999,86.75109999999998,18640
2026-05-08T00:30:00+00:00,86.75109999999998,87.10109999999999,86.7271,87.00109999999998,15885
2026-05-08T01:00:00+00:00,87.00109999999998,87.88409999999999,86.95109999999998,87.76609999999998,23611
2026-05-08T01:30:00+00:00,87.76609999999998,88.20009999999999,87.49009999999998,87.81909999999999,19345
2026-05-08T02:00:00+00:00,87.81909999999999,88.04309999999998,87.57809999999999,87.61909999999999,13777
2026-05-08T02:30:00+00:00,87.61909999999999,87.77309999999999,87.24309999999998,87.54909999999998,23308
2026-05-08T03:00:00+00:00,87.54909999999998,87.83209999999998,87.44509999999998,87.71009999999998,14412
2026-05-08T03:30:00+00:00,87.71009999999998,88.03809999999999,87.64609999999999,87.74009999999998,8481
2026-05-08T04:00:00+00:00,87.74009999999998,87.84909999999999,87.58209999999998,87.70209999999999,7116
2026-05-08T04:30:00+00:00,87.70209999999999,87.73809999999999,87.18609999999998,87.49309999999998,8899
2026-05-08T05:00:00+00:00,87.49309999999998,87.83809999999998,87.48509999999999,87.79209999999999,8763
2026-05-08T05:30:00+00:00,87.79209999999999,88.54909999999998,87.79009999999998,88.32109999999999,21225
2026-05-08T06:00:00+00:00,88.32109999999999,88.60309999999998,87.95809999999999,88.56009999999999,28667
2026-05-08T06:30:00+00:00,88.56009999999999,88.57709999999999,88.14409999999998,88.19609999999999,22475
2026-05-08T07:00:00+00:00,88.19609999999999,88.25109999999998,87.21209999999999,87.50509999999998,28355
2026-05-08T07:30:00+00:00,87.50509999999998,87.86609999999999,87.25009999999999,87.75609999999999,24238
2026-05-08T08:00:00+00:00,87.75609999999999,88.22809999999998,87.67209999999999,88.14209999999999,25419
2026-05-08T08:30:00+00:00,88.14209999999999,88.32009999999998,87.97109999999999,88.03309999999999,18657
2026-05-08T09:00:00+00:00,88.03309999999999,88.48409999999998,87.94309999999999,88.35709999999999,16442
2026-05-08T09:30:00+00:00,88.35709999999999,88.42809999999999,87.92009999999999,88.09009999999999,21636
2026-05-08T10:00:00+00:00,88.09009999999999,88.63509999999998,88.06709999999998,88.43909999999998,17673
2026-05-08T10:30:00+00:00,88.43909999999998,88.79609999999998,88.27109999999999,88.51709999999999,21244
2026-05-08T11:00:00+00:00,88.51709999999999,88.82609999999998,88.36109999999998,88.49509999999998,21167
2026-05-08T11:30:00+00:00,88.49509999999998,88.77409999999999,88.35709999999999,88.61809999999998,17475
2026-05-08T12:00:00+00:00,88.61809999999998,88.83809999999998,88.23209999999999,88.39109999999998,25825
2026-05-08T12:30:00+00:00,88.39109999999998,89.4801,88.16009999999999,89.01609999999998,42902
2026-05-08T13:00:00+00:00,89.01609999999998,89.16809999999998,88.41609999999999,88.87009999999998,42831
2026-05-08T13:30:00+00:00,88.87009999999998,89.51809999999999,88.82409999999999,89.38309999999998,63790
2026-05-08T14:00:00+00:00,89.38309999999998,89.44009999999999,88.38109999999999,88.46809999999999,61391
2026-05-08T14:30:00+00:00,88.46809999999999,88.84009999999999,88.36509999999998,88.47409999999999,43658
2026-05-08T15:00:00+00:00,88.47409999999999,88.71409999999999,87.87509999999999,88.21209999999999,44698
2026-05-08T15:30:00+00:00,88.21209999999999,88.30609999999999,87.76409999999998,87.79209999999999,42118
2026-05-08T16:00:00+00:00,87.79209999999999,88.37009999999998,87.76009999999998,88.35909999999998,26439
2026-05-08T16:30:00+00:00,88.35909999999998,88.40909999999998,87.93109999999999,87.97809999999998,21235
2026-05-08T17:00:00+00:00,87.97809999999998,88.30809999999998,87.92909999999999,88.25809999999998,22509
2026-05-08T17:30:00+00:00,88.25809999999998,88.38609999999998,88.21509999999999,88.25609999999999,17385
2026-05-08T18:00:00+00:00,88.25609999999999,88.78409999999998,88.24409999999999,88.52909999999999,22123
2026-05-08T18:30:00+00:00,88.52909999999999,88.55009999999999,88.30209999999998,88.36009999999999,17201
2026-05-08T19:00:00+00:00,88.36009999999999,88.61609999999999,88.31209999999999,88.44209999999998,18741
2026-05-08T19:30:00+00:00,88.44209999999998,88.68909999999998,88.36909999999999,88.57809999999999,21767
2026-05-08T20:00:00+00:00,88.57809999999999,88.58109999999999,88.18309999999998,88.24309999999998,6874
2026-05-08T20:30:00+00:00,88.24309999999998,88.32409999999999,88.19709999999999,88.26009999999998,2206
2026-05-10T22:00:00+00:00,88.26009999999998,88.26009999999998,86.83109999999998,87.49709999999997,15623.83468013468
2026-05-10T22:30:00+00:00,87.49709999999997,87.82509999999998,87.37609999999998,87.75809999999998,9145
2026-05-10T23:00:00+00:00,87.75809999999998,88.10209999999998,87.70809999999997,87.98609999999998,8285
2026-05-10T23:30:00+00:00,87.98609999999998,88.10209999999998,87.71509999999998,87.78109999999998,7073
2026-05-11T00:00:00+00:00,87.78109999999998,87.97209999999998,87.58809999999998,87.86709999999998,17823
2026-05-11T00:30:00+00:00,87.86709999999998,88.30709999999998,87.34809999999999,87.78909999999998,26177
2026-05-11T01:00:00+00:00,87.78909999999998,88.53109999999998,87.33809999999998,88.41809999999998,46879
2026-05-11T01:30:00+00:00,88.41809999999998,88.62109999999998,88.23909999999998,88.58209999999998,31746
2026-05-11T02:00:00+00:00,88.58209999999998,88.98609999999998,88.43909999999998,88.85209999999998,21242
2026-05-11T02:30:00+00:00,88.85209999999998,89.40509999999998,88.66909999999999,88.73409999999998,30738
2026-05-11T03:00:00+00:00,88.73409999999998,88.90009999999998,88.51409999999998,88.76209999999998,23981
2026-05-11T03:30:00+00:00,88.76209999999998,88.79309999999998,88.35109999999999,88.43309999999998,14771
2026-05-11T04:00:00+00:00,88.43309999999998,88.47009999999999,88.12809999999999,88.21309999999998,13920
2026-05-11T04:30:00+00:00,88.21309999999998,88.28309999999998,88.00009999999999,88.09909999999998,9528
2026-05-11T05:00:00+00:00,88.09909999999998,88.32609999999998,87.95309999999998,87.95509999999999,8442
2026-05-11T05:30:00+00:00,87.95509999999999,88.45209999999999,87.52909999999999,87.68309999999998,27945
2026-05-11T06:00:00+00:00,87.68309999999998,88.23509999999999,87.62109999999998,88.22509999999998,28188
2026-05-11T06:30:00+00:00,88.22509999999998,88.51209999999998,88.17709999999998,88.38709999999998,22459
2026-05-11T07:00:00+00:00,88.38709999999998,88.46409999999999,88.16409999999998,88.30009999999999,17365
2026-05-11T07:30:00+00:00,88.30009999999999,88.34809999999999,87.94009999999999,88.07409999999999,16060
2026-05-11T08:00:00+00:00,88.07409999999999,88.44609999999999,87.98609999999998,88.18709999999999,22704
2026-05-11T08:30:00+00:00,88.18709999999999,88.30609999999999,88.05109999999998,88.05909999999999,13477
2026-05-11T09:00:00+00:00,88.05909999999999,88.10809999999998,87.87809999999999,87.90509999999998,11889
2026-05-11T09:30:00+00:00,87.90509999999998,88.16409999999998,87.80609999999999,87.90309999999998,13329
2026-05-11T10:00:00+00:00,87.90309999999998,88.22109999999998,87.87909999999998,88.15709999999999,10215
2026-05-11T10:30:00+00:00,88.15709999999999,88.33709999999998,88.11809999999998,88.14909999999998,14381
2026-05-11T11:00:00+00:00,88.14909999999998,88.39809999999999,88.12709999999998,88.39009999999998,13153
2026-05-11T11:30:00+00:00,88.39009999999998,89.13809999999998,88.34709999999998,89.11309999999999,22425
2026-05-11T12:00:00+00:00,89.11309999999999,90.79209999999998,88.84009999999998,90.61109999999998,37741
2026-05-11T12:30:00+00:00,90.61109999999998,91.64109999999998,90.47909999999999,91.41309999999999,41266
2026-05-11T13:00:00+00:00,91.41309999999999,93.18109999999999,91.29309999999998,92.95709999999998,63432
2026-05-11T13:30:00+00:00,92.95709999999998,93.64709999999998,92.79109999999999,93.29909999999998,77521
2026-05-11T14:00:00+00:00,93.29909999999998,93.34409999999998,92.13009999999998,92.38109999999998,64457
2026-05-11T14:30:00+00:00,92.38109999999998,92.79009999999998,91.93809999999998,92.67809999999999,55168
2026-05-11T15:00:00+00:00,92.67809999999999,93.62709999999998,92.60309999999998,93.45409999999998,36204
2026-05-11T15:30:00+00:00,93.45409999999998,93.79609999999998,93.34609999999998,93.74709999999999,32911
2026-05-11T16:00:00+00:00,93.74709999999999,93.80009999999999,93.21509999999998,93.29409999999999,23366
2026-05-11T16:30:00+00:00,93.29409999999999,93.41909999999999,92.75409999999998,92.96609999999998,42931
2026-05-11T17:00:00+00:00,92.96609999999998,93.22209999999998,92.76309999999998,93.15509999999998,29053
2026-05-11T17:30:00+00:00,93.15509999999998,93.44109999999998,93.15409999999999,93.43709999999999,12657
2026-05-11T18:00:00+00:00,93.43709999999999,93.65109999999999,93.28209999999999,93.62309999999998,19898
2026-05-11T18:30:00+00:00,93.62309999999998,93.96109999999999,93.56609999999998,93.56609999999998,14591
2026-05-11T19:00:00+00:00,93.56609999999998,93.90409999999999,93.55909999999999,93.78809999999999,20276
2026-05-11T19:30:00+00:00,93.78809999999999,93.96109999999999,93.58309999999999,93.94009999999999,21457
2026-05-11T20:00:00+00:00,93.94009999999999,93.95909999999998,93.42909999999998,93.77409999999998,7570
2026-05-11T20:30:00+00:00,93.77409999999998,94.01209999999998,93.76309999999998,93.77409999999998,6660
2026-05-11T22:00:00+00:00,93.77409999999998,94.79009999999998,93.77409999999998,94.72009999999999,6698.1897685845615
2026-05-11T22:30:00+00:00,94.72009999999999,95.35209999999998,94.67209999999999,95.26009999999998,7067
2026-05-11T23:00:00+00:00,95.26009999999998,95.49209999999998,94.44009999999999,95.00709999999998,10830
2026-05-11T23:30:00+00:00,95.00709999999998,95.65409999999999,94.94909999999999,95.52609999999999,12551
2026-05-12T00:00:00+00:00,95.52609999999999,95.52609999999999,94.62609999999998,94.94209999999998,26001
2026-05-12T00:30:00+00:00,94.94209999999998,94.99009999999998,94.37509999999997,94.40809999999998,17457
2026-05-12T01:00:00+00:00,94.40809999999998,95.45809999999999,94.23009999999998,94.76409999999998,42901
2026-05-12T01:30:00+00:00,94.76409999999998,95.02509999999998,93.85509999999998,94.41409999999998,40727
2026-05-12T02:00:00+00:00,94.41409999999998,94.87409999999998,94.30009999999999,94.42409999999998,24175
2026-05-12T02:30:00+00:00,94.42409999999998,94.83809999999998,93.91609999999999,94.67709999999998,26987
2026-05-12T03:00:00+00:00,94.67709999999998,94.80409999999998,94.31809999999999,94.41709999999998,22478
2026-05-12T03:30:00+00:00,94.41709999999998,94.81009999999998,94.29009999999998,94.48809999999997,11812
2026-05-12T04:00:00+00:00,94.48809999999997,94.88309999999998,94.43809999999998,94.52309999999999,13744
2026-05-12T04:30:00+00:00,94.52309999999999,94.68209999999998,94.28609999999998,94.40409999999999,12807
2026-05-12T05:00:00+00:00,94.40409999999999,94.61309999999997,94.01009999999998,94.18909999999998,16474
2026-05-12T05:30:00+00:00,94.18909999999998,94.52209999999998,93.55809999999998,93.87209999999997,28529
2026-05-12T06:00:00+00:00,93.87209999999997,93.87409999999998,93.02209999999998,93.06209999999999,34936
2026-05-12T06:30:00+00:00,93.06209999999999,93.28709999999998,92.13609999999998,92.55109999999998,32737
2026-05-12T07:00:00+00:00,92.55109999999998,92.73809999999997,91.87309999999998,92.60709999999997,30333
2026-05-12T07:30:00+00:00,92.60709999999997,93.11609999999997,92.42609999999998,92.85209999999998,22001
2026-05-12T08:00:00+00:00,92.85209999999998,93.10909999999998,92.45909999999998,92.66609999999999,22450
2026-05-12T08:30:00+00:00,92.66609999999999,92.79609999999998,92.33109999999998,92.68109999999999,19236
2026-05-12T09:00:00+00:00,92.68109999999999,92.70909999999998,92.22909999999997,92.37209999999997,17107
2026-05-12T09:30:00+00:00,92.37209999999997,92.75509999999998,92.21309999999998,92.30909999999999,21100
2026-05-12T10:00:00+00:00,92.30909999999999,92.78009999999998,92.30509999999998,92.38509999999998,15754
2026-05-12T10:30:00+00:00,92.38509999999998,92.38909999999998,91.90009999999998,92.07309999999998,22752
2026-05-12T11:00:00+00:00,92.07309999999998,92.28809999999999,91.44309999999999,91.97609999999997,27409
2026-05-12T11:30:00+00:00,91.97609999999997,92.53509999999999,91.96209999999998,92.49409999999997,21473
2026-05-12T12:00:00+00:00,92.49409999999997,92.52409999999998,91.87509999999997,92.26709999999999,30212
2026-05-12T12:30:00+00:00,92.26709999999999,93.29909999999998,91.74609999999998,92.82709999999999,48276
2026-05-12T13:00:00+00:00,92.82709999999999,93.26509999999998,92.36609999999997,92.90209999999998,63239
2026-05-12T13:30:00+00:00,92.90209999999998,93.75609999999998,92.82809999999998,92.87109999999998,85327
2026-05-12T14:00:00+00:00,92.87109999999998,93.82709999999999,92.70809999999999,93.40909999999998,77554
2026-05-12T14:30:00+00:00,93.40909999999998,93.49809999999998,92.63509999999998,92.75109999999998,77528
2026-05-12T15:00:00+00:00,92.75109999999998,92.86109999999998,91.42709999999998,92.02809999999998,92005
2026-05-12T15:30:00+00:00,92.02809999999998,92.64109999999998,91.94309999999999,92.55609999999999,64854
2026-05-12T16:00:00+00:00,92.55609999999999,92.96509999999998,92.46509999999998,92.78509999999999,37358
2026-05-12T16:30:00+00:00,92.78509999999999,93.09309999999998,92.53809999999999,93.01609999999998,39689
2026-05-12T17:00:00+00:00,93.01609999999998,93.48809999999997,93.01609999999998,93.30409999999998,33055
2026-05-12T17:30:00+00:00,93.30409999999998,93.69509999999998,93.22009999999999,93.46709999999999,29663
2026-05-12T18:00:00+00:00,93.46709999999999,93.84009999999998,93.28109999999998,93.76109999999998,32963
2026-05-12T18:30:00+00:00,93.76109999999998,94.60209999999998,93.74009999999998,94.48209999999997,33935
2026-05-12T19:00:00+00:00,94.48209999999997,94.88809999999998,94.46109999999999,94.69109999999998,32148
2026-05-12T19:30:00+00:00,94.69109999999998,95.23409999999998,94.69109999999998,95.15109999999999,30589
2026-05-12T20:00:00+00:00,95.15109999999999,95.23009999999998,94.95009999999998,94.97709999999998,9175
2026-05-12T20:30:00+00:00,94.97709999999998,95.02809999999998,94.86009999999997,94.89709999999998,7188
2026-05-12T22:00:00+00:00,94.89709999999998,95.78709999999998,94.89709999999998,95.73609999999998,8051.453798130986
2026-05-12T22:30:00+00:00,95.73609999999998,95.86009999999997,95.62109999999998,95.63109999999998,7341
2026-05-12T23:00:00+00:00,95.63109999999998,95.75109999999998,95.49109999999997,95.70409999999998,7728
2026-05-12T23:30:00+00:00,95.70409999999998,96.17309999999998,95.67009999999998,96.01509999999998,10949
2026-05-13T00:00:00+00:00,96.01509999999998,96.38809999999998,95.84409999999998,96.32809999999998,22069
2026-05-13T00:30:00+00:00,96.32809999999998,96.52209999999998,96.03309999999998,96.06309999999998,19980
2026-05-13T01:00:00+00:00,96.06309999999998,96.67009999999998,95.63609999999998,95.65409999999999,42686
2026-05-13T01:30:00+00:00,95.65409999999999,96.08709999999998,95.37709999999998,95.61109999999998,27565
2026-05-13T02:00:00+00:00,95.61109999999998,96.05609999999999,95.57209999999998,95.78809999999999,27174
2026-05-13T02:30:00+00:00,95.78809999999999,95.81109999999998,94.86209999999998,95.01609999999998,33325
2026-05-13T03:00:00+00:00,95.01609999999998,95.49709999999997,94.91109999999998,95.40009999999998,20413
2026-05-13T03:30:00+00:00,95.40009999999998,95.86409999999998,95.38309999999997,95.48209999999997,12764
2026-05-13T04:00:00+00:00,95.48209999999997,95.74309999999997,95.47409999999998,95.51109999999997,9854
2026-05-13T04:30:00+00:00,95.51109999999997,95.59909999999998,95.20709999999998,95.23109999999997,13183
2026-05-13T05:00:00+00:00,95.23109999999997,95.58309999999997,94.97709999999998,94.97709999999998,15819
2026-05-13T05:30:00+00:00,94.97709999999998,95.31209999999997,94.48509999999997,95.28609999999998,27315
2026-05-13T06:00:00+00:00,95.28609999999998,95.75009999999997,95.17009999999998,95.41009999999997,21376
2026-05-13T06:30:00+00:00,95.41009999999997,95.69909999999997,95.31309999999998,95.48009999999998,22483
2026-05-13T07:00:00+00:00,95.48009999999998,95.88309999999997,95.37109999999997,95.65409999999997,23121
2026-05-13T07:30:00+00:00,95.65409999999997,95.78109999999998,95.18709999999997,95.41309999999997,16766
2026-05-13T08:00:00+00:00,95.41309999999997,95.50609999999998,95.09609999999998,95.19709999999998,18792
2026-05-13T08:30:00+00:00,95.19709999999998,95.56009999999998,95.11209999999997,95.35309999999997,17281
2026-05-13T09:00:00+00:00,95.35309999999997,95.41809999999998,95.04309999999998,95.24809999999998,16293
2026-05-13T09:30:00+00:00,95.24809999999998,95.89909999999998,95.14509999999997,95.68009999999998,16424
2026-05-13T10:00:00+00:00,95.68009999999998,96.46109999999997,95.66109999999998,95.81009999999998,22312
2026-05-13T10:30:00+00:00,95.81009999999998,95.98109999999997,95.52009999999997,95.58709999999998,17303
2026-05-13T11:00:00+00:00,95.58709999999998,96.07309999999998,95.48409999999997,95.90109999999997,22488
2026-05-13T11:30:00+00:00,95.90109999999997,96.54609999999998,95.87709999999997,95.97009999999997,22851
2026-05-13T12:00:00+00:00,95.97009999999997,96.26109999999997,95.22109999999998,95.63109999999998,31996
2026-05-13T12:30:00+00:00,95.63109999999998,95.74709999999997,94.85309999999997,95.28009999999998,47825
2026-05-13T13:00:00+00:00,95.28009999999998,96.11709999999998,95.27309999999997,95.80309999999997,35405
2026-05-13T13:30:00+00:00,95.80309999999997,96.32209999999998,95.39609999999998,95.98309999999998,80112
2026-05-13T14:00:00+00:00,95.98309999999998,96.72009999999997,95.74009999999997,96.61009999999997,80660
2026-05-13T14:30:00+00:00,96.61009999999997,97.20309999999998,96.56509999999997,96.76009999999998,63543
2026-05-13T15:00:00+00:00,96.76009999999998,97.50709999999998,96.69309999999997,97.24809999999998,48822
2026-05-13T15:30:00+00:00,97.24809999999998,97.70509999999997,97.06209999999997,97.68009999999998,39681
2026-05-13T16:00:00+00:00,97.68009999999998,98.25909999999998,97.63909999999997,98.19509999999998,39745
2026-05-13T16:30:00+00:00,98.19509999999998,98.27909999999997,97.49309999999997,97.52609999999997,34834
2026-05-13T17:00:00+00:00,97.52609999999997,98.05809999999998,97.35109999999997,97.40809999999998,28590
2026-05-13T17:30:00+00:00,97.40809999999998,97.42209999999997,96.72409999999998,96.77609999999997,40582
2026-05-13T18:00:00+00:00,96.77609999999997,97.21309999999998,96.72609999999997,97.07309999999998,29837
2026-05-13T18:30:00+00:00,97.07309999999998,97.23109999999997,96.17109999999998,96.47209999999998,33717
2026-05-13T19:00:00+00:00,96.47209999999998,96.95309999999998,96.44209999999998,96.69609999999997,23169
2026-05-13T19:30:00+00:00,96.69609999999997,96.81809999999997,96.48009999999998,96.54209999999998,22461
2026-05-13T20:00:00+00:00,96.54209999999998,96.75909999999998,96.36409999999998,96.54409999999997,7354
2026-05-13T20:30:00+00:00,96.54409999999997,96.59309999999998,96.32509999999998,96.33509999999998,7381
2026-05-13T22:00:00+00:00,96.33509999999998,97.50909999999998,96.33509999999998,97.31009999999998,6608.440231742403
2026-05-13T22:30:00+00:00,97.31009999999998,97.46709999999997,97.24709999999997,97.35909999999998,6206
2026-05-13T23:00:00+00:00,97.35909999999998,97.44509999999998,97.06209999999997,97.18409999999997,5254
2026-05-13T23:30:00+00:00,97.18409999999997,97.37109999999998,96.88709999999998,97.17409999999998,6488
2026-05-14T00:00:00+00:00,97.17409999999998,97.49909999999998,96.82809999999998,96.94509999999998,17397
2026-05-14T00:30:00+00:00,96.94509999999998,97.68109999999999,96.77809999999998,97.53209999999999,12677
2026-05-14T01:00:00+00:00,97.53209999999999,97.96509999999998,96.56109999999998,97.06509999999997,52190
2026-05-14T01:30:00+00:00,97.06509999999997,97.21809999999998,96.51909999999998,96.81109999999998,47866
2026-05-14T02:00:00+00:00,96.81109999999998,97.08109999999998,96.56009999999998,96.95809999999997,27356
2026-05-14T02:30:00+00:00,96.95809999999997,97.32209999999998,96.30109999999998,96.58409999999998,26238
2026-05-14T03:00:00+00:00,96.58409999999998,96.89309999999998,96.04509999999998,96.57909999999998,26098
2026-05-14T03:30:00+00:00,96.57909999999998,96.76309999999998,95.83009999999997,95.89209999999999,14434
2026-05-14T04:00:00+00:00,95.89209999999999,96.76609999999998,95.73609999999998,96.55209999999998,12972
2026-05-14T04:30:00+00:00,96.55209999999998,96.84409999999998,96.36809999999998,96.37509999999997,13461
2026-05-14T05:00:00+00:00,96.37509999999997,96.68809999999998,96.32209999999998,96.41609999999999,9641
2026-05-14T05:30:00+00:00,96.41609999999999,96.98809999999997,96.34909999999998,96.44409999999998,18178
2026-05-14T06:00:00+00:00,96.44409999999998,96.81509999999997,96.40709999999999,96.61009999999997,19161
2026-05-14T06:30:00+00:00,96.61009999999997,96.93409999999997,96.45809999999997,96.64709999999998,19227
2026-05-14T07:00:00+00:00,96.64709999999998,96.80909999999997,96.11709999999998,96.73209999999997,23776
2026-05-14T07:30:00+00:00,96.73209999999997,97.16809999999998,96.39009999999998,96.44609999999997,25444
2026-05-14T08:00:00+00:00,96.44609999999997,96.91609999999999,96.38709999999998,96.89909999999998,21833
2026-05-14T08:30:00+00:00,96.89909999999998,97.01509999999998,96.45209999999997,96.46509999999998,16484
2026-05-14T09:00:00+00:00,96.46509999999998,96.84309999999998,96.35709999999997,96.45409999999998,16583
2026-05-14T09:30:00+00:00,96.45409999999998,97.07909999999998,96.14209999999999,96.67509999999999,22360
2026-05-14T10:00:00+00:00,96.67509999999999,96.91409999999998,96.28709999999998,96.40009999999998,26553
2026-05-14T10:30:00+00:00,96.40009999999998,96.79609999999998,96.28809999999999,96.62709999999998,21241
2026-05-14T11:00:00+00:00,96.62709999999998,96.72609999999997,95.95709999999998,96.04409999999999,21794
2026-05-14T11:30:00+00:00,96.04409999999999,96.49909999999998,95.95409999999998,96.13909999999998,13198
2026-05-14T12:00:00+00:00,96.13909999999998,96.51809999999998,96.04209999999998,96.05809999999998,18693
2026-05-14T12:30:00+00:00,96.05809999999998,96.19809999999998,95.60309999999998,96.01709999999999,24113
2026-05-14T13:00:00+00:00,96.01709999999999,96.22209999999998,94.78509999999999,94.89309999999998,41159
2026-05-14T13:30:00+00:00,94.89309999999998,94.89309999999998,93.28909999999998,93.40409999999999,89414
2026-05-14T14:00:00+00:00,93.40409999999999,94.53409999999998,93.29809999999998,94.14309999999998,68577
2026-05-14T14:30:00+00:00,94.14309999999998,94.46509999999998,93.92509999999999,93.93609999999998,44028
2026-05-14T15:00:00+00:00,93.93609999999998,94.76209999999998,93.85409999999997,94.58909999999997,34260
2026-05-14T15:30:00+00:00,94.58909999999997,94.74309999999998,94.22309999999997,94.34209999999997,22434
2026-05-14T16:00:00+00:00,94.34209999999997,94.51409999999998,94.04509999999998,94.13109999999998,26742
2026-05-14T16:30:00+00:00,94.13109999999998,94.26709999999999,93.78209999999999,94.21609999999998,23337
2026-05-14T17:00:00+00:00,94.21609999999998,94.38809999999998,94.00909999999998,94.19709999999998,27351
2026-05-14T17:30:00+00:00,94.19709999999998,94.50609999999998,94.11309999999997,94.22909999999997,15187
2026-05-14T18:00:00+00:00,94.22909999999997,94.23509999999997,93.75609999999998,93.95109999999998,20916
2026-05-14T18:30:00+00:00,93.95109999999998,94.02309999999999,93.60109999999997,93.90109999999999,12539
2026-05-14T19:00:00+00:00,93.90109999999999,93.91209999999998,93.42709999999998,93.44609999999997,15395
2026-05-14T19:30:00+00:00,93.44609999999997,93.53009999999998,92.81209999999997,92.92709999999998,35752
2026-05-14T20:00:00+00:00,92.92709999999998,93.09309999999998,92.67409999999998,92.74809999999998,9441
2026-05-14T20:30:00+00:00,92.74809999999998,93.12009999999998,92.55709999999998,93.02609999999999,6990
2026-05-14T22:00:00+00:00,93.02609999999999,93.57809999999998,92.81209999999997,93.16409999999998,8456.7553630697
2026-05-14T22:30:00+00:00,93.16409999999998,93.54909999999997,93.15609999999997,93.30509999999997,5020
2026-05-14T23:00:00+00:00,93.30509999999997,93.38009999999997,92.97509999999997,93.36009999999997,5802
2026-05-14T23:30:00+00:00,93.36009999999997,93.40709999999997,92.40809999999998,93.07609999999997,13997
2026-05-15T00:00:00+00:00,93.07609999999997,93.28409999999997,92.45709999999997,92.48509999999997,26281
2026-05-15T00:30:00+00:00,92.48509999999997,92.50909999999998,91.33609999999997,92.03109999999997,34369
2026-05-15T01:00:00+00:00,92.03109999999997,92.08709999999998,90.53509999999997,90.55309999999997,61912
2026-05-15T01:30:00+00:00,90.55309999999997,91.20609999999998,90.16109999999998,90.33909999999997,41044
2026-05-15T02:00:00+00:00,90.33909999999997,90.87109999999997,90.19409999999998,90.64109999999998,36906
2026-05-15T02:30:00+00:00,90.64109999999998,91.26709999999997,90.53009999999998,90.97009999999997,39525
2026-05-15T03:00:00+00:00,90.97009999999997,91.30909999999997,90.48009999999998,90.54409999999997,31202
2026-05-15T03:30:00+00:00,90.54409999999997,91.04509999999998,90.39309999999998,90.95709999999997,18929
2026-05-15T04:00:00+00:00,90.95709999999997,91.11609999999997,90.66509999999997,90.90009999999997,17042
2026-05-15T04:30:00+00:00,90.90009999999997,91.00609999999998,90.48009999999998,90.54209999999998,18227
2026-05-15T05:00:00+00:00,90.54209999999998,90.54309999999997,89.53209999999997,89.71709999999997,33860
2026-05-15T05:30:00+00:00,89.71709999999997,89.77309999999997,87.20409999999997,87.46809999999998,61206
2026-05-15T06:00:00+00:00,87.46809999999998,88.30209999999997,87.09909999999998,87.85409999999997,56522
2026-05-15T06:30:00+00:00,87.85409999999997,88.23409999999997,87.71809999999998,87.88709999999998,38281
2026-05-15T07:00:00+00:00,87.88709999999998,88.94309999999997,87.64409999999997,88.74809999999998,38336
2026-05-15T07:30:00+00:00,88.74809999999998,88.87209999999997,88.30509999999997,88.45809999999997,26808
2026-05-15T08:00:00+00:00,88.45809999999997,88.65109999999997,87.55509999999997,87.68709999999997,41551
2026-05-15T08:30:00+00:00,87.68709999999997,88.31609999999998,87.41609999999997,87.73809999999997,35152
2026-05-15T09:00:00+00:00,87.73809999999997,88.05309999999997,86.92509999999997,87.51009999999998,36902
2026-05-15T09:30:00+00:00,87.51009999999998,87.68109999999997,86.36609999999997,86.97409999999998,35493
2026-05-15T10:00:00+00:00,86.97409999999998,88.34509999999997,86.92509999999997,88.01509999999998,32899
2026-05-15T10:30:00+00:00,88.01509999999998,88.74409999999997,87.76609999999998,88.44109999999998,38581
2026-05-15T11:00:00+00:00,88.44109999999998,88.69209999999997,88.01209999999998,88.12409999999997,24994
2026-05-15T11:30:00+00:00,88.12409999999997,88.23409999999997,87.80809999999997,87.90009999999997,21876
2026-05-15T12:00:00+00:00,87.90009999999997,88.17509999999997,87.53109999999997,87.89509999999997,35115
2026-05-15T12:30:00+00:00,87.89509999999997,87.91609999999997,86.73709999999997,86.75809999999997,36699
2026-05-15T13:00:00+00:00,86.75809999999997,87.03209999999997,85.96909999999997,86.62809999999998,52930
2026-05-15T13:30:00+00:00,86.62809999999998,86.78309999999998,85.31309999999998,85.97609999999997,99532
2026-05-15T14:00:00+00:00,85.97609999999997,86.78809999999997,85.56009999999998,86.47409999999998,84427
2026-05-15T14:30:00+00:00,86.47409999999998,86.67009999999998,85.74909999999997,86.40309999999997,81365
2026-05-15T15:00:00+00:00,86.40309999999997,86.62209999999997,85.81409999999997,86.00009999999997,59387
2026-05-15T15:30:00+00:00,86.00009999999997,86.31609999999998,85.57609999999997,85.78709999999997,49073
2026-05-15T16:00:00+00:00,85.78709999999997,86.02409999999998,85.44209999999997,85.86609999999997,38824
2026-05-15T16:30:00+00:00,85.86609999999997,86.03709999999997,85.71109999999997,85.85609999999997,38106
2026-05-15T17:00:00+00:00,85.85609999999997,87.05909999999997,85.78209999999997,86.71809999999998,36810
2026-05-15T17:30:00+00:00,86.71809999999998,86.95109999999997,86.52909999999997,86.65809999999998,30113
2026-05-15T18:00:00+00:00,86.65809999999998,86.89909999999998,86.40209999999998,86.54709999999997,35670
2026-05-15T18:30:00+00:00,86.54709999999997,86.59409999999997,86.26309999999998,86.47409999999998,18928
2026-05-15T19:00:00+00:00,86.47409999999998,86.50509999999997,85.94509999999997,86.05509999999997,20295
2026-05-15T19:30:00+00:00,86.05509999999997,86.26509999999998,85.81709999999997,85.83509999999997,24219
2026-05-15T20:00:00+00:00,85.83509999999997,85.83509999999997,85.27309999999997,85.51509999999998,13340
2026-05-15T20:30:00+00:00,85.51509999999998,85.63409999999998,85.51009999999998,85.55709999999998,3838
2026-05-17T22:00:00+00:00,85.55709999999998,86.26409999999997,84.70909999999998,85.75009999999997,15709.295053526848
2026-05-17T22:30:00+00:00,85.75009999999997,86.47409999999998,85.75009999999997,86.29509999999998,16166
2026-05-17T23:00:00+00:00,86.29509999999998,86.34209999999997,85.65909999999998,85.68309999999998,13778
2026-05-17T23:30:00+00:00,85.68309999999998,86.40609999999998,85.53609999999998,86.13109999999998,22113
2026-05-18T00:00:00+00:00,86.13109999999998,86.40609999999998,84.49209999999998,84.57909999999998,48539
2026-05-18T00:30:00+00:00,84.57909999999998,84.98709999999997,83.49709999999997,84.97009999999997,49685
2026-05-18T01:00:00+00:00,84.97009999999997,84.97009999999997,83.35909999999997,83.58509999999998,72506
2026-05-18T01:30:00+00:00,83.58509999999998,84.97509999999997,83.52109999999998,84.36109999999998,45897
2026-05-18T02:00:00+00:00,84.36109999999998,84.84209999999997,84.07609999999998,84.60909999999997,31868
2026-05-18T02:30:00+00:00,84.60909999999997,84.97709999999998,84.35609999999997,84.44809999999998,36757
2026-05-18T03:00:00+00:00,84.44809999999998,84.67509999999997,84.17809999999997,84.42809999999997,25173
2026-05-18T03:30:00+00:00,84.42809999999997,84.73509999999997,83.84009999999998,84.73009999999998,25762
2026-05-18T04:00:00+00:00,84.73009999999998,85.16209999999998,84.51809999999998,84.66809999999998,22432
2026-05-18T04:30:00+00:00,84.66809999999998,85.04609999999998,84.56009999999998,84.85309999999997,18207
2026-05-18T05:00:00+00:00,84.85309999999997,85.09309999999998,84.60809999999998,84.98509999999997,21595
2026-05-18T05:30:00+00:00,84.98509999999997,85.12209999999997,84.34809999999997,84.38709999999998,28258
2026-05-18T06:00:00+00:00,84.38709999999998,84.99709999999997,84.32409999999997,84.71409999999997,32219
2026-05-18T06:30:00+00:00,84.71409999999997,85.70009999999998,84.59209999999997,85.63809999999998,27494
2026-05-18T07:00:00+00:00,85.63809999999998,85.70109999999998,85.06009999999998,85.49909999999997,27838
2026-05-18T07:30:00+00:00,85.49909999999997,85.77809999999998,85.29409999999997,85.43909999999998,32296
2026-05-18T08:00:00+00:00,85.43909999999998,85.67609999999998,85.26309999999998,85.54109999999997,22374
2026-05-18T08:30:00+00:00,85.54109999999997,85.86509999999997,85.49009999999997,85.65309999999998,21139
2026-05-18T09:00:00+00:00,85.65309999999998,85.71809999999998,85.30609999999997,85.36209999999997,16706
2026-05-18T09:30:00+00:00,85.36209999999997,85.40709999999997,85.09809999999997,85.29309999999998,15500
2026-05-18T10:00:00+00:00,85.29309999999998,85.38109999999998,85.04409999999997,85.16109999999998,16321
2026-05-18T10:30:00+00:00,85.16109999999998,85.65009999999998,84.89509999999997,85.23009999999998,16271
2026-05-18T11:00:00+00:00,85.23009999999998,85.46809999999998,84.87409999999997,85.20709999999998,20480
2026-05-18T11:30:00+00:00,85.20709999999998,86.57109999999997,85.17809999999997,85.91209999999998,51888
2026-05-18T12:00:00+00:00,85.91209999999998,86.52609999999997,85.77209999999998,86.25309999999998,32735
2026-05-18T12:30:00+00:00,86.25309999999998,87.02109999999998,86.18709999999997,86.93409999999997,48869
2026-05-18T13:00:00+00:00,86.93409999999997,87.38809999999998,86.70509999999997,87.14409999999998,46264
2026-05-18T13:30:00+00:00,87.14409999999998,87.68509999999998,86.94909999999997,87.33609999999997,87684
2026-05-18T14:00:00+00:00,87.33609999999997,87.37909999999998,86.31209999999997,86.60309999999997,79859
2026-05-18T14:30:00+00:00,86.60309999999997,86.64809999999997,85.70409999999998,86.16009999999997,71528
2026-05-18T15:00:00+00:00,86.16009999999997,86.28309999999998,85.61709999999998,85.80009999999997,56221
2026-05-18T15:30:00+00:00,85.80009999999997,86.40909999999998,85.76109999999997,86.34509999999997,36525
2026-05-18T16:00:00+00:00,86.34509999999997,86.53409999999998,85.77709999999998,85.91209999999998,33273
2026-05-18T16:30:00+00:00,85.91209999999998,86.59609999999998,85.80609999999997,86.43009999999998,30145
2026-05-18T17:00:00+00:00,86.43009999999998,86.77309999999997,86.34009999999998,86.55609999999997,20060
2026-05-18T17:30:00+00:00,86.55609999999997,86.60409999999997,86.40709999999997,86.45409999999998,12608
2026-05-18T18:00:00+00:00,86.45409999999998,86.47209999999997,86.11509999999997,86.32209999999998,16491
2026-05-18T18:30:00+00:00,86.32209999999998,86.36909999999997,85.91909999999997,86.01709999999997,17532
2026-05-18T19:00:00+00:00,86.01709999999997,87.11909999999997,85.98509999999997,86.49809999999998,49653
2026-05-18T19:30:00+00:00,86.49809999999998,86.99809999999998,86.45509999999997,86.82309999999998,27169
2026-05-18T20:00:00+00:00,86.82309999999998,87.16609999999997,86.81409999999998,87.06309999999998,4200
2026-05-18T20:30:00+00:00,87.06309999999998,87.19009999999997,86.94609999999997,87.16909999999997,3016
2026-05-18T22:00:00+00:00,87.16909999999997,87.74009999999998,87.16909999999997,87.65309999999998,8486.288252168804
2026-05-18T22:30:00+00:00,87.65309999999998,87.90509999999999,87.63009999999998,87.85109999999999,4494
2026-05-18T23:00:00+00:00,87.85109999999999,88.50909999999999,87.84909999999999,88.33909999999999,7797
2026-05-18T23:30:00+00:00,88.33909999999999,88.55409999999999,88.20909999999999,88.33509999999998,6190
2026-05-19T00:00:00+00:00,88.33509999999998,88.54909999999998,87.99309999999998,88.08609999999999,23790
2026-05-19T00:30:00+00:00,88.08609999999999,88.25209999999998,87.16109999999999,87.22109999999999,20352
2026-05-19T01:00:00+00:00,87.22109999999999,87.42409999999998,86.66109999999999,86.78909999999999,39296
2026-05-19T01:30:00+00:00,86.78909999999999,87.26009999999998,86.52109999999999,86.78209999999999,28116
2026-05-19T02:00:00+00:00,86.78209999999999,86.88809999999998,86.20509999999999,86.28709999999998,26400
2026-05-19T02:30:00+00:00,86.28709999999998,86.39909999999999,85.85609999999998,86.01009999999998,23932
2026-05-19T03:00:00+00:00,86.01009999999998,86.33609999999999,85.77109999999999,86.17409999999998,17099
2026-05-19T03:30:00+00:00,86.17409999999998,86.35009999999998,85.83809999999998,85.8761,12285
2026-05-19T04:00:00+00:00,85.8761,85.92809999999999,85.64409999999998,85.71909999999998,14263
2026-05-19T04:30:00+00:00,85.71909999999998,85.94909999999999,85.6291,85.91309999999999,12163
2026-05-19T05:00:00+00:00,85.91309999999999,86.09409999999998,85.45909999999999,85.75909999999999,16119
2026-05-19T05:30:00+00:00,85.75909999999999,86.14709999999998,85.37409999999998,85.9981,29660
2026-05-19T06:00:00+00:00,85.9981,86.31609999999998,85.7301,85.98809999999997,33387
2026-05-19T06:30:00+00:00,85.98809999999997,86.13809999999998,85.68809999999998,85.95709999999998,26180
2026-05-19T07:00:00+00:00,85.95709999999998,85.99309999999997,85.43709999999997,85.66309999999997,26668
2026-05-19T07:30:00+00:00,85.66309999999997,86.13309999999997,85.40809999999998,86.12209999999997,28484
2026-05-19T08:00:00+00:00,86.12209999999997,86.35109999999997,85.49409999999997,85.63409999999998,28070
2026-05-19T08:30:00+00:00,85.63409999999998,85.91109999999998,85.56709999999998,85.66109999999998,19501
2026-05-19T09:00:00+00:00,85.66109999999998,85.73809999999999,85.12309999999998,85.38509999999998,23366
2026-05-19T09:30:00+00:00,85.38509999999998,85.61509999999998,85.15509999999998,85.45109999999998,24129
2026-05-19T10:00:00+00:00,85.45109999999998,85.66509999999998,85.33809999999998,85.54809999999998,15873
2026-05-19T10:30:00+00:00,85.54809999999998,85.74509999999998,85.10209999999998,85.74409999999997,35239
2026-05-19T11:00:00+00:00,85.74409999999997,86.01909999999998,85.52309999999997,85.67209999999997,24455
2026-05-19T11:30:00+00:00,85.67209999999997,85.73709999999998,85.38809999999998,85.41509999999998,23369
2026-05-19T12:00:00+00:00,85.41509999999998,85.96209999999998,85.30409999999998,85.87709999999997,30665
2026-05-19T12:30:00+00:00,85.87709999999997,86.02909999999997,85.62509999999997,85.67709999999998,28054
2026-05-19T13:00:00+00:00,85.67709999999998,85.69409999999998,83.22209999999998,83.31709999999998,62693
2026-05-19T13:30:00+00:00,83.31709999999998,84.23309999999998,82.73009999999998,84.02909999999997,101019
2026-05-19T14:00:00+00:00,84.02909999999997,84.54509999999998,83.56909999999998,83.87709999999997,91343
2026-05-19T14:30:00+00:00,83.87709999999997,84.09009999999998,83.29209999999998,83.72709999999998,74477
2026-05-19T15:00:00+00:00,83.72709999999998,84.08009999999997,83.41109999999998,83.91109999999998,51317
2026-05-19T15:30:00+00:00,83.91109999999998,84.18409999999997,83.82009999999998,84.10509999999998,42204
2026-05-19T16:00:00+00:00,84.10509999999998,84.28709999999998,83.85009999999998,84.22609999999997,34146
2026-05-19T16:30:00+00:00,84.22609999999997,84.35509999999998,84.14609999999998,84.29209999999998,26318
2026-05-19T17:00:00+00:00,84.29209999999998,84.57009999999998,84.29109999999997,84.32709999999997,22296
2026-05-19T17:30:00+00:00,84.32709999999997,84.40009999999998,84.05509999999998,84.12109999999997,20948
2026-05-19T18:00:00+00:00,84.12109999999997,84.19509999999998,83.72909999999997,83.88809999999998,19947
2026-05-19T18:30:00+00:00,83.88809999999998,84.09209999999997,83.68909999999998,83.78609999999998,22850
2026-05-19T19:00:00+00:00,83.78609999999998,83.89709999999998,83.57809999999998,83.65309999999998,24066
2026-05-19T19:30:00+00:00,83.65309999999998,83.90509999999998,83.49209999999998,83.59809999999997,26172
2026-05-19T20:00:00+00:00,83.59809999999997,83.66709999999998,83.35309999999998,83.55209999999998,5613
2026-05-19T20:30:00+00:00,83.55209999999998,83.55209999999998,83.27509999999998,83.44009999999997,3844
2026-05-19T22:00:00+00:00,83.44009999999997,84.51409999999997,83.44009999999997,84.20909999999996,3974.1790431988575
2026-05-19T22:30:00+00:00,84.20909999999996,84.39709999999997,84.17509999999997,84.35609999999997,5775
2026-05-19T23:00:00+00:00,84.35609999999997,84.51309999999997,84.24009999999997,84.46509999999996,4504
2026-05-19T23:30:00+00:00,84.46509999999996,84.75609999999998,84.41709999999998,84.53309999999998,7704
2026-05-20T00:00:00+00:00,84.53309999999998,84.74109999999997,84.18009999999997,84.74109999999997,30457
2026-05-20T00:30:00+00:00,84.74109999999997,84.96209999999996,84.63909999999997,84.96209999999996,27634
2026-05-20T01:00:00+00:00,84.96209999999996,85.23309999999996,83.93509999999996,83.95109999999997,50088
2026-05-20T01:30:00+00:00,83.95109999999997,84.70209999999997,83.71409999999997,84.52409999999998,51753
2026-05-20T02:00:00+00:00,84.52409999999998,84.67509999999997,84.09409999999997,84.33709999999996,30258
2026-05-20T02:30:00+00:00,84.33709999999996,84.39009999999998,83.44009999999997,83.78409999999997,36978
2026-05-20T03:00:00+00:00,83.78409999999997,84.12609999999997,83.47209999999997,84.06709999999997,27237
2026-05-20T03:30:00+00:00,84.06709999999997,84.21009999999997,83.83009999999997,83.85709999999997,17368
2026-05-20T04:00:00+00:00,83.85709999999997,84.21309999999997,83.82109999999997,83.92609999999996,16703
2026-05-20T04:30:00+00:00,83.92609999999996,83.98409999999997,83.76209999999998,83.88209999999997,15089
2026-05-20T05:00:00+00:00,83.88209999999997,84.41609999999997,83.87109999999997,84.13909999999997,17001
2026-05-20T05:30:00+00:00,84.13909999999997,84.85909999999997,84.13909999999997,84.56709999999997,31741
2026-05-20T06:00:00+00:00,84.56709999999997,85.22409999999996,84.47109999999996,85.02609999999997,35598
2026-05-20T06:30:00+00:00,85.02609999999997,85.78409999999997,84.76609999999997,85.54609999999997,27141
2026-05-20T07:00:00+00:00,85.54609999999997,85.79709999999997,85.27509999999997,85.44709999999996,27533
2026-05-20T07:30:00+00:00,85.44709999999996,85.50809999999997,85.16209999999997,85.30309999999997,24410
2026-05-20T08:00:00+00:00,85.30309999999997,85.74309999999997,85.23209999999997,85.74309999999997,27812
2026-05-20T08:30:00+00:00,85.74309999999997,85.91209999999997,85.49809999999997,85.68109999999997,23981
2026-05-20T09:00:00+00:00,85.68109999999997,85.76909999999997,85.46609999999997,85.58809999999997,19345
2026-05-20T09:30:00+00:00,85.58809999999997,85.93409999999997,85.57809999999996,85.77209999999997,18852
2026-05-20T10:00:00+00:00,85.77209999999997,85.93609999999997,85.69609999999997,85.73809999999997,14697
2026-05-20T10:30:00+00:00,85.73809999999997,86.03909999999998,85.72509999999997,86.03509999999997,15829
2026-05-20T11:00:00+00:00,86.03509999999997,86.20509999999997,85.82109999999997,86.09409999999997,15514
2026-05-20T11:30:00+00:00,86.09409999999997,86.20109999999997,85.91609999999997,86.08909999999997,19115
2026-05-20T12:00:00+00:00,86.08909999999997,86.12909999999997,85.73309999999996,85.80609999999997,20894
2026-05-20T12:30:00+00:00,85.80609999999997,86.05509999999997,85.77109999999998,85.83409999999996,20838
2026-05-20T13:00:00+00:00,85.83409999999996,86.15009999999997,85.23909999999997,85.25609999999998,40420
2026-05-20T13:30:00+00:00,85.25609999999998,85.49209999999997,85.01309999999997,85.17509999999997,71122
2026-05-20T14:00:00+00:00,85.17509999999997,86.26309999999997,84.74909999999997,86.18709999999997,87228
2026-05-20T14:30:00+00:00,86.18709999999997,86.94209999999997,86.18309999999997,86.41709999999998,77247
2026-05-20T15:00:00+00:00,86.41709999999998,86.88509999999998,85.93109999999997,86.09909999999998,66954
2026-05-20T15:30:00+00:00,86.09909999999998,86.50609999999998,85.93809999999998,86.05709999999998,43933
2026-05-20T16:00:00+00:00,86.05709999999998,86.34709999999997,85.88109999999998,85.98509999999997,36604
2026-05-20T16:30:00+00:00,85.98509999999997,86.27809999999998,85.92509999999997,86.25909999999998,37841
2026-05-20T17:00:00+00:00,86.25909999999998,86.60509999999998,86.09109999999997,86.24309999999997,27279
2026-05-20T17:30:00+00:00,86.24309999999997,86.50009999999997,86.13809999999998,86.15709999999997,19455
2026-05-20T18:00:00+00:00,86.15709999999997,86.64309999999998,86.06309999999998,86.44109999999998,18328
2026-05-20T18:30:00+00:00,86.44109999999998,86.71609999999997,86.41709999999998,86.52109999999998,15797
2026-05-20T19:00:00+00:00,86.52109999999998,86.68709999999997,86.33809999999997,86.38409999999998,13123
2026-05-20T19:30:00+00:00,86.38409999999998,86.64709999999998,86.25009999999997,86.27409999999998,17311
2026-05-20T20:00:00+00:00,86.27409999999998,86.55709999999998,86.08009999999997,86.26409999999997,7642
2026-05-20T20:30:00+00:00,86.26409999999997,86.28109999999998,86.12309999999998,86.17509999999997,5134
2026-05-20T22:00:00+00:00,86.17509999999997,87.25709999999997,86.17509999999997,86.43809999999998,10893.889110225764
2026-05-20T22:30:00+00:00,86.43809999999998,86.72609999999997,86.43809999999998,86.69709999999998,8093
2026-05-20T23:00:00+00:00,86.69709999999998,86.77509999999998,86.42709999999998,86.55309999999997,6328
2026-05-20T23:30:00+00:00,86.55309999999997,87.12909999999998,86.53809999999997,86.93209999999998,7306
2026-05-21T00:00:00+00:00,86.93209999999998,86.98509999999997,86.35909999999997,86.68909999999998,26660
2026-05-21T00:30:00+00:00,86.68909999999998,87.14909999999998,86.56609999999998,87.08609999999997,14512
2026-05-21T01:00:00+00:00,87.08609999999997,87.85909999999997,86.76809999999998,87.66809999999998,38306
2026-05-21T01:30:00+00:00,87.66809999999998,87.95309999999998,87.24709999999997,87.36309999999997,29332
2026-05-21T02:00:00+00:00,87.36309999999997,87.54509999999998,86.92109999999998,86.94609999999997,23466
2026-05-21T02:30:00+00:00,86.94609999999997,87.08709999999998,86.19609999999997,86.37209999999997,34360
2026-05-21T03:00:00+00:00,86.37209999999997,86.68109999999997,86.29209999999998,86.47909999999997,22181
2026-05-21T03:30:00+00:00,86.47909999999997,86.63209999999998,86.30309999999997,86.30809999999998,13370
2026-05-21T04:00:00+00:00,86.30809999999998,86.78609999999998,86.27509999999998,86.70409999999998,9514
2026-05-21T04:30:00+00:00,86.70409999999998,86.75609999999998,86.45509999999997,86.72309999999997,7775
2026-05-21T05:00:00+00:00,86.72309999999997,86.79709999999997,86.15709999999997,86.16009999999997,14493
2026-05-21T05:30:00+00:00,86.16009999999997,86.49609999999997,85.92409999999998,86.38609999999997,28736
2026-05-21T06:00:00+00:00,86.38609999999997,86.62309999999998,86.10009999999997,86.14509999999997,28159
2026-05-21T06:30:00+00:00,86.14509999999997,86.26909999999998,85.74909999999997,85.88009999999997,33703
2026-05-21T07:00:00+00:00,85.88009999999997,86.30709999999998,85.85209999999998,85.89309999999998,25804
2026-05-21T07:30:00+00:00,85.89309999999998,86.13209999999998,85.79009999999998,85.79609999999998,17184
2026-05-21T08:00:00+00:00,85.79609999999998,86.64709999999998,85.66709999999998,86.48609999999998,34233
2026-05-21T08:30:00+00:00,86.48609999999998,86.65209999999998,86.24209999999998,86.54209999999998,27622
2026-05-21T09:00:00+00:00,86.54209999999998,86.80509999999998,86.48909999999998,86.66309999999997,22634
2026-05-21T09:30:00+00:00,86.66309999999997,86.91609999999997,86.34609999999998,86.44409999999998,19342
2026-05-21T10:00:00+00:00,86.44409999999998,86.67909999999998,85.71409999999997,85.97709999999998,32391
2026-05-21T10:30:00+00:00,85.97709999999998,86.08809999999998,85.58009999999997,85.74009999999997,50019
2026-05-21T11:00:00+00:00,85.74009999999997,86.24309999999997,85.69609999999997,85.88609999999997,33120
2026-05-21T11:30:00+00:00,85.88609999999997,86.08909999999997,85.73309999999998,86.00409999999998,22441
2026-05-21T12:00:00+00:00,86.00409999999998,86.13009999999997,85.66809999999998,85.77609999999997,25891
2026-05-21T12:30:00+00:00,85.77609999999997,86.19209999999998,85.69509999999998,85.72109999999998,40632
2026-05-21T13:00:00+00:00,85.72109999999998,86.23509999999997,85.47509999999997,85.81209999999997,47428
2026-05-21T13:30:00+00:00,85.81209999999997,86.71709999999997,85.40509999999998,86.42809999999997,81634
2026-05-21T14:00:00+00:00,86.42809999999997,86.58809999999998,85.88909999999997,86.18009999999998,72171
2026-05-21T14:30:00+00:00,86.18009999999998,86.39609999999998,85.86709999999998,86.11709999999998,59789
2026-05-21T15:00:00+00:00,86.11709999999998,86.68909999999998,85.91609999999997,86.27209999999998,50903
2026-05-21T15:30:00+00:00,86.27209999999998,86.61009999999997,86.24609999999997,86.55209999999998,28692
2026-05-21T16:00:00+00:00,86.55209999999998,87.16109999999998,86.55209999999998,86.80609999999997,29362
2026-05-21T16:30:00+00:00,86.80609999999997,87.11509999999997,86.79809999999998,87.02809999999998,19947
2026-05-21T17:00:00+00:00,87.02809999999998,87.98709999999997,86.92009999999998,87.58809999999998,58156
2026-05-21T17:30:00+00:00,87.58809999999998,88.11209999999997,87.51209999999998,87.77409999999998,45874
2026-05-21T18:00:00+00:00,87.77409999999998,88.00809999999997,87.50509999999997,87.92509999999997,42952
2026-05-21T18:30:00+00:00,87.92509999999997,88.01609999999998,87.05009999999997,87.28409999999998,49669
2026-05-21T19:00:00+00:00,87.28409999999998,87.71609999999998,87.19909999999997,87.54109999999997,32132
2026-05-21T19:30:00+00:00,87.54109999999997,87.95609999999998,87.48909999999998,87.76109999999997,28379
2026-05-21T20:00:00+00:00,87.76109999999997,87.78609999999998,87.59509999999997,87.62909999999998,5697
2026-05-21T20:30:00+00:00,87.62909999999998,87.79309999999998,87.59009999999998,87.76709999999997,2344
2026-05-21T22:00:00+00:00,87.76709999999997,88.20909999999996,87.76709999999997,87.97409999999996,4156.99607028321
2026-05-21T22:30:00+00:00,87.97409999999996,88.19009999999997,87.85409999999997,88.02809999999997,2795
2026-05-21T23:00:00+00:00,88.02809999999997,88.08409999999996,87.86509999999997,87.94109999999996,3728
2026-05-21T23:30:00+00:00,87.94109999999996,87.94109999999996,87.73109999999997,87.92009999999996,4169
2026-05-22T00:00:00+00:00,87.92009999999996,87.94109999999996,87.62209999999997,87.80309999999997,12267
2026-05-22T00:30:00+00:00,87.80309999999997,87.92309999999996,87.49509999999997,87.49909999999997,9985
2026-05-22T01:00:00+00:00,87.49909999999997,87.77909999999997,87.25709999999997,87.61909999999997,23380
2026-05-22T01:30:00+00:00,87.61909999999997,87.96509999999996,87.29309999999997,87.71209999999996,18810
2026-05-22T02:00:00+00:00,87.71209999999996,87.77909999999997,87.43809999999996,87.47009999999997,13299
2026-05-22T02:30:00+00:00,87.47009999999997,87.62709999999997,87.18409999999997,87.60209999999996,16897
2026-05-22T03:00:00+00:00,87.60209999999996,87.67409999999997,87.26609999999997,87.39809999999997,12812
2026-05-22T03:30:00+00:00,87.39809999999997,87.77009999999997,87.39709999999997,87.75409999999997,7208
2026-05-22T04:00:00+00:00,87.75409999999997,87.94109999999996,87.72709999999996,87.90109999999997,6751
2026-05-22T04:30:00+00:00,87.90109999999997,87.93809999999996,87.79209999999996,87.82409999999997,5751
2026-05-22T05:00:00+00:00,87.82409999999997,87.92209999999997,87.70109999999997,87.75609999999996,7826
2026-05-22T05:30:00+00:00,87.75609999999996,88.34309999999996,87.07009999999997,87.17909999999996,24108
2026-05-22T06:00:00+00:00,87.17909999999996,87.78409999999997,87.02409999999996,87.75509999999997,32235
2026-05-22T06:30:00+00:00,87.75509999999997,87.86009999999997,87.47609999999997,87.57009999999997,22613
2026-05-22T07:00:00+00:00,87.57009999999997,87.63309999999997,87.20809999999997,87.40209999999996,18059
2026-05-22T07:30:00+00:00,87.40209999999996,87.43509999999996,87.04109999999997,87.28009999999996,16878
2026-05-22T08:00:00+00:00,87.28009999999996,87.60809999999996,87.18909999999997,87.29609999999997,19402
2026-05-22T08:30:00+00:00,87.29609999999997,87.45609999999996,86.97109999999996,87.19709999999996,19987
2026-05-22T09:00:00+00:00,87.19709999999996,87.29809999999996,86.85309999999997,86.99509999999997,16799
2026-05-22T09:30:00+00:00,86.99509999999997,87.51509999999996,86.90609999999997,87.31409999999997,13689
2026-05-22T10:00:00+00:00,87.31409999999997,87.50109999999997,87.18409999999997,87.25209999999997,13372
2026-05-22T10:30:00+00:00,87.25209999999997,87.29109999999997,87.00309999999996,87.11909999999997,17833
2026-05-22T11:00:00+00:00,87.11909999999997,87.32009999999997,86.94709999999996,87.03609999999996,11827
2026-05-22T11:30:00+00:00,87.03609999999996,87.38709999999996,86.96909999999997,87.08809999999997,15683
2026-05-22T12:00:00+00:00,87.08809999999997,87.74509999999997,87.00609999999996,87.09309999999996,35501
2026-05-22T12:30:00+00:00,87.09309999999996,87.58809999999997,86.70309999999996,87.46609999999997,22904
2026-05-22T13:00:00+00:00,87.46609999999997,87.90009999999997,87.15909999999997,87.36709999999997,41206
2026-05-22T13:30:00+00:00,87.36709999999997,87.57909999999997,86.94709999999996,87.25609999999996,65505
2026-05-22T14:00:00+00:00,87.25609999999996,87.25909999999996,86.24909999999997,86.52109999999996,77746
2026-05-22T14:30:00+00:00,86.52109999999996,86.84709999999997,86.43409999999997,86.55309999999997,38925
2026-05-22T15:00:00+00:00,86.55309999999997,87.17909999999996,86.52909999999997,87.14909999999996,34061
2026-05-22T15:30:00+00:00,87.14909999999996,87.26909999999997,86.95809999999997,87.24409999999997,27346
2026-05-22T16:00:00+00:00,87.24409999999997,87.50209999999997,87.08109999999996,87.45509999999997,22831
2026-05-22T16:30:00+00:00,87.45509999999997,87.56209999999997,86.98909999999997,87.15809999999996,19767
2026-05-22T17:00:00+00:00,87.15809999999996,87.59609999999996,87.03809999999997,87.53009999999996,30093
2026-05-22T17:30:00+00:00,87.53009999999996,87.60109999999997,87.18309999999997,87.24009999999997,29759
2026-05-22T18:00:00+00:00,87.24009999999997,87.34709999999997,87.04309999999997,87.22909999999997,18996
2026-05-22T18:30:00+00:00,87.22909999999997,87.51209999999996,87.11709999999997,87.20009999999996,14785
2026-05-22T19:00:00+00:00,87.20009999999996,87.29909999999997,86.77009999999997,86.80909999999997,19491
2026-05-22T19:30:00+00:00,86.80909999999997,86.95709999999997,86.67409999999997,86.85809999999996,23105
2026-05-22T20:00:00+00:00,86.85809999999996,87.00809999999997,86.69909999999997,86.84009999999996,3280
2026-05-22T20:30:00+00:00,86.84009999999996,86.84309999999996,86.67909999999996,86.71309999999997,2521
2026-05-24T22:00:00+00:00,86.71309999999997,89.29209999999996,86.48209999999996,89.09609999999996,18365.633016081392
2026-05-24T22:30:00+00:00,89.09609999999996,89.64309999999996,89.08409999999996,89.61709999999997,8839
2026-05-24T23:00:00+00:00,89.61709999999997,90.41709999999996,89.61409999999997,90.29309999999997,8889
2026-05-24T23:30:00+00:00,90.29309999999997,90.61809999999997,89.86009999999997,89.96309999999997,10761
2026-05-25T00:00:00+00:00,89.96309999999997,90.34209999999997,89.89709999999997,90.21109999999997,18617
2026-05-25T00:30:00+00:00,90.21109999999997,90.51809999999996,89.73409999999997,89.95909999999996,19675
2026-05-25T01:00:00+00:00,89.95909999999996,90.35209999999996,89.70709999999997,89.99109999999997,39596
2026-05-25T01:30:00+00:00,89.99109999999997,90.09209999999997,89.50209999999997,89.62009999999997,27196
2026-05-25T02:00:00+00:00,89.62009999999997,89.84309999999996,89.49509999999997,89.69409999999996,15690
2026-05-25T02:30:00+00:00,89.69409999999996,89.76709999999997,89.25709999999997,89.36909999999997,23019
2026-05-25T03:00:00+00:00,89.36909999999997,89.62009999999997,89.08209999999997,89.48409999999997,18096
2026-05-25T03:30:00+00:00,89.48409999999997,89.70909999999996,89.26809999999996,89.41409999999996,11792
2026-05-25T04:00:00+00:00,89.41409999999996,89.70109999999997,89.38709999999996,89.59909999999996,8228
2026-05-25T04:30:00+00:00,89.59909999999996,89.78309999999996,89.58909999999997,89.69509999999997,7168
2026-05-25T05:00:00+00:00,89.69509999999997,89.70809999999997,89.37209999999997,89.40409999999997,8199
2026-05-25T05:30:00+00:00,89.40409999999997,89.60609999999997,89.22209999999997,89.28109999999997,17229
2026-05-25T06:00:00+00:00,89.28109999999997,89.40309999999997,89.16409999999996,89.20209999999997,18811
2026-05-25T06:30:00+00:00,89.20209999999997,89.54009999999997,89.15309999999997,89.51209999999996,16280
2026-05-25T07:00:00+00:00,89.51209999999996,89.63009999999997,89.15409999999997,89.40909999999997,19572
2026-05-25T07:30:00+00:00,89.40909999999997,89.86709999999997,89.40309999999997,89.72809999999997,16364
2026-05-25T08:00:00+00:00,89.72809999999997,89.74109999999997,89.49809999999997,89.67309999999996,12978
2026-05-25T08:30:00+00:00,89.67309999999996,89.84409999999997,89.60909999999997,89.68509999999996,9577
2026-05-25T09:00:00+00:00,89.68509999999996,89.77009999999997,89.54109999999997,89.61909999999997,6759
2026-05-25T09:30:00+00:00,89.61909999999997,89.90909999999997,89.60409999999997,89.82809999999996,9575
2026-05-25T10:00:00+00:00,89.82809999999996,90.15009999999997,89.80209999999997,90.00109999999997,8246
2026-05-25T10:30:00+00:00,90.00109999999997,90.03609999999996,89.90909999999997,89.91409999999996,8322
2026-05-25T11:00:00+00:00,89.91409999999996,90.07309999999997,89.82809999999996,89.98309999999996,7546
2026-05-25T11:30:00+00:00,89.98309999999996,90.19709999999996,89.79609999999997,89.81209999999997,9493
2026-05-25T12:00:00+00:00,89.81209999999997,89.81609999999996,89.42409999999997,89.65009999999997,16693
2026-05-25T12:30:00+00:00,89.65009999999997,89.79509999999996,89.53009999999996,89.61409999999997,15305
2026-05-25T13:00:00+00:00,89.61409999999997,89.62109999999997,89.13609999999997,89.22209999999997,25179
2026-05-25T13:30:00+00:00,89.22209999999997,89.46209999999996,89.14409999999997,89.38409999999996,14767
2026-05-25T14:00:00+00:00,89.38409999999996,89.71909999999997,89.34309999999996,89.58209999999997,13007
2026-05-25T14:30:00+00:00,89.58209999999997,89.70409999999997,89.47509999999997,89.60409999999997,13839
2026-05-25T15:00:00+00:00,89.60409999999997,89.84709999999997,89.53909999999996,89.68009999999997,19368
2026-05-25T15:30:00+00:00,89.68009999999997,89.68309999999997,89.51509999999996,89.56809999999997,10009
2026-05-25T16:00:00+00:00,89.56809999999997,89.62909999999997,89.47209999999997,89.54509999999996,7715
2026-05-25T16:30:00+00:00,89.54509999999996,89.86009999999997,89.53609999999996,89.85709999999997,9255
2026-05-25T17:00:00+00:00,89.85709999999997,90.29309999999997,89.83609999999997,89.99509999999997,10890
2026-05-25T17:30:00+00:00,89.99509999999997,89.99709999999997,89.75809999999997,89.86709999999997,6240
2026-05-25T18:00:00+00:00,89.86709999999997,89.96309999999997,89.79409999999997,89.87109999999997,7709
2026-05-25T18:30:00+00:00,89.87109999999997,89.87109999999997,77.893,77.893,21
2026-05-25T19:00:00+00:00,77.893,77.893,77.88,77.884,28
2026-05-25T19:30:00+00:00,77.884,78.026,77.883,77.898,23
2026-05-25T20:00:00+00:00,77.898,78.03,77.832,77.894,65
2026-05-25T20:30:00+00:00,77.894,77.927,77.864,77.927,110
2026-05-25T22:00:00+00:00,77.927,78.51,77.45,77.818,4657.310649909046
2026-05-25T22:30:00+00:00,77.818,77.898,77.616,77.849,7702
2026-05-25T23:00:00+00:00,77.849,78.025,77.59,77.63300000000001,7124
2026-05-25T23:30:00+00:00,77.63300000000001,77.68900000000001,76.84700000000001,77.343,13667
2026-05-26T00:00:00+00:00,77.343,77.37100000000001,76.756,77.092,24480
2026-05-26T00:30:00+00:00,77.092,77.295,76.907,77.248,18825
2026-05-26T01:00:00+00:00,77.248,77.275,76.59700000000001,76.733,34059
2026-05-26T01:30:00+00:00,76.733,76.827,75.38900000000001,76.10000000000001,35858
2026-05-26T02:00:00+00:00,76.10000000000001,76.382,76.027,76.352,12595
2026-05-26T02:30:00+00:00,76.352,76.557,76.155,76.162,14718
2026-05-26T03:00:00+00:00,76.162,76.705,76.158,76.572,10657
2026-05-26T03:30:00+00:00,76.572,76.69500000000001,76.51400000000001,76.568,4836
2026-05-26T04:00:00+00:00,76.568,76.59700000000001,76.257,76.274,5058
2026-05-26T04:30:00+00:00,76.274,76.35900000000001,76.065,76.086,6950
2026-05-26T05:00:00+00:00,76.086,76.458,75.986,76.434,6558
2026-05-26T05:30:00+00:00,76.434,76.50800000000001,75.955,76.147,16569
2026-05-26T06:00:00+00:00,76.147,76.413,76.038,76.167,18822
2026-05-26T06:30:00+00:00,76.167,76.302,76.08,76.224,15857
2026-05-26T07:00:00+00:00,76.224,76.424,75.578,75.985,24077
2026-05-26T07:30:00+00:00,75.985,76.164,75.675,76.092,21409
2026-05-26T08:00:00+00:00,76.092,76.21300000000001,75.812,75.851,15661
2026-05-26T08:30:00+00:00,75.851,76.061,75.64200000000001,75.715,14852
2026-05-26T09:00:00+00:00,75.715,76.009,75.593,75.779,13119
2026-05-26T09:30:00+00:00,75.779,75.834,75.318,75.638,17660
2026-05-26T10:00:00+00:00,75.638,76.259,75.559,76.144,14731
2026-05-26T10:30:00+00:00,76.144,76.31400000000001,75.927,76.032,17218
2026-05-26T11:00:00+00:00,76.032,76.16,75.837,75.87100000000001,11979
2026-05-26T11:30:00+00:00,75.87100000000001,76.068,75.559,75.672,28849
2026-05-26T12:00:00+00:00,75.672,75.837,75.45400000000001,75.498,24016
2026-05-26T12:30:00+00:00,75.498,76.083,75.159,75.923,23367
2026-05-26T13:00:00+00:00,75.923,76.214,75.678,75.977,28820
2026-05-26T13:30:00+00:00,75.977,76.334,75.575,75.63900000000001,59102
2026-05-26T14:00:00+00:00,75.63900000000001,76.038,75.49900000000001,76.028,39871
2026-05-26T14:30:00+00:00,76.028,76.257,75.811,75.989,29424
2026-05-26T15:00:00+00:00,75.989,76.004,75.649,75.726,30496
2026-05-26T15:30:00+00:00,75.726,75.851,75.527,75.648,30623
2026-05-26T16:00:00+00:00,75.648,75.897,75.59400000000001,75.866,19720
2026-05-26T16:30:00+00:00,75.866,76.138,75.68900000000001,75.82300000000001,16056
2026-05-26T17:00:00+00:00,75.82300000000001,76.105,75.774,75.86500000000001,10930
2026-05-26T17:30:00+00:00,75.86500000000001,76.00200000000001,75.60300000000001,75.63000000000001,13580
2026-05-26T18:00:00+00:00,75.63000000000001,75.824,75.501,75.757,15326
2026-05-26T18:30:00+00:00,75.757,76.165,75.738,76.14200000000001,9349
2026-05-26T19:00:00+00:00,76.14200000000001,76.59400000000001,76.11500000000001,76.361,8829
2026-05-26T19:30:00+00:00,76.361,76.812,76.349,76.73400000000001,13992
2026-05-26T20:00:00+00:00,76.73400000000001,76.75800000000001,76.551,76.63000000000001,3157
2026-05-26T20:30:00+00:00,76.63000000000001,76.84400000000001,76.546,76.645,2028
2026-05-26T22:00:00+00:00,76.645,76.775,76.49300000000001,76.665,4473.628751037837
2026-05-26T22:30:00+00:00,76.665,76.864,76.549,76.85600000000001,3850
2026-05-26T23:00:00+00:00,76.85600000000001,77,76.696,76.84400000000001,3775
2026-05-26T23:30:00+00:00,76.84400000000001,77.11200000000001,76.816,76.956,4786
2026-05-27T00:00:00+00:00,76.956,77.23,76.882,77.036,6158
2026-05-27T00:30:00+00:00,77.036,77.12400000000001,76.732,76.77300000000001,6648
2026-05-27T01:00:00+00:00,76.77300000000001,77.069,76.598,76.876,20547
2026-05-27T01:30:00+00:00,76.876,76.88300000000001,76.302,76.36200000000001,17891
2026-05-27T02:00:00+00:00,76.36200000000001,76.51100000000001,76.265,76.482,13733
2026-05-27T02:30:00+00:00,76.482,76.50800000000001,76.116,76.411,10356
2026-05-27T03:00:00+00:00,76.411,76.58200000000001,76.28500000000001,76.328,7602
2026-05-27T03:30:00+00:00,76.328,76.34100000000001,76.153,76.173,4353
2026-05-27T04:00:00+00:00,76.173,76.352,76.132,76.146,4704
2026-05-27T04:30:00+00:00,76.146,76.614,76.122,76.423,5268
2026-05-27T05:00:00+00:00,76.423,76.542,76.217,76.388,6124
2026-05-27T05:30:00+00:00,76.388,76.465,75.15,75.24600000000001,26033
2026-05-27T06:00:00+00:00,75.24600000000001,75.38900000000001,74.436,74.601,22102
2026-05-27T06:30:00+00:00,74.601,74.912,74.275,74.724,16827
2026-05-27T07:00:00+00:00,74.724,74.93,74.491,74.70400000000001,16124
2026-05-27T07:30:00+00:00,74.70400000000001,74.827,74.215,74.568,15615
2026-05-27T08:00:00+00:00,74.568,75.018,74.542,74.84400000000001,16081
2026-05-27T08:30:00+00:00,74.84400000000001,75.23400000000001,74.742,75.066,12278
2026-05-27T09:00:00+00:00,75.066,75.23400000000001,74.83200000000001,74.96300000000001,10698
2026-05-27T09:30:00+00:00,74.96300000000001,75.185,74.875,75.03200000000001,8127
2026-05-27T10:00:00+00:00,75.03200000000001,75.159,74.864,74.887,10776
2026-05-27T10:30:00+00:00,74.887,74.962,73.688,73.88000000000001,35212
2026-05-27T11:00:00+00:00,73.88000000000001,74.23,73.71600000000001,73.744,26395
2026-05-27T11:30:00+00:00,73.744,73.946,73.015,73.43,27111
2026-05-27T12:00:00+00:00,73.43,74.878,73.346,74.44200000000001,53029
2026-05-27T12:30:00+00:00,74.44200000000001,74.676,73.959,73.97800000000001,32088
2026-05-27T13:00:00+00:00,73.97800000000001,74.388,73.48,73.521,52092
2026-05-27T13:30:00+00:00,73.521,74.426,73.50500000000001,74.143,67060
2026-05-27T14:00:00+00:00,74.143,74.74300000000001,74.058,74.391,48215
2026-05-27T14:30:00+00:00,74.391,74.584,73.87700000000001,73.91000000000001,34570
2026-05-27T15:00:00+00:00,73.91000000000001,74.149,73.769,74.11,25291
2026-05-27T15:30:00+00:00,74.11,74.397,73.941,74.105,23626
2026-05-27T16:00:00+00:00,74.105,74.476,74.018,74.322,16876
2026-05-27T16:30:00+00:00,74.322,74.569,74.21000000000001,74.31,11600
2026-05-27T17:00:00+00:00,74.31,74.435,74.049,74.15,18935
2026-05-27T17:30:00+00:00,74.15,74.37400000000001,74.069,74.07000000000001,7580
2026-05-27T18:00:00+00:00,74.07000000000001,74.58850000000001,74.0095,74.3435,10268.182345021367
2026-05-27T18:30:00+00:00,74.3435,74.4355,74.2505,74.38250000000001,6211
2026-05-27T19:00:00+00:00,74.38250000000001,74.4825,74.1885,74.20150000000001,6528
2026-05-27T19:30:00+00:00,74.20150000000001,74.4505,74.14850000000001,74.2275,11396
2026-05-27T20:00:00+00:00,74.2275,74.33850000000001,74.1675,74.25150000000001,2292
2026-05-27T20:30:00+00:00,74.25150000000001,74.29050000000001,74.1825,74.1965,1679
2026-05-27T22:00:00+00:00,74.1965,74.8775,74.1575,74.69149999999999,3394.131703537919
2026-05-27T22:30:00+00:00,74.69149999999999,74.7695,74.5705,74.6405,3247
2026-05-27T23:00:00+00:00,74.6405,74.6785,74.5265,74.5655,4416
2026-05-27T23:30:00+00:00,74.5655,74.6305,74.34049999999999,74.4695,4983
2026-05-28T00:00:00+00:00,74.4695,74.7685,74.3875,74.5445,11415
2026-05-28T00:30:00+00:00,74.5445,74.8975,74.44149999999999,74.8685,11857
2026-05-28T01:00:00+00:00,74.8685,74.9275,73.1395,73.3015,29493
2026-05-28T01:30:00+00:00,73.3015,73.5595,72.9795,73.0745,29497
2026-05-28T02:00:00+00:00,73.0745,73.2695,72.9345,73.2175,20685
2026-05-28T02:30:00+00:00,73.2175,73.4875,72.9845,73.0335,14601
2026-05-28T03:00:00+00:00,73.0335,73.2875,72.4135,72.7615,16764
2026-05-28T03:30:00+00:00,72.7615,72.7675,72.1375,72.2015,16334
2026-05-28T04:00:00+00:00,72.2015,72.4245,71.9075,71.9125,11362
2026-05-28T04:30:00+00:00,71.9125,72.0475,71.7975,71.9525,8716
2026-05-28T05:00:00+00:00,71.9525,72.0085,71.7555,71.95649999999999,12704
2026-05-28T05:30:00+00:00,71.95649999999999,73.2755,71.82249999999999,73.0585,21866
2026-05-28T06:00:00+00:00,73.0585,73.1325,72.59649999999999,72.8215,17592
2026-05-28T06:30:00+00:00,72.8215,73.2225,72.8105,73.1435,14943
2026-05-28T07:00:00+00:00,73.1435,73.6215,73.1365,73.3925,12451
2026-05-28T07:30:00+00:00,73.3925,73.6345,73.2855,73.4585,10960
2026-05-28T08:00:00+00:00,73.4585,73.6705,73.3365,73.3685,17813
2026-05-28T08:30:00+00:00,73.3685,73.5235,73.1355,73.1765,13964
2026-05-28T09:00:00+00:00,73.1765,73.6105,73.1665,73.4725,14406
2026-05-28T09:30:00+00:00,73.4725,73.5195,73.2175,73.5095,15537
2026-05-28T10:00:00+00:00,73.5095,73.6675,73.2165,73.4725,14749
2026-05-28T10:30:00+00:00,73.4725,73.5075,72.6835,72.94749999999999,22372
2026-05-28T11:00:00+00:00,72.94749999999999,73.2495,72.8795,73.0165,16909
2026-05-28T11:30:00+00:00,73.0165,73.1285,72.6875,72.99549999999999,19228
2026-05-28T12:00:00+00:00,72.99549999999999,73.2135,72.7545,72.8605,20227
2026-05-28T12:30:00+00:00,72.8605,74.2465,72.8515,74.10849999999999,29946
2026-05-28T13:00:00+00:00,74.10849999999999,74.31649999999999,73.5335,73.5525,31058
2026-05-28T13:30:00+00:00,73.5525,73.7055,73.1625,73.2995,36745
2026-05-28T14:00:00+00:00,73.2995,74.7895,73.1185,74.5585,58858
2026-05-28T14:30:00+00:00,74.5585,74.84049999999999,74.1535,74.5895,46655
2026-05-28T15:00:00+00:00,74.5895,74.82849999999999,74.4515,74.6775,28749
2026-05-28T15:30:00+00:00,74.6775,75.1655,74.6775,75.06349999999999,18871
2026-05-28T16:00:00+00:00,75.06349999999999,75.84349999999999,74.8185,75.60549999999999,24801
2026-05-28T16:30:00+00:00,75.60549999999999,75.8175,75.4045,75.7705,21034
2026-05-28T17:00:00+00:00,75.7705,75.8665,75.5375,75.5485,19075
2026-05-28T17:30:00+00:00,75.5485,76.0425,75.5485,75.8715,12204
2026-05-28T18:00:00+00:00,75.8715,76.0795,75.7265,75.7745,16609
2026-05-28T18:30:00+00:00,75.7745,75.7895,75.5655,75.6195,11605
2026-05-28T19:00:00+00:00,75.6195,75.6465,75.4875,75.5345,9359
2026-05-28T19:30:00+00:00,75.5345,75.6605,75.5025,75.5295,7619
2026-05-28T20:00:00+00:00,75.5295,75.6435,75.5115,75.6265,3954
2026-05-28T20:30:00+00:00,75.6265,75.6865,75.5355,75.5355,2424
2026-05-28T22:00:00+00:00,75.5355,76.0095,75.3835,75.88650000000001,2725.4643934264786
2026-05-28T22:30:00+00:00,75.88650000000001,75.9285,75.77250000000001,75.77850000000001,2447
2026-05-28T23:00:00+00:00,75.77850000000001,76.00450000000001,75.77850000000001,75.9415,2074
2026-05-28T23:30:00+00:00,75.9415,76.00750000000001,75.7475,75.88250000000001,3859
2026-05-29T00:00:00+00:00,75.88250000000001,76.3465,75.8255,76.16550000000001,9686
2026-05-29T00:30:00+00:00,76.16550000000001,76.16550000000001,75.7775,75.8465,5948
2026-05-29T01:00:00+00:00,75.8465,76.67750000000001,75.8065,76.3165,21737
2026-05-29T01:30:00+00:00,76.3165,76.42450000000001,76.0955,76.19250000000001,16917
2026-05-29T02:00:00+00:00,76.19250000000001,76.39750000000001,75.97250000000001,76.0575,9344
2026-05-29T02:30:00+00:00,76.0575,76.22250000000001,75.8155,75.94850000000001,9699
2026-05-29T03:00:00+00:00,75.94850000000001,76.04950000000001,75.5785,75.6795,11082
2026-05-29T03:30:00+00:00,75.6795,75.83250000000001,75.63850000000001,75.70450000000001,5308
2026-05-29T04:00:00+00:00,75.70450000000001,76.1825,75.69250000000001,75.99050000000001,6777
2026-05-29T04:30:00+00:00,75.99050000000001,76.14850000000001,75.89550000000001,76.14850000000001,4733
2026-05-29T05:00:00+00:00,76.14850000000001,76.16250000000001,75.9775,75.9915,5229
2026-05-29T05:30:00+00:00,75.9915,76.1375,75.52350000000001,75.80850000000001,13507
2026-05-29T06:00:00+00:00,75.80850000000001,75.97550000000001,75.65650000000001,75.78450000000001,16576
2026-05-29T06:30:00+00:00,75.78450000000001,76.09150000000001,75.62750000000001,76.0665,14149
2026-05-29T07:00:00+00:00,76.0665,76.07050000000001,75.42150000000001,75.6045,15895
2026-05-29T07:30:00+00:00,75.6045,75.8755,75.4555,75.7715,14471
2026-05-29T08:00:00+00:00,75.7715,75.89550000000001,75.27350000000001,75.4955,14430
2026-05-29T08:30:00+00:00,75.4955,75.4985,75.16050000000001,75.29350000000001,11017
2026-05-29T09:00:00+00:00,75.29350000000001,75.89550000000001,75.2305,75.8405,13744
2026-05-29T09:30:00+00:00,75.8405,76.01150000000001,75.6705,75.8105,12725
2026-05-29T10:00:00+00:00,75.8105,75.8225,75.6015,75.69550000000001,9718
2026-05-29T10:30:00+00:00,75.69550000000001,76.0595,75.6885,75.9685,10103
2026-05-29T11:00:00+00:00,75.9685,76.14750000000001,75.71350000000001,75.8275,10558
2026-05-29T11:30:00+00:00,75.8275,75.9585,75.54950000000001,75.95150000000001,14290
2026-05-29T12:00:00+00:00,75.95150000000001,75.96050000000001,75.3525,75.51150000000001,17859
2026-05-29T12:30:00+00:00,75.51150000000001,75.9175,75.2985,75.8755,23529
2026-05-29T13:00:00+00:00,75.8755,76.02950000000001,75.64550000000001,76.01650000000001,27782
2026-05-29T13:30:00+00:00,76.01650000000001,76.0695,75.38350000000001,75.6645,47045
2026-05-29T14:00:00+00:00,75.6645,76.02650000000001,74.9385,74.9865,49779
2026-05-29T14:30:00+00:00,74.9865,76.08550000000001,74.7775,75.8125,52747
2026-05-29T15:00:00+00:00,75.8125,76.94550000000001,75.8105,76.1285,42804
2026-05-29T15:30:00+00:00,76.1285,76.2595,75.7065,75.9255,30532
2026-05-29T16:00:00+00:00,75.9255,75.9435,75.60050000000001,75.7355,14477
2026-05-29T16:30:00+00:00,75.7355,76.19250000000001,75.69850000000001,76.02950000000001,15892
2026-05-29T17:00:00+00:00,76.02950000000001,76.11850000000001,75.6705,75.76750000000001,13634
2026-05-29T17:30:00+00:00,75.76750000000001,75.83550000000001,75.51350000000001,75.5905,13803
2026-05-29T18:00:00+00:00,75.5905,76.0245,75.5485,75.8675,12494
2026-05-29T18:30:00+00:00,75.8675,75.96650000000001,75.58850000000001,75.65950000000001,15978
2026-05-29T19:00:00+00:00,75.65950000000001,76.00850000000001,75.6465,75.82350000000001,8431
2026-05-29T19:30:00+00:00,75.82350000000001,75.8635,75.66350000000001,75.75150000000001,11485
2026-05-29T20:00:00+00:00,75.75150000000001,75.87150000000001,75.65650000000001,75.6935,5978
2026-05-29T20:30:00+00:00,75.6935,75.73150000000001,75.53150000000001,75.57350000000001,1535
2026-05-31T22:00:00+00:00,75.57350000000001,75.57350000000001,73.2245,74.02050000000001,10232.034604519773
2026-05-31T22:30:00+00:00,74.02050000000001,74.37650000000001,74.00850000000001,74.23750000000001,8682
2026-05-31T23:00:00+00:00,74.23750000000001,74.64350000000002,74.21450000000002,74.62150000000001,6058
2026-05-31T23:30:00+00:00,74.62150000000001,74.88050000000001,74.51950000000001,74.75250000000001,7552
2026-06-01T00:00:00+00:00,74.75250000000001,74.94650000000001,74.64150000000001,74.80050000000001,12407
2026-06-01T00:30:00+00:00,74.80050000000001,74.89850000000001,74.64550000000001,74.7395,10744
2026-06-01T01:00:00+00:00,74.7395,74.83250000000001,73.98250000000002,74.64850000000001,25942
2026-06-01T01:30:00+00:00,74.64850000000001,74.93450000000001,74.44250000000001,74.72250000000001,16992
2026-06-01T02:00:00+00:00,74.72250000000001,75.21950000000001,74.6585,75.1235,11147
2026-06-01T02:30:00+00:00,75.1235,75.1825,74.75650000000002,74.77050000000001,16412
2026-06-01T03:00:00+00:00,74.77050000000001,75.00450000000001,74.51650000000001,74.76850000000002,12067
2026-06-01T03:30:00+00:00,74.76850000000002,74.94950000000001,74.3705,74.5785,6450
2026-06-01T04:00:00+00:00,74.5785,74.74750000000002,74.52850000000001,74.69550000000001,4671
2026-06-01T04:30:00+00:00,74.69550000000001,74.75850000000001,74.53450000000001,74.75350000000002,4926
2026-06-01T05:00:00+00:00,74.75350000000002,75.06750000000001,74.7185,74.94850000000001,6003
2026-06-01T05:30:00+00:00,74.94850000000001,75.25150000000001,74.69350000000001,75.01150000000001,13161
2026-06-01T06:00:00+00:00,75.01150000000001,75.13350000000001,74.69250000000001,74.87850000000002,15419
2026-06-01T06:30:00+00:00,74.87850000000002,74.9565,74.4535,74.57450000000001,15422
2026-06-01T07:00:00+00:00,74.57450000000001,75.06250000000001,74.55050000000001,74.92150000000001,13080
2026-06-01T07:30:00+00:00,74.92150000000001,75.02550000000001,74.44850000000001,74.97850000000001,14720
2026-06-01T08:00:00+00:00,74.97850000000001,75.1115,74.50550000000001,74.66250000000001,15196
2026-06-01T08:30:00+00:00,74.66250000000001,75.02650000000001,74.5245,74.88050000000001,11557
2026-06-01T09:00:00+00:00,74.88050000000001,75.4655,74.87250000000002,75.00650000000002,11324
2026-06-01T09:30:00+00:00,75.00650000000002,75.13250000000001,74.78150000000001,74.8105,12525
2026-06-01T10:00:00+00:00,74.8105,75.11850000000001,74.8105,75.01850000000002,8946
2026-06-01T10:30:00+00:00,75.01850000000002,75.27250000000001,74.79350000000001,74.8555,8614
2026-06-01T11:00:00+00:00,74.8555,75.09750000000001,74.69050000000001,75.03550000000001,10757
2026-06-01T11:30:00+00:00,75.03550000000001,75.0995,74.81250000000001,74.87550000000002,11426
2026-06-01T12:00:00+00:00,74.87550000000002,74.9565,74.49150000000002,74.72050000000002,15616
2026-06-01T12:30:00+00:00,74.72050000000002,75.18650000000001,74.46150000000002,74.9415,14771
2026-06-01T13:00:00+00:00,74.9415,75.13050000000001,73.68150000000001,73.77550000000001,50495
2026-06-01T13:30:00+00:00,73.77550000000001,74.03250000000001,73.01550000000002,73.0665,62185
2026-06-01T14:00:00+00:00,73.0665,73.82150000000001,72.9955,73.51550000000002,46626
2026-06-01T14:30:00+00:00,73.51550000000002,73.83950000000002,73.3105,73.4805,37947
2026-06-01T15:00:00+00:00,73.4805,73.93750000000001,73.39550000000001,73.8285,26506
2026-06-01T15:30:00+00:00,73.8285,74.48750000000001,73.82050000000001,74.07150000000001,30649
2026-06-01T16:00:00+00:00,74.07150000000001,74.39150000000001,73.75550000000001,73.89250000000001,21722
2026-06-01T16:30:00+00:00,73.89250000000001,74.35150000000002,73.76650000000001,74.14050000000002,17246
2026-06-01T17:00:00+00:00,74.14050000000002,74.35750000000002,74.04650000000001,74.35750000000002,15456
2026-06-01T17:30:00+00:00,74.35750000000002,74.66350000000001,74.19250000000001,74.51950000000001,31643
2026-06-01T18:00:00+00:00,74.51950000000001,74.54350000000001,74.3285,74.34550000000002,9557
2026-06-01T18:30:00+00:00,74.34550000000002,74.4745,74.25450000000001,74.39250000000001,4782
2026-06-01T19:00:00+00:00,74.39250000000001,74.4295,74.16550000000001,74.16850000000001,8207
2026-06-01T19:30:00+00:00,74.16850000000001,74.21950000000001,73.93450000000001,74.00150000000001,10390
2026-06-01T20:00:00+00:00,74.00150000000001,74.12250000000002,73.97250000000001,73.98850000000002,2181
2026-06-01T20:30:00+00:00,73.98850000000002,74.0725,73.9445,73.98850000000002,1877
2026-06-01T22:00:00+00:00,73.98850000000002,74.13950000000003,73.87250000000002,74.01150000000003,4738.746182418489
2026-06-01T22:30:00+00:00,74.01150000000003,74.21650000000002,74.01150000000003,74.20250000000003,2395
2026-06-01T23:00:00+00:00,74.20250000000003,74.37050000000002,74.12150000000003,74.34650000000002,2380
2026-06-01T23:30:00+00:00,74.34650000000002,74.52350000000003,74.17450000000002,74.28150000000002,4186
2026-06-02T00:00:00+00:00,74.28150000000002,74.44050000000003,74.04450000000003,74.44050000000003,11749
2026-06-02T00:30:00+00:00,74.44050000000003,74.55650000000003,74.08350000000003,74.15850000000002,8164
2026-06-02T01:00:00+00:00,74.15850000000002,75.25150000000002,73.95550000000003,74.95750000000002,27123
2026-06-02T01:30:00+00:00,74.95750000000002,75.06050000000002,73.72050000000002,74.07550000000002,20991
2026-06-02T02:00:00+00:00,74.07550000000002,74.53450000000002,74.05950000000003,74.44650000000003,13394
2026-06-02T02:30:00+00:00,74.44650000000003,74.58850000000002,74.12450000000003,74.53550000000003,11023
2026-06-02T03:00:00+00:00,74.53550000000003,74.77450000000002,74.39350000000002,74.59450000000002,10980
2026-06-02T03:30:00+00:00,74.59450000000002,74.62050000000002,74.40950000000002,74.51650000000002,6979
2026-06-02T04:00:00+00:00,74.51650000000002,74.88350000000003,74.48550000000002,74.80650000000003,6611
2026-06-02T04:30:00+00:00,74.80650000000003,75.15650000000002,74.76750000000003,75.01450000000003,5143
2026-06-02T05:00:00+00:00,75.01450000000003,75.43550000000002,74.98950000000002,75.27450000000002,6967
2026-06-02T05:30:00+00:00,75.27450000000002,76.15150000000003,75.24050000000003,75.66550000000002,22490
2026-06-02T06:00:00+00:00,75.66550000000002,75.98750000000003,75.62250000000002,75.91950000000003,17975
2026-06-02T06:30:00+00:00,75.91950000000003,76.16650000000003,75.75750000000002,75.99650000000003,14539
2026-06-02T07:00:00+00:00,75.99650000000003,76.11250000000003,75.84850000000002,75.89550000000003,10550
2026-06-02T07:30:00+00:00,75.89550000000003,76.17450000000002,75.82250000000002,76.16550000000002,9391
2026-06-02T08:00:00+00:00,76.16550000000002,76.25950000000002,75.89350000000002,75.99550000000002,10364
2026-06-02T08:30:00+00:00,75.99550000000002,76.06850000000003,75.62350000000002,75.66850000000002,10722
2026-06-02T09:00:00+00:00,75.66850000000002,75.81650000000002,75.51650000000002,75.61050000000002,10458
2026-06-02T09:30:00+00:00,75.61050000000002,75.69650000000003,75.40650000000002,75.50650000000002,9940
2026-06-02T10:00:00+00:00,75.50650000000002,75.68050000000002,75.38550000000002,75.43450000000003,8692
2026-06-02T10:30:00+00:00,75.43450000000003,75.65850000000002,75.43450000000003,75.62650000000002,9422
2026-06-02T11:00:00+00:00,75.62650000000002,75.77950000000003,75.45650000000002,75.67750000000002,8958
2026-06-02T11:30:00+00:00,75.67750000000002,75.83450000000002,75.50750000000002,75.54550000000002,8457
2026-06-02T12:00:00+00:00,75.54550000000002,75.92650000000002,75.40250000000002,75.90650000000002,13320
2026-06-02T12:30:00+00:00,75.90650000000002,76.09550000000002,75.23250000000002,75.33850000000002,20491
2026-06-02T13:00:00+00:00,75.33850000000002,75.85150000000002,75.06750000000002,75.17150000000002,32693
2026-06-02T13:30:00+00:00,75.17150000000002,75.70350000000002,75.04350000000002,75.10750000000002,43633
2026-06-02T14:00:00+00:00,75.10750000000002,75.25250000000003,74.50450000000002,74.69650000000003,45652
2026-06-02T14:30:00+00:00,74.69650000000003,75.15650000000002,74.69650000000003,74.95550000000003,22764
2026-06-02T15:00:00+00:00,74.95550000000003,75.33750000000002,74.93750000000003,75.16750000000002,17976
2026-06-02T15:30:00+00:00,75.16750000000002,75.36750000000002,74.96950000000002,75.01850000000002,12513
2026-06-02T16:00:00+00:00,75.01850000000002,75.09350000000002,74.62950000000002,74.67450000000002,16378
2026-06-02T16:30:00+00:00,74.67450000000002,74.82850000000002,74.55650000000003,74.67550000000003,13935
2026-06-02T17:00:00+00:00,74.67550000000003,74.88850000000002,74.47050000000002,74.60250000000002,12529
2026-06-02T17:30:00+00:00,74.60250000000002,74.69950000000003,74.26050000000002,74.35550000000002,13012
2026-06-02T18:00:00+00:00,74.35550000000002,74.57650000000002,74.29650000000002,74.42750000000002,11975
2026-06-02T18:30:00+00:00,74.42750000000002,74.55650000000003,73.99950000000003,74.39250000000003,10299
2026-06-02T19:00:00+00:00,74.39250000000003,74.51650000000002,74.27750000000002,74.42950000000002,7985
2026-06-02T19:30:00+00:00,74.42950000000002,74.46050000000002,74.24150000000002,74.41550000000002,8657
2026-06-02T20:00:00+00:00,74.41550000000002,74.52550000000002,74.34350000000002,74.44150000000002,2416
2026-06-02T20:30:00+00:00,74.44150000000002,74.46650000000002,74.33350000000003,74.40450000000003,2123
2026-06-02T22:00:00+00:00,74.40450000000003,74.70450000000002,74.40450000000003,74.56550000000003,4070.2398573887385
2026-06-02T22:30:00+00:00,74.56550000000003,74.63350000000003,74.36150000000002,74.36950000000003,4019
2026-06-02T23:00:00+00:00,74.36950000000003,74.43150000000003,73.71150000000003,73.86650000000003,9708
2026-06-02T23:30:00+00:00,73.86650000000003,74.27250000000002,73.72250000000003,74.23950000000002,10280
2026-06-03T00:00:00+00:00,74.23950000000002,74.42250000000003,74.15650000000002,74.40650000000002,7887
2026-06-03T00:30:00+00:00,74.40650000000002,74.89150000000002,74.35050000000003,74.55450000000002,5750
2026-06-03T01:00:00+00:00,74.55450000000002,74.63850000000002,73.45850000000003,73.71150000000003,28852
2026-06-03T01:30:00+00:00,73.71150000000003,74.25750000000002,73.70150000000002,74.16350000000003,19301
2026-06-03T02:00:00+00:00,74.16350000000003,74.31050000000002,74.01350000000002,74.10950000000003,13083
2026-06-03T02:30:00+00:00,74.10950000000003,74.57350000000002,73.96050000000002,74.39750000000002,15869
2026-06-03T03:00:00+00:00,74.39750000000002,74.65950000000002,74.35850000000002,74.53050000000002,13537
2026-06-03T03:30:00+00:00,74.53050000000002,74.60050000000003,74.44850000000002,74.59750000000003,3964
2026-06-03T04:00:00+00:00,74.59750000000003,74.66350000000003,74.29650000000002,74.29850000000002,4975
2026-06-03T04:30:00+00:00,74.29850000000002,74.32950000000002,74.11150000000002,74.11150000000002,4842
2026-06-03T05:00:00+00:00,74.11150000000002,74.32450000000003,73.99950000000003,74.09250000000003,6870
2026-06-03T05:30:00+00:00,74.09250000000003,74.19750000000002,73.79150000000003,73.82250000000002,16668
2026-06-03T06:00:00+00:00,73.82250000000002,74.13150000000003,73.81650000000002,73.87750000000003,18235
2026-06-03T06:30:00+00:00,73.87750000000003,73.92650000000002,73.43650000000002,73.77450000000002,18439
2026-06-03T07:00:00+00:00,73.77450000000002,74.06950000000002,73.50950000000003,73.53450000000002,16898
2026-06-03T07:30:00+00:00,73.53450000000002,73.82350000000002,73.47250000000003,73.49150000000003,16932
2026-06-03T08:00:00+00:00,73.49150000000003,73.74550000000002,73.41250000000002,73.73250000000003,18368
2026-06-03T08:30:00+00:00,73.73250000000003,73.93550000000002,73.42250000000003,73.52350000000003,13319
2026-06-03T09:00:00+00:00,73.52350000000003,73.89050000000003,73.47950000000003,73.51850000000002,14053
2026-06-03T09:30:00+00:00,73.51850000000002,73.71950000000002,73.38450000000003,73.40850000000002,10654
2026-06-03T10:00:00+00:00,73.40850000000002,74.30750000000002,73.37350000000002,73.88250000000002,27391
2026-06-03T10:30:00+00:00,73.88250000000002,74.11050000000003,73.61250000000003,73.75850000000003,11230
2026-06-03T11:00:00+00:00,73.75850000000003,74.06950000000002,73.70050000000002,73.83850000000002,14858
2026-06-03T11:30:00+00:00,73.83850000000002,74.13150000000003,73.81650000000002,73.94650000000003,12059
2026-06-03T12:00:00+00:00,73.94650000000003,74.09750000000003,73.52550000000002,73.58150000000002,23194
2026-06-03T12:30:00+00:00,73.58150000000002,74.03150000000002,73.33450000000002,73.61750000000002,23025
2026-06-03T13:00:00+00:00,73.61750000000002,73.92050000000002,73.35450000000003,73.47950000000003,26602
2026-06-03T13:30:00+00:00,73.47950000000003,73.67750000000002,72.58650000000003,73.19650000000003,56971
2026-06-03T14:00:00+00:00,73.19650000000003,73.49050000000003,72.93150000000003,73.15750000000003,45489
2026-06-03T14:30:00+00:00,73.15750000000003,73.53750000000002,72.94750000000002,73.34850000000003,33522
2026-06-03T15:00:00+00:00,73.34850000000003,73.40850000000002,72.62550000000003,72.85250000000002,30328
2026-06-03T15:30:00+00:00,72.85250000000002,73.09050000000002,72.68650000000002,72.82150000000003,19467
2026-06-03T16:00:00+00:00,72.82150000000003,73.02550000000002,72.57250000000002,72.75850000000003,17868
2026-06-03T16:30:00+00:00,72.75850000000003,72.90550000000002,72.53950000000002,72.86250000000003,14266
2026-06-03T17:00:00+00:00,72.86250000000003,73.23250000000003,72.74350000000003,72.77750000000002,19786
2026-06-03T17:30:00+00:00,72.77750000000002,72.90050000000002,72.57850000000002,72.68550000000002,12300
2026-06-03T18:00:00+00:00,72.68550000000002,72.80300000000003,72.51500000000003,72.62800000000003,10158.864349844256
2026-06-03T18:30:00+00:00,72.62800000000003,72.77900000000002,72.52500000000002,72.65100000000002,11638
2026-06-03T19:00:00+00:00,72.65100000000002,72.90400000000002,72.59200000000003,72.74900000000002,11969
2026-06-03T19:30:00+00:00,72.74900000000002,72.85100000000003,72.58600000000003,72.62200000000003,9370
2026-06-03T20:00:00+00:00,72.62200000000003,72.63800000000002,72.27100000000003,72.36000000000003,7443
2026-06-03T20:30:00+00:00,72.36000000000003,72.37100000000002,72.02900000000002,72.12200000000003,5747
2026-06-03T22:00:00+00:00,72.12200000000003,72.23000000000003,71.77000000000002,72.06400000000002,6780.467904449224
2026-06-03T22:30:00+00:00,72.06400000000002,72.60300000000002,72.06400000000002,72.47800000000002,6323
2026-06-03T23:00:00+00:00,72.47800000000002,72.64400000000003,72.33200000000002,72.48200000000003,4668
2026-06-03T23:30:00+00:00,72.48200000000003,72.74800000000003,72.37800000000003,72.54200000000003,6845
2026-06-04T00:00:00+00:00,72.54200000000003,72.72500000000002,72.36700000000003,72.43200000000003,14363
2026-06-04T00:30:00+00:00,72.43200000000003,72.67400000000004,72.35400000000003,72.59400000000002,12665
2026-06-04T01:00:00+00:00,72.59400000000002,73.16500000000003,72.41500000000003,72.93300000000002,27319
2026-06-04T01:30:00+00:00,72.93300000000002,73.09300000000003,72.10800000000003,72.43200000000003,27636
2026-06-04T02:00:00+00:00,72.43200000000003,72.58500000000002,72.27500000000003,72.51800000000003,17319
2026-06-04T02:30:00+00:00,72.51800000000003,73.03600000000003,72.32900000000002,72.93900000000002,18290
2026-06-04T03:00:00+00:00,72.93900000000002,73.05100000000003,72.65400000000002,72.79300000000003,12329
2026-06-04T03:30:00+00:00,72.79300000000003,72.88000000000002,72.56900000000003,72.80500000000004,8017
2026-06-04T04:00:00+00:00,72.80500000000004,73.11800000000002,72.75400000000003,72.98000000000003,6997
2026-06-04T04:30:00+00:00,72.98000000000003,73.32700000000003,72.98000000000003,73.05800000000002,8616
2026-06-04T05:00:00+00:00,73.05800000000002,73.05800000000002,72.76300000000003,72.78700000000003,7983
2026-06-04T05:30:00+00:00,72.78700000000003,72.85900000000002,72.43200000000003,72.53100000000003,16322
2026-06-04T06:00:00+00:00,72.53100000000003,72.83400000000003,72.34400000000002,72.57800000000003,15540
2026-06-04T06:30:00+00:00,72.57800000000003,72.65800000000003,72.22600000000003,72.50100000000003,17397
2026-06-04T07:00:00+00:00,72.50100000000003,72.67300000000003,72.32000000000002,72.48200000000003,16865
2026-06-04T07:30:00+00:00,72.48200000000003,72.74500000000003,72.43000000000004,72.53800000000003,12691
2026-06-04T08:00:00+00:00,72.53800000000003,72.79300000000003,72.45200000000003,72.68500000000003,26125
2026-06-04T08:30:00+00:00,72.68500000000003,72.94900000000003,72.51800000000003,72.61600000000003,19651
2026-06-04T09:00:00+00:00,72.61600000000003,72.79800000000003,72.53000000000003,72.70500000000003,16594
2026-06-04T09:30:00+00:00,72.70500000000003,73.12000000000003,72.66500000000003,72.83900000000003,15709
2026-06-04T10:00:00+00:00,72.83900000000003,72.99300000000002,72.73900000000003,72.84900000000003,10921
2026-06-04T10:30:00+00:00,72.84900000000003,73.00000000000003,72.66900000000003,72.78700000000003,9516
2026-06-04T11:00:00+00:00,72.78700000000003,73.37300000000003,72.70800000000003,73.31400000000002,18044
2026-06-04T11:30:00+00:00,73.31400000000002,74.01500000000003,73.08100000000003,73.95800000000003,23908
2026-06-04T12:00:00+00:00,73.95800000000003,74.03400000000003,73.39100000000003,73.74400000000003,24946
2026-06-04T12:30:00+00:00,73.74400000000003,74.12700000000002,73.64000000000003,73.87900000000003,18450
2026-06-04T13:00:00+00:00,73.87900000000003,74.41300000000003,73.70900000000003,73.98900000000003,30927
2026-06-04T13:30:00+00:00,73.98900000000003,74.22200000000002,73.66000000000003,73.66200000000003,59524
2026-06-04T14:00:00+00:00,73.66200000000003,73.78900000000003,73.22700000000003,73.36000000000003,39259
2026-06-04T14:30:00+00:00,73.36000000000003,73.42300000000003,72.52800000000003,72.83000000000003,40948
2026-06-04T15:00:00+00:00,72.83000000000003,73.11700000000003,72.77800000000003,72.98800000000003,32998
2026-06-04T15:30:00+00:00,72.98800000000003,73.23100000000002,72.97600000000003,73.20400000000002,22051
2026-06-04T16:00:00+00:00,73.20400000000002,73.40400000000002,73.14100000000003,73.22100000000003,15897
2026-06-04T16:30:00+00:00,73.22100000000003,73.35700000000003,73.11900000000003,73.19700000000003,14779
2026-06-04T17:00:00+00:00,73.19700000000003,73.28700000000003,72.96400000000003,73.17700000000004,12350
2026-06-04T17:30:00+00:00,73.17700000000004,73.52100000000003,73.17700000000004,73.25100000000003,11576
2026-06-04T18:00:00+00:00,73.25100000000003,73.47700000000003,73.18900000000002,73.33800000000002,9944
2026-06-04T18:30:00+00:00,73.33800000000002,73.44400000000003,73.15700000000002,73.32100000000003,7097
2026-06-04T19:00:00+00:00,73.32100000000003,73.45000000000003,73.24400000000003,73.40200000000003,6787
2026-06-04T19:30:00+00:00,73.40200000000003,73.58000000000003,73.32600000000002,73.40300000000003,5488
2026-06-04T20:00:00+00:00,73.40300000000003,73.41800000000003,73.26000000000003,73.29000000000003,2965
2026-06-04T20:30:00+00:00,73.29000000000003,73.30300000000003,73.18200000000003,73.18200000000003,2469
2026-06-04T22:00:00+00:00,73.18200000000003,73.46100000000003,73.17200000000003,73.40800000000003,5687.915696779359
2026-06-04T22:30:00+00:00,73.40800000000003,73.49700000000003,73.32800000000002,73.35600000000002,6847
2026-06-04T23:00:00+00:00,73.35600000000002,73.58400000000002,73.25500000000002,73.39000000000003,5451
2026-06-04T23:30:00+00:00,73.39000000000003,73.44700000000002,73.22300000000003,73.24900000000002,4208
2026-06-05T00:00:00+00:00,73.24900000000002,73.27000000000002,72.88800000000002,73.00600000000003,13016
2026-06-05T00:30:00+00:00,73.00600000000003,73.19700000000002,72.72300000000003,72.72300000000003,10995
2026-06-05T01:00:00+00:00,72.72300000000003,72.85700000000003,71.96800000000002,72.27500000000002,38776
2026-06-05T01:30:00+00:00,72.27500000000002,72.44700000000002,72.01100000000002,72.08300000000003,22770
2026-06-05T02:00:00+00:00,72.08300000000003,72.42400000000002,71.95100000000002,72.29300000000002,14904
2026-06-05T02:30:00+00:00,72.29300000000002,72.40200000000003,71.82200000000002,72.02300000000002,23092
2026-06-05T03:00:00+00:00,72.02300000000002,72.08900000000003,71.79000000000002,71.89900000000003,18572
2026-06-05T03:30:00+00:00,71.89900000000003,72.25900000000003,71.89700000000002,72.15200000000003,7502
2026-06-05T04:00:00+00:00,72.15200000000003,72.18600000000002,71.97000000000003,72.08000000000003,7923
2026-06-05T04:30:00+00:00,72.08000000000003,72.29400000000003,72.00700000000002,72.26700000000002,7520
2026-06-05T05:00:00+00:00,72.26700000000002,72.30700000000002,72.05200000000002,72.05800000000002,11171
2026-06-05T05:30:00+00:00,72.05800000000002,72.21800000000002,71.62400000000002,71.70300000000002,20280
2026-06-05T06:00:00+00:00,71.70300000000002,71.79600000000002,70.72100000000002,71.44800000000002,25925
2026-06-05T06:30:00+00:00,71.44800000000002,72.07300000000002,71.41600000000003,72.04000000000002,20241
2026-06-05T07:00:00+00:00,72.04000000000002,72.19700000000002,71.89100000000002,72.14900000000003,18480
2026-06-05T07:30:00+00:00,72.14900000000003,72.18900000000002,71.89200000000002,72.07100000000003,9937
2026-06-05T08:00:00+00:00,72.07100000000003,72.31100000000002,71.87000000000002,72.20200000000003,13106
2026-06-05T08:30:00+00:00,72.20200000000003,72.37300000000002,71.98400000000002,72.02200000000002,10568
2026-06-05T09:00:00+00:00,72.02200000000002,72.40000000000002,71.94400000000002,72.13300000000002,18423
2026-06-05T09:30:00+00:00,72.13300000000002,72.41900000000003,72.04100000000003,72.22100000000002,10248
2026-06-05T10:00:00+00:00,72.22100000000002,72.28400000000002,72.12900000000002,72.24500000000002,5744
2026-06-05T10:30:00+00:00,72.24500000000002,72.48100000000002,72.11800000000002,72.31300000000002,7290
2026-06-05T11:00:00+00:00,72.31300000000002,72.46500000000002,71.90300000000002,72.22600000000003,11727
2026-06-05T11:30:00+00:00,72.22600000000003,72.48100000000002,72.04600000000002,72.43300000000002,11213
2026-06-05T12:00:00+00:00,72.43300000000002,72.98400000000002,72.27100000000003,72.70300000000002,16840
2026-06-05T12:30:00+00:00,72.70300000000002,72.70300000000002,70.82300000000002,70.92900000000002,42747
2026-06-05T13:00:00+00:00,70.92900000000002,71.02500000000002,70.22400000000002,70.27900000000002,48695
2026-06-05T13:30:00+00:00,70.27900000000002,70.58500000000002,69.03300000000003,69.06400000000002,84867
2026-06-05T14:00:00+00:00,69.06400000000002,69.49300000000002,68.21900000000002,68.58900000000003,77415
2026-06-05T14:30:00+00:00,68.58900000000003,68.97500000000002,68.21000000000002,68.84500000000003,64044
2026-06-05T15:00:00+00:00,68.84500000000003,68.98100000000002,67.91000000000003,68.40100000000002,54888
2026-06-05T15:30:00+00:00,68.40100000000002,68.52500000000002,67.94900000000003,68.19200000000002,45448
2026-06-05T16:00:00+00:00,68.19200000000002,68.51100000000002,68.05300000000003,68.36400000000002,47891
2026-06-05T16:30:00+00:00,68.36400000000002,68.68900000000002,67.90400000000002,68.66000000000003,42968
2026-06-05T17:00:00+00:00,68.66000000000003,68.83600000000003,68.29700000000003,68.46900000000002,38144
2026-06-05T17:30:00+00:00,68.46900000000002,68.58000000000003,68.20400000000002,68.36500000000002,27484
2026-06-05T18:00:00+00:00,68.36500000000002,68.39700000000002,67.52600000000002,67.59300000000002,40314
2026-06-05T18:30:00+00:00,67.59300000000002,67.97000000000003,67.45300000000002,67.72000000000003,37803
2026-06-05T19:00:00+00:00,67.72000000000003,67.75300000000003,67.39200000000002,67.70900000000002,34657
2026-06-05T19:30:00+00:00,67.70900000000002,67.74400000000003,67.28000000000003,67.49500000000002,46440
2026-06-05T20:00:00+00:00,67.49500000000002,67.50800000000002,67.01300000000002,67.29600000000002,16654
2026-06-05T20:30:00+00:00,67.29600000000002,67.33700000000002,67.06400000000002,67.19900000000003,1634
2026-06-07T22:00:00+00:00,67.19900000000003,67.87100000000004,66.88000000000004,67.24700000000004,30162.884846748784
2026-06-07T22:30:00+00:00,67.24700000000004,67.73600000000005,67.24600000000004,67.25900000000004,16406
2026-06-07T23:00:00+00:00,67.25900000000004,67.78400000000005,67.25900000000004,67.69200000000004,14073
2026-06-07T23:30:00+00:00,67.69200000000004,68.16500000000003,67.68300000000004,68.12500000000004,12245
2026-06-08T00:00:00+00:00,68.12500000000004,68.42100000000003,67.93900000000004,68.38600000000004,15030
2026-06-08T00:30:00+00:00,68.38600000000004,68.41500000000003,68.10400000000004,68.28000000000004,21263
2026-06-08T01:00:00+00:00,68.28000000000004,68.38700000000004,66.93100000000004,67.23400000000004,58109
2026-06-08T01:30:00+00:00,67.23400000000004,67.79400000000004,66.86700000000005,67.76000000000005,53821
2026-06-08T02:00:00+00:00,67.76000000000005,67.97800000000004,67.42500000000004,67.54100000000004,26084
2026-06-08T02:30:00+00:00,67.54100000000004,67.81300000000005,67.33500000000004,67.47900000000004,31583
2026-06-08T03:00:00+00:00,67.47900000000004,67.60900000000004,67.20300000000005,67.31700000000004,22641
2026-06-08T03:30:00+00:00,67.31700000000004,67.80000000000004,67.23000000000005,67.80000000000004,11714
2026-06-08T04:00:00+00:00,67.80000000000004,67.96800000000005,67.69200000000004,67.82200000000005,12689
2026-06-08T04:30:00+00:00,67.82200000000005,67.83300000000004,67.57000000000004,67.71500000000005,15536
2026-06-08T05:00:00+00:00,67.71500000000005,67.81700000000004,67.45000000000005,67.50300000000004,16412
2026-06-08T05:30:00+00:00,67.50300000000004,67.50300000000004,66.10500000000005,66.54300000000003,38940
2026-06-08T06:00:00+00:00,66.54300000000003,67.28000000000004,66.54300000000003,67.15500000000004,31013
2026-06-08T06:30:00+00:00,67.15500000000004,67.17300000000004,66.80500000000004,67.01500000000004,26471
2026-06-08T07:00:00+00:00,67.01500000000004,67.46500000000005,66.76800000000004,67.27400000000004,30761
2026-06-08T07:30:00+00:00,67.27400000000004,67.47000000000004,66.83200000000004,66.84000000000005,23916
2026-06-08T08:00:00+00:00,66.84000000000005,67.03200000000004,66.67700000000004,66.91300000000004,27788
2026-06-08T08:30:00+00:00,66.91300000000004,67.01600000000005,66.69900000000004,66.94800000000004,25679
2026-06-08T09:00:00+00:00,66.94800000000004,67.07900000000004,66.71400000000004,66.72100000000005,16885
2026-06-08T09:30:00+00:00,66.72100000000005,67.35200000000005,66.50900000000004,66.95600000000005,32369
2026-06-08T10:00:00+00:00,66.95600000000005,67.09200000000004,66.68700000000004,66.93700000000004,17543
2026-06-08T10:30:00+00:00,66.93700000000004,67.36700000000005,66.91500000000003,67.06300000000005,23123
2026-06-08T11:00:00+00:00,67.06300000000005,68.18000000000004,66.97200000000004,68.00600000000004,39529
2026-06-08T11:30:00+00:00,68.00600000000004,68.48700000000004,67.99700000000004,68.38400000000004,26926
2026-06-08T12:00:00+00:00,68.38400000000004,68.57200000000005,68.02800000000005,68.51000000000005,28573
2026-06-08T12:30:00+00:00,68.51000000000005,68.86200000000004,68.46400000000004,68.81200000000004,23177
2026-06-08T13:00:00+00:00,68.81200000000004,68.87300000000005,68.19600000000004,68.47600000000004,39487
2026-06-08T13:30:00+00:00,68.47600000000004,68.80100000000004,67.86100000000005,67.88600000000004,86466
2026-06-08T14:00:00+00:00,67.88600000000004,68.08100000000005,67.64400000000005,67.95600000000005,70313
2026-06-08T14:30:00+00:00,67.95600000000005,68.52300000000004,67.80500000000004,68.37400000000004,43353
2026-06-08T15:00:00+00:00,68.37400000000004,68.67400000000004,68.17000000000004,68.47600000000004,33895
2026-06-08T15:30:00+00:00,68.47600000000004,68.94700000000005,68.39100000000005,68.61400000000005,51342
2026-06-08T16:00:00+00:00,68.61400000000005,68.85100000000004,68.52100000000004,68.56600000000005,20577
2026-06-08T16:30:00+00:00,68.56600000000005,68.79900000000004,68.49800000000005,68.55200000000004,25987
2026-06-08T17:00:00+00:00,68.55200000000004,68.70500000000004,68.32000000000004,68.43100000000004,27435
2026-06-08T17:30:00+00:00,68.43100000000004,68.54300000000003,68.14600000000004,68.36400000000005,30854
2026-06-08T18:00:00+00:00,68.36400000000005,68.58200000000004,68.35100000000004,68.49800000000005,20462
2026-06-08T18:30:00+00:00,68.49800000000005,68.54300000000003,68.18400000000004,68.22700000000005,14530
2026-06-08T19:00:00+00:00,68.22700000000005,68.35700000000004,68.00600000000004,68.16300000000004,20501
2026-06-08T19:30:00+00:00,68.16300000000004,68.30700000000004,67.97300000000004,68.02500000000005,25346
2026-06-08T20:00:00+00:00,68.02500000000005,68.26900000000005,67.91800000000003,68.00800000000004,5230
2026-06-08T20:30:00+00:00,68.00800000000004,68.17300000000004,67.99900000000004,68.12100000000004,3780
2026-06-08T22:00:00+00:00,68.12100000000004,68.14100000000003,67.89100000000003,67.90900000000003,8223.76788157731
2026-06-08T22:30:00+00:00,67.90900000000003,68.01400000000004,67.90300000000003,68.00200000000004,5366
2026-06-08T23:00:00+00:00,68.00200000000004,68.01000000000003,67.83600000000004,67.83900000000004,6275
2026-06-08T23:30:00+00:00,67.83900000000004,67.89200000000004,67.65600000000003,67.71300000000004,10462
2026-06-09T00:00:00+00:00,67.71300000000004,67.81500000000004,67.42500000000004,67.42900000000004,17753
2026-06-09T00:30:00+00:00,67.42900000000004,67.66800000000003,67.30500000000004,67.58000000000004,14382
2026-06-09T01:00:00+00:00,67.58000000000004,68.07300000000004,67.35600000000004,67.95500000000004,36740
2026-06-09T01:30:00+00:00,67.95500000000004,68.14100000000003,67.74100000000004,67.88200000000003,25203
2026-06-09T02:00:00+00:00,67.88200000000003,67.89600000000004,67.50700000000003,67.72100000000003,15974
2026-06-09T02:30:00+00:00,67.72100000000003,67.83500000000004,67.46500000000003,67.49100000000004,16899
2026-06-09T03:00:00+00:00,67.49100000000004,67.79900000000004,67.34200000000004,67.56200000000004,22231
2026-06-09T03:30:00+00:00,67.56200000000004,67.95400000000004,67.52500000000003,67.83600000000004,8760
2026-06-09T04:00:00+00:00,67.83600000000004,67.85800000000003,67.65200000000004,67.75300000000004,6927
2026-06-09T04:30:00+00:00,67.75300000000004,67.84000000000003,67.59300000000003,67.75600000000004,8386
2026-06-09T05:00:00+00:00,67.75600000000004,67.92100000000003,67.72900000000004,67.74500000000003,10364
2026-06-09T05:30:00+00:00,67.74500000000003,68.45300000000005,67.66500000000003,68.20800000000004,20724
2026-06-09T06:00:00+00:00,68.20800000000004,68.48900000000003,68.18900000000004,68.24400000000004,19735
2026-06-09T06:30:00+00:00,68.24400000000004,68.38500000000003,68.11800000000004,68.15700000000004,19014
2026-06-09T07:00:00+00:00,68.15700000000004,68.35400000000004,67.93700000000004,68.21100000000004,24372
2026-06-09T07:30:00+00:00,68.21100000000004,68.41900000000004,67.99900000000004,68.19800000000004,15594
2026-06-09T08:00:00+00:00,68.19800000000004,68.83300000000004,68.01100000000004,68.69300000000004,29550
2026-06-09T08:30:00+00:00,68.69300000000004,68.84500000000004,68.26500000000004,68.27700000000004,13591
2026-06-09T09:00:00+00:00,68.27700000000004,68.40900000000003,68.06000000000004,68.09000000000003,12117
2026-06-09T09:30:00+00:00,68.09000000000003,68.26600000000003,68.05400000000004,68.23000000000003,10746
2026-06-09T10:00:00+00:00,68.23000000000003,68.49300000000004,68.02200000000003,68.40600000000003,16758
2026-06-09T10:30:00+00:00,68.40600000000003,68.56500000000004,68.16200000000003,68.45400000000004,11996
2026-06-09T11:00:00+00:00,68.45400000000004,68.64900000000004,68.30300000000004,68.38600000000004,16364
2026-06-09T11:30:00+00:00,68.38600000000004,68.57500000000005,68.31400000000004,68.42400000000004,12509
2026-06-09T12:00:00+00:00,68.42400000000004,68.53500000000004,68.20900000000003,68.25200000000004,16016
2026-06-09T12:30:00+00:00,68.25200000000004,68.67300000000004,68.18200000000004,68.50800000000004,21997
2026-06-09T13:00:00+00:00,68.50800000000004,68.77900000000004,68.15300000000003,68.19100000000005,31757
2026-06-09T13:30:00+00:00,68.19100000000005,68.89900000000004,67.70900000000003,67.86300000000004,59857
2026-06-09T14:00:00+00:00,67.86300000000004,67.98100000000004,66.78200000000004,66.81800000000004,72131
2026-06-09T14:30:00+00:00,66.81800000000004,67.05300000000004,65.09000000000003,65.92800000000004,100639
2026-06-09T15:00:00+00:00,65.92800000000004,66.18200000000004,65.46200000000003,65.53900000000004,72139
2026-06-09T15:30:00+00:00,65.53900000000004,65.65600000000003,64.99100000000004,65.12100000000004,82644
2026-06-09T16:00:00+00:00,65.12100000000004,65.42300000000004,64.80600000000004,65.03900000000004,75419
2026-06-09T16:30:00+00:00,65.03900000000004,65.31500000000004,64.21500000000003,64.72800000000004,102965
2026-06-09T17:00:00+00:00,64.72800000000004,65.19100000000005,64.70900000000003,64.99100000000004,67257
2026-06-09T17:30:00+00:00,64.99100000000004,65.21200000000003,64.81000000000004,64.99000000000004,47173
2026-06-09T18:00:00+00:00,64.99000000000004,65.49400000000004,64.90000000000003,65.39100000000003,56381
2026-06-09T18:30:00+00:00,65.39100000000003,65.59500000000004,65.25600000000004,65.53000000000004,28342
2026-06-09T19:00:00+00:00,65.53000000000004,65.65300000000003,64.97400000000003,65.06700000000004,39716
2026-06-09T19:30:00+00:00,65.06700000000004,65.26000000000003,64.85000000000004,65.10200000000003,44472
2026-06-09T20:00:00+00:00,65.10200000000003,65.24700000000004,65.02600000000004,65.15300000000003,9016
2026-06-09T20:30:00+00:00,65.15300000000003,65.29400000000004,65.09900000000003,65.18800000000005,3480
2026-06-09T22:00:00+00:00,65.18800000000005,66.01500000000004,65.18800000000005,65.41800000000003,5299.021066329043
2026-06-09T22:30:00+00:00,65.41800000000003,65.43800000000005,64.98600000000005,65.11800000000004,10163
2026-06-09T23:00:00+00:00,65.11800000000004,65.33500000000004,64.87800000000004,64.88700000000004,9620
2026-06-09T23:30:00+00:00,64.88700000000004,65.12900000000005,64.82700000000004,65.07100000000004,13475
2026-06-10T00:00:00+00:00,65.07100000000004,65.27900000000004,64.94100000000005,64.96100000000004,29354
2026-06-10T00:30:00+00:00,64.96100000000004,65.22800000000004,64.44300000000004,64.85200000000005,34996
2026-06-10T01:00:00+00:00,64.85200000000005,65.02100000000002,63.98300000000003,64.82300000000001,45705
2026-06-10T01:30:00+00:00,64.82300000000001,65.26700000000001,64.671,64.85400000000001,44501
2026-06-10T02:00:00+00:00,64.85400000000001,64.95500000000001,64.33200000000002,64.60000000000001,28408
2026-06-10T02:30:00+00:00,64.60000000000001,64.78900000000002,63.903000000000006,63.965,34469
2026-06-10T03:00:00+00:00,63.965,64.25599999999997,63.854,64.10999999999999,25942
2026-06-10T03:30:00+00:00,64.10999999999999,64.44299999999997,64.10099999999998,64.345,16425
2026-06-10T04:00:00+00:00,64.345,64.444,63.93200000000001,63.953,14625
2026-06-10T04:30:00+00:00,63.953,63.96600000000001,63.644000000000005,63.675000000000004,14484
2026-06-10T05:00:00+00:00,63.675000000000004,64.31599999999997,63.61000000000001,64.31299999999999,23493
2026-06-10T05:30:00+00:00,64.31299999999999,64.88599999999998,63.96099999999998,64.75299999999999,34322
2026-06-10T06:00:00+00:00,64.75299999999999,65.46999999999998,64.72999999999999,65.16699999999999,32085
2026-06-10T06:30:00+00:00,65.16699999999999,65.31699999999998,64.99099999999999,65.13499999999999,26132
2026-06-10T07:00:00+00:00,65.13499999999999,65.14799999999998,64.58299999999998,64.64999999999999,24801
2026-06-10T07:30:00+00:00,64.64999999999999,64.80799999999998,64.52399999999999,64.55399999999999,21995
2026-06-10T08:00:00+00:00,64.55399999999999,64.56399999999998,63.85999999999999,64.09599999999998,37452
2026-06-10T08:30:00+00:00,64.09599999999998,64.34200000000001,63.736000000000004,64.00200000000001,28985
2026-06-10T09:00:00+00:00,64.00200000000001,64.28800000000001,63.89200000000001,64.12200000000004,21511
2026-06-10T09:30:00+00:00,64.12200000000004,64.52700000000004,64.01100000000002,64.19000000000005,24023
2026-06-10T10:00:00+00:00,64.19000000000005,64.49300000000002,64.07000000000005,64.34,22372
2026-06-10T10:30:00+00:00,64.34,64.80499999999998,64.27799999999999,64.64799999999998,21121
2026-06-10T11:00:00+00:00,64.64799999999998,64.77599999999998,63.957999999999984,64.371,55015
2026-06-10T11:30:00+00:00,64.371,64.585,63.932,63.96,35705
2026-06-10T12:00:00+00:00,63.96,64.126,63.551,63.903999999999996,43647
2026-06-10T12:30:00+00:00,63.903999999999996,65.247,63.738,64.443,74156
2026-06-10T13:00:00+00:00,64.443,64.967,64.24600000000001,64.55799999999999,54732
2026-06-10T13:30:00+00:00,64.55799999999999,66.013,64.499,65.789,95389
2026-06-10T14:00:00+00:00,65.789,65.892,65.278,65.317,75163
2026-06-10T14:30:00+00:00,65.317,65.533,64.559,64.734,62852
2026-06-10T15:00:00+00:00,64.734,65.133,64.42999999999999,64.852,70663
2026-06-10T15:30:00+00:00,64.852,65.431,64.585,65.115,83771
2026-06-10T16:00:00+00:00,65.115,65.489,64.978,65.154,61183
2026-06-10T16:30:00+00:00,65.154,65.252,64.894,65.144,43685
2026-06-10T17:00:00+00:00,65.144,65.389,64.754,64.837,36353
2026-06-10T17:30:00+00:00,64.837,65.139,64.637,65.057,52877
2026-06-10T18:00:00+00:00,65.057,65.375,64.961,65.062,33046
2026-06-10T18:30:00+00:00,65.062,65.152,64.675,64.824,28144
2026-06-10T19:00:00+00:00,64.824,64.838,63.897999999999975,64.09999999999997,32429
2026-06-10T19:30:00+00:00,64.09999999999997,64.47699999999996,63.92099999999996,63.94399999999995,46614
2026-06-10T20:00:00+00:00,63.94399999999995,63.951999999999956,63.53299999999996,63.78299999999996,14191
2026-06-10T20:30:00+00:00,63.78299999999996,63.86299999999996,63.47599999999996,63.47599999999996,6738
2026-06-10T22:00:00+00:00,63.47599999999996,63.58199999999995,62.33999999999995,62.66599999999995,19554.91233951047
2026-06-10T22:30:00+00:00,62.66599999999995,63.31999999999994,62.54099999999995,62.577999999999946,20821
2026-06-10T23:00:00+00:00,62.577999999999946,62.763999999999946,61.42199999999995,62.705999999999946,33989
2026-06-10T23:30:00+00:00,62.705999999999946,62.75299999999994,61.91799999999995,62.117999999999945,23334
2026-06-11T00:00:00+00:00,62.117999999999945,63.15399999999995,61.950999999999944,62.965999999999944,63146
2026-06-11T00:30:00+00:00,62.965999999999944,63.65999999999995,62.86299999999995,63.50099999999995,37871
2026-06-11T01:00:00+00:00,63.50099999999995,64.41699999999994,63.193999999999946,64.28499999999994,67992
2026-06-11T01:30:00+00:00,64.28499999999994,64.45099999999995,63.78599999999993,63.98399999999993,35674
2026-06-11T02:00:00+00:00,63.98399999999993,64.03599999999993,63.56299999999993,63.59299999999993,31047
2026-06-11T02:30:00+00:00,63.59299999999993,63.689999999999934,62.84299999999993,63.21599999999993,43687
2026-06-11T03:00:00+00:00,63.21599999999993,63.45299999999993,62.88399999999993,63.07599999999993,28955
2026-06-11T03:30:00+00:00,63.07599999999993,63.58399999999993,63.05399999999993,63.48899999999993,18987
2026-06-11T04:00:00+00:00,63.48899999999993,63.74499999999993,63.36199999999993,63.58399999999993,15683
2026-06-11T04:30:00+00:00,63.58399999999993,64.08399999999993,63.56399999999993,63.91599999999993,14359
2026-06-11T05:00:00+00:00,63.91599999999993,63.939999999999934,63.53499999999993,63.56999999999993,16981
2026-06-11T05:30:00+00:00,63.56999999999993,64.27799999999995,63.51799999999993,63.84799999999994,32409
2026-06-11T06:00:00+00:00,63.84799999999994,63.92599999999994,63.46399999999994,63.68499999999994,28348
2026-06-11T06:30:00+00:00,63.68499999999994,64.08199999999995,63.64899999999994,63.99999999999995,20744
2026-06-11T07:00:00+00:00,63.99999999999995,64.57999999999994,63.84899999999994,64.37499999999994,24564
2026-06-11T07:30:00+00:00,64.37499999999994,64.55299999999994,64.23399999999995,64.35499999999995,18807
2026-06-11T08:00:00+00:00,64.35499999999995,64.75599999999994,64.20899999999995,64.40899999999995,23959
2026-06-11T08:30:00+00:00,64.40899999999995,64.60399999999994,64.11999999999995,64.19999999999995,19952
2026-06-11T09:00:00+00:00,64.19999999999995,64.24599999999995,63.93499999999996,63.96899999999996,17969
2026-06-11T09:30:00+00:00,63.96899999999996,64.23599999999996,63.88399999999996,64.00999999999996,13398
2026-06-11T10:00:00+00:00,64.00999999999996,64.12599999999996,63.78599999999996,63.832999999999956,14444
2026-06-11T10:30:00+00:00,63.832999999999956,64.04799999999994,63.79899999999995,63.86099999999995,12490
2026-06-11T11:00:00+00:00,63.86099999999995,63.97099999999995,63.536049999999946,63.750049999999945,22357.830141843973
2026-06-11T11:30:00+00:00,63.750049999999945,63.994049999999945,63.39704999999995,63.67404999999995,17862
2026-06-11T12:00:00+00:00,63.67404999999995,63.85904999999995,62.817049999999945,62.84604999999995,39532
2026-06-11T12:30:00+00:00,62.84604999999995,63.62904999999995,62.70604999999995,63.37004999999995,55982
2026-06-11T13:00:00+00:00,63.37004999999995,63.88804999999995,63.29104999999995,63.460049999999946,47294
2026-06-11T13:30:00+00:00,63.460049999999946,64.20904999999995,63.29304999999995,63.964049999999965,96717
2026-06-11T14:00:00+00:00,63.964049999999965,64.26204999999995,63.402049999999946,63.97304999999995,74275
2026-06-11T14:30:00+00:00,63.97304999999995,64.18504999999995,63.808049999999945,63.853049999999946,58600
2026-06-11T15:00:00+00:00,63.853049999999946,64.31404999999994,63.65604999999995,63.89404999999993,70494
2026-06-11T15:30:00+00:00,63.89404999999993,64.10204999999992,63.80504999999993,63.93904999999992,42162
2026-06-11T16:00:00+00:00,63.93904999999992,64.55504999999992,63.74804999999993,63.749049999999926,40145
2026-06-11T16:30:00+00:00,63.749049999999926,64.06504999999993,63.67104999999993,63.762049999999924,31276
2026-06-11T17:00:00+00:00,63.762049999999924,64.65804999999993,63.570049999999924,64.62004999999994,45315
2026-06-11T17:30:00+00:00,64.62004999999994,66.53404999999994,64.61904999999993,65.81104999999994,111964
2026-06-11T18:00:00+00:00,65.81104999999994,66.07104999999993,65.24204999999994,65.90304999999994,69196
2026-06-11T18:30:00+00:00,65.90304999999994,66.42004999999993,65.80504999999994,66.05604999999993,48008
2026-06-11T19:00:00+00:00,66.05604999999993,66.92604999999993,66.05604999999993,66.86604999999993,49483
2026-06-11T19:30:00+00:00,66.86604999999993,67.53304999999993,66.86604999999993,67.20504999999993,47084
2026-06-11T20:00:00+00:00,67.20504999999993,67.49604999999994,67.13504999999994,67.30104999999993,10628
2026-06-11T20:30:00+00:00,67.30104999999993,67.41804999999994,67.06604999999993,67.32604999999994,7148
2026-06-11T22:00:00+00:00,67.32604999999994,67.37304999999992,66.67304999999993,67.35304999999993,9459.928936302316
2026-06-11T22:30:00+00:00,67.35304999999993,67.89204999999993,67.23604999999992,67.73404999999993,12032
2026-06-11T23:00:00+00:00,67.73404999999993,67.78204999999993,67.29504999999993,67.36604999999993,13146
2026-06-11T23:30:00+00:00,67.36604999999993,67.48004999999992,67.23204999999993,67.38704999999993,14457
2026-06-12T00:00:00+00:00,67.38704999999993,67.64204999999993,67.07204999999993,67.49104999999993,32434
2026-06-12T00:30:00+00:00,67.49104999999993,67.67404999999992,67.04604999999992,67.22304999999993,20933
2026-06-12T01:00:00+00:00,67.22304999999993,67.31504999999993,66.41704999999993,66.48104999999993,38829
2026-06-12T01:30:00+00:00,66.48104999999993,66.90804999999993,66.34404999999992,66.77404999999993,31939
2026-06-12T02:00:00+00:00,66.77404999999993,67.04304999999992,66.72604999999993,66.80604999999993,20709
2026-06-12T02:30:00+00:00,66.80604999999993,67.06704999999992,66.60204999999993,66.99304999999993,19799
2026-06-12T03:00:00+00:00,66.99304999999993,67.42404999999992,66.91804999999992,67.22304999999993,18435
2026-06-12T03:30:00+00:00,67.22304999999993,67.24304999999993,67.00904999999993,67.02404999999993,11723
2026-06-12T04:00:00+00:00,67.02404999999993,67.08404999999993,66.81204999999993,66.86804999999993,7656
2026-06-12T04:30:00+00:00,66.86804999999993,66.96404999999993,66.79904999999992,66.82504999999993,6918
2026-06-12T05:00:00+00:00,66.82504999999993,66.89104999999992,66.60504999999992,66.76604999999992,12245
2026-06-12T05:30:00+00:00,66.76604999999992,66.86204999999993,66.36204999999993,66.43004999999992,29131
2026-06-12T06:00:00+00:00,66.43004999999992,66.78404999999992,66.42904999999993,66.60904999999993,19879
2026-06-12T06:30:00+00:00,66.60904999999993,66.62304999999992,66.26004999999992,66.54304999999992,19823
2026-06-12T07:00:00+00:00,66.54304999999992,66.56804999999993,65.83504999999992,65.84404999999992,21563
2026-06-12T07:30:00+00:00,65.84404999999992,66.22504999999992,65.76204999999993,66.22404999999993,26938
2026-06-12T08:00:00+00:00,66.22404999999993,67.16204999999992,66.14704999999992,67.03604999999993,48508
2026-06-12T08:30:00+00:00,67.03604999999993,67.22104999999993,66.70604999999993,66.79104999999993,33699
2026-06-12T09:00:00+00:00,66.79104999999993,67.33704999999993,66.77004999999993,67.24304999999993,29194
2026-06-12T09:30:00+00:00,67.24304999999993,67.48604999999992,67.08204999999992,67.11004999999993,22946
2026-06-12T10:00:00+00:00,67.11004999999993,67.31004999999993,66.59304999999993,66.74004999999993,26273
2026-06-12T10:30:00+00:00,66.74004999999993,67.13804999999992,66.71304999999992,66.91104999999993,21922
2026-06-12T11:00:00+00:00,66.91104999999993,67.13404999999993,66.74904999999993,66.86004999999993,22358
2026-06-12T11:30:00+00:00,66.86004999999993,67.30604999999993,66.70704999999992,67.05704999999993,20165
2026-06-12T12:00:00+00:00,67.05704999999993,67.08704999999993,66.40304999999992,66.42204999999993,26324
2026-06-12T12:30:00+00:00,66.42204999999993,66.74604999999993,66.31604999999993,66.38204999999992,27366
2026-06-12T13:00:00+00:00,66.38204999999992,66.84304999999993,66.20304999999993,66.81804999999993,29844
2026-06-12T13:30:00+00:00,66.81804999999993,66.98904999999992,66.07704999999993,66.14804999999993,104802
2026-06-12T14:00:00+00:00,66.14804999999993,66.66404999999993,66.11004999999993,66.42004999999993,68699
2026-06-12T14:30:00+00:00,66.42004999999993,67.10504999999992,66.08704999999993,66.90004999999992,77551
2026-06-12T15:00:00+00:00,66.90004999999992,67.93804999999993,66.73904999999992,67.63604999999993,49660
2026-06-12T15:30:00+00:00,67.63604999999993,67.82704999999993,67.25904999999993,67.36204999999993,59725
2026-06-12T16:00:00+00:00,67.36204999999993,67.95404999999992,67.20704999999992,67.65104999999993,52823
2026-06-12T16:30:00+00:00,67.65104999999993,67.91004999999993,67.51404999999993,67.61704999999992,50541
2026-06-12T17:00:00+00:00,67.61704999999992,67.96204999999993,67.52704999999993,67.74404999999993,31088
2026-06-12T17:30:00+00:00,67.74404999999993,68.06404999999992,67.62904999999992,67.91904999999993,24277
2026-06-12T18:00:00+00:00,67.91904999999993,68.14204999999993,67.85304999999993,68.12204999999993,22521
2026-06-12T18:30:00+00:00,68.12204999999993,68.23104999999993,67.77004999999993,67.79204999999993,14373
2026-06-12T19:00:00+00:00,67.79204999999993,68.08204999999992,67.67104999999992,67.71004999999992,15637
2026-06-12T19:30:00+00:00,67.71004999999992,67.73504999999993,67.48704999999993,67.66204999999992,21801
2026-06-12T20:00:00+00:00,67.66204999999992,67.92304999999993,67.63804999999992,67.86004999999993,4299
2026-06-12T20:30:00+00:00,67.86004999999993,67.87504999999993,67.80704999999993,67.86504999999993,1513
2026-06-14T22:00:00+00:00,67.86504999999993,70.35404999999992,67.51904999999992,69.95804999999991,17802.11326091876
2026-06-14T22:30:00+00:00,69.95804999999991,70.31304999999992,69.78704999999991,70.13904999999991,10041
2026-06-14T23:00:00+00:00,70.13904999999991,70.23504999999992,69.90204999999992,69.97604999999992,7670
2026-06-14T23:30:00+00:00,69.97604999999992,70.48804999999992,69.95704999999991,70.44704999999992,9239
2026-06-15T00:00:00+00:00,70.44704999999992,70.65804999999992,70.2420499999999,70.51904999999991,19259
2026-06-15T00:30:00+00:00,70.51904999999991,70.68104999999991,70.08004999999991,70.18504999999992,15422
2026-06-15T01:00:00+00:00,70.18504999999992,70.55204999999991,70.01004999999991,70.32404999999991,38140
2026-06-15T01:30:00+00:00,70.32404999999991,70.65004999999991,70.23104999999991,70.36204999999991,22911
2026-06-15T02:00:00+00:00,70.36204999999991,70.77704999999992,70.34104999999991,70.74404999999992,14513
2026-06-15T02:30:00+00:00,70.74404999999992,70.94004999999991,70.56804999999991,70.71504999999992,15124
2026-06-15T03:00:00+00:00,70.71504999999992,70.73104999999991,70.37404999999991,70.45704999999991,13546
2026-06-15T03:30:00+00:00,70.45704999999991,70.58404999999992,70.44104999999992,70.49304999999991,6919
2026-06-15T04:00:00+00:00,70.49304999999991,70.62104999999991,70.38604999999991,70.60404999999992,6477
2026-06-15T04:30:00+00:00,70.60404999999992,70.65404999999991,70.52104999999992,70.63004999999991,4612
2026-06-15T05:00:00+00:00,70.63004999999991,70.68704999999991,70.51804999999992,70.56704999999991,7547
2026-06-15T05:30:00+00:00,70.56704999999991,70.70204999999991,70.02804999999991,70.15304999999991,17423
2026-06-15T06:00:00+00:00,70.15304999999991,70.39204999999991,70.05804999999991,70.24304999999991,14916
2026-06-15T06:30:00+00:00,70.24304999999991,70.32704999999991,70.15804999999992,70.2480499999999,14150
2026-06-15T07:00:00+00:00,70.2480499999999,70.50704999999991,70.12204999999992,70.39404999999991,13760
2026-06-15T07:30:00+00:00,70.39404999999991,70.54004999999991,70.26104999999991,70.38704999999992,11469
2026-06-15T08:00:00+00:00,70.38704999999992,70.6110499999999,70.34204999999992,70.51604999999991,14357
2026-06-15T08:30:00+00:00,70.51604999999991,70.8580499999999,70.49104999999992,70.63504999999991,14085
2026-06-15T09:00:00+00:00,70.63504999999991,70.92604999999992,70.63504999999991,70.81504999999991,10448
2026-06-15T09:30:00+00:00,70.81504999999991,70.93804999999992,70.77404999999992,70.85404999999992,8519
2026-06-15T10:00:00+00:00,70.85404999999992,70.89204999999991,70.77404999999992,70.8790499999999,7581
2026-06-15T10:30:00+00:00,70.8790499999999,70.98804999999992,70.80904999999991,70.83904999999992,7110
2026-06-15T11:00:00+00:00,70.83904999999992,70.90104999999991,70.77204999999991,70.86804999999991,8103
2026-06-15T11:30:00+00:00,70.86804999999991,71.17004999999992,70.76904999999991,70.90904999999991,14167
2026-06-15T12:00:00+00:00,70.90904999999991,71.10704999999992,70.77404999999992,70.94504999999991,17378
2026-06-15T12:30:00+00:00,70.94504999999991,71.36504999999991,70.87504999999992,71.32004999999991,16383
2026-06-15T13:00:00+00:00,71.32004999999991,71.40604999999991,70.88804999999991,71.24604999999991,25746
2026-06-15T13:30:00+00:00,71.24604999999991,71.45004999999992,71.04104999999991,71.19504999999991,50409
2026-06-15T14:00:00+00:00,71.19504999999991,71.41704999999992,70.92304999999992,71.2420499999999,35435
2026-06-15T14:30:00+00:00,71.2420499999999,71.28304999999992,70.80204999999991,70.85004999999991,28905
2026-06-15T15:00:00+00:00,70.85004999999991,70.91804999999991,70.53204999999991,70.77404999999992,22439
2026-06-15T15:30:00+00:00,70.77404999999992,70.98404999999991,70.67804999999991,70.80304999999991,20142
2026-06-15T16:00:00+00:00,70.80304999999991,70.86204999999991,70.35204999999992,70.46204999999992,16819
2026-06-15T16:30:00+00:00,70.46204999999992,70.51504999999992,70.30104999999992,70.45704999999991,14212
2026-06-15T17:00:00+00:00,70.45704999999991,70.45704999999991,70.15704999999991,70.27504999999991,14551
2026-06-15T17:30:00+00:00,70.27504999999991,70.29904999999991,70.10004999999991,70.25904999999992,17004
2026-06-15T18:00:00+00:00,70.25904999999992,70.39804999999991,70.06504999999991,70.26204999999992,12148
2026-06-15T18:30:00+00:00,70.26204999999992,70.35704999999992,70.18204999999992,70.33404999999992,8358
2026-06-15T19:00:00+00:00,70.33404999999992,70.35404999999992,70.11204999999991,70.19604999999991,8961
2026-06-15T19:30:00+00:00,70.19604999999991,70.35604999999991,70.15904999999991,70.32604999999991,12514
2026-06-15T20:00:00+00:00,70.32604999999991,70.36804999999991,70.05804999999991,70.08904999999992,4994
2026-06-15T20:30:00+00:00,70.08904999999992,70.15504999999992,70.03904999999992,70.08304999999991,3833
2026-06-15T22:00:00+00:00,70.08304999999991,70.38804999999991,70.04804999999992,70.19204999999991,4129.733905802758
2026-06-15T22:30:00+00:00,70.19204999999991,70.33604999999991,70.1670499999999,70.2420499999999,2286
2026-06-15T23:00:00+00:00,70.2420499999999,70.30004999999991,70.14104999999991,70.27804999999991,2976
2026-06-15T23:30:00+00:00,70.27804999999991,70.33004999999991,70.1700499999999,70.23504999999992,3594
2026-06-16T00:00:00+00:00,70.23504999999992,70.28004999999992,69.98404999999991,70.0390499999999,6962
2026-06-16T00:30:00+00:00,70.0390499999999,70.27404999999992,70.03004999999992,70.16304999999991,8951
2026-06-16T01:00:00+00:00,70.16304999999991,70.2980499999999,69.74104999999992,69.88904999999991,27221
2026-06-16T01:30:00+00:00,69.88904999999991,69.91804999999991,69.58904999999992,69.65804999999992,14711
2026-06-16T02:00:00+00:00,69.65804999999992,69.70704999999991,69.38904999999991,69.61004999999992,9420
2026-06-16T02:30:00+00:00,69.61004999999992,69.9320499999999,69.57604999999991,69.83904999999992,10951
2026-06-16T03:00:00+00:00,69.83904999999992,70.01204999999992,69.77504999999991,69.9890499999999,8379
2026-06-16T03:30:00+00:00,69.9890499999999,70.21404999999992,69.98104999999991,70.15304999999991,5490
2026-06-16T04:00:00+00:00,70.15304999999991,70.19204999999991,70.01804999999992,70.03804999999991,4730
2026-06-16T04:30:00+00:00,70.03804999999991,70.1230499999999,69.9890499999999,70.03504999999991,5279
2026-06-16T05:00:00+00:00,70.03504999999991,70.2330499999999,70.02104999999992,70.11804999999991,5297
2026-06-16T05:30:00+00:00,70.11804999999991,70.26704999999991,69.57004999999991,69.63504999999991,17167
2026-06-16T06:00:00+00:00,69.63504999999991,69.89204999999991,69.58504999999991,69.8370499999999,13745
2026-06-16T06:30:00+00:00,69.8370499999999,70.06704999999991,69.68304999999991,70.04704999999991,14043
2026-06-16T07:00:00+00:00,70.04704999999991,70.26604999999991,70.01604999999991,70.14304999999992,10699
2026-06-16T07:30:00+00:00,70.14304999999992,70.45704999999991,70.06804999999991,70.44304999999991,11031
2026-06-16T08:00:00+00:00,70.44304999999991,70.70104999999991,70.30804999999991,70.6640499999999,12644
2026-06-16T08:30:00+00:00,70.6640499999999,70.90504999999992,70.5870499999999,70.88404999999992,10626
2026-06-16T09:00:00+00:00,70.88404999999992,70.98404999999991,70.77004999999991,70.79704999999991,12032
2026-06-16T09:30:00+00:00,70.79704999999991,70.92404999999991,70.7510499999999,70.75504999999991,7988
2026-06-16T10:00:00+00:00,70.75504999999991,70.92704999999991,70.7270499999999,70.7510499999999,7381
2026-06-16T10:30:00+00:00,70.7510499999999,70.8640499999999,70.70404999999991,70.8490499999999,6513
2026-06-16T11:00:00+00:00,70.8490499999999,70.87504999999992,70.61304999999992,70.66004999999991,9711
2026-06-16T11:30:00+00:00,70.66004999999991,71.00604999999992,70.56204999999991,70.86004999999992,10377
2026-06-16T12:00:00+00:00,70.86004999999992,71.14404999999991,70.6880499999999,70.88904999999991,16074
2026-06-16T12:30:00+00:00,70.88904999999991,71.58804999999991,70.86804999999991,71.4740499999999,18127
2026-06-16T13:00:00+00:00,71.4740499999999,71.65604999999991,70.66504999999991,70.74304999999991,28554
2026-06-16T13:30:00+00:00,70.74304999999991,70.9950499999999,70.46104999999991,70.50504999999991,44787
2026-06-16T14:00:00+00:00,70.50504999999991,70.72604999999992,69.83504999999991,69.91604999999991,46183
2026-06-16T14:30:00+00:00,69.91604999999991,70.31104999999991,69.72504999999991,70.10004999999991,49678
2026-06-16T15:00:00+00:00,70.10004999999991,70.3790499999999,69.96704999999992,70.1850499999999,38381
2026-06-16T15:30:00+00:00,70.1850499999999,70.62204999999992,69.93404999999991,70.38004999999991,42825
2026-06-16T16:00:00+00:00,70.38004999999991,70.69504999999991,70.36804999999991,70.64204999999991,26255
2026-06-16T16:30:00+00:00,70.64204999999991,70.65604999999991,70.40004999999991,70.42204999999991,26609
2026-06-16T17:00:00+00:00,70.42204999999991,70.47504999999991,70.0690499999999,70.32404999999991,23059
2026-06-16T17:30:00+00:00,70.32404999999991,70.56404999999991,70.30004999999991,70.55004999999991,18703
2026-06-16T18:00:00+00:00,70.55004999999991,70.76004999999991,70.51904999999991,70.6910499999999,18553
2026-06-16T18:30:00+00:00,70.6910499999999,70.74404999999992,70.51004999999991,70.62404999999991,12710
2026-06-16T19:00:00+00:00,70.62404999999991,70.72204999999991,70.48104999999991,70.61604999999992,15953
2026-06-16T19:30:00+00:00,70.61604999999992,70.64704999999991,70.3370499999999,70.43104999999991,19350
2026-06-16T20:00:00+00:00,70.43104999999991,70.43104999999991,70.30004999999991,70.36904999999992,4545
2026-06-16T20:30:00+00:00,70.36904999999992,70.47804999999991,70.29704999999991,70.3190499999999,3294
2026-06-16T22:00:00+00:00,70.3190499999999,70.46104999999991,70.22804999999991,70.28304999999992,3649.949205118263
2026-06-16T22:30:00+00:00,70.28304999999992,70.55304999999991,70.26004999999992,70.43004999999991,2718
2026-06-16T23:00:00+00:00,70.43004999999991,70.48004999999992,70.36304999999992,70.36804999999991,1941
2026-06-16T23:30:00+00:00,70.36804999999991,70.39504999999991,70.10704999999992,70.19204999999991,2964
2026-06-17T00:00:00+00:00,70.19204999999991,70.66404999999992,70.17304999999992,70.47404999999992,16077
2026-06-17T00:30:00+00:00,70.47404999999992,70.63404999999992,70.23804999999992,70.49604999999991,8852
2026-06-17T01:00:00+00:00,70.49604999999991,70.81804999999991,70.32804999999992,70.57204999999992,26224
2026-06-17T01:30:00+00:00,70.57204999999992,70.82104999999991,70.38204999999992,70.76304999999992,17721
2026-06-17T02:00:00+00:00,70.76304999999992,70.82004999999991,70.60904999999991,70.65204999999992,9947
2026-06-17T02:30:00+00:00,70.65204999999992,70.81904999999992,70.37904999999992,70.46504999999992,15387
2026-06-17T03:00:00+00:00,70.46504999999992,70.56904999999992,70.31304999999992,70.45004999999992,12431
2026-06-17T03:30:00+00:00,70.45004999999992,70.67804999999991,70.39004999999992,70.45204999999991,5844
2026-06-17T04:00:00+00:00,70.45204999999991,70.45904999999992,70.19704999999992,70.22304999999992,6779
2026-06-17T04:30:00+00:00,70.22304999999992,70.40204999999992,70.14904999999992,70.40004999999991,7616
2026-06-17T05:00:00+00:00,70.40004999999991,70.41504999999991,70.17404999999991,70.38804999999992,8029
2026-06-17T05:30:00+00:00,70.38804999999992,70.75704999999992,70.38404999999992,70.63604999999991,13698
2026-06-17T06:00:00+00:00,70.63604999999991,70.82504999999992,70.44204999999991,70.46904999999991,14437
2026-06-17T06:30:00+00:00,70.46904999999991,70.63204999999992,70.44304999999991,70.60904999999991,11203
2026-06-17T07:00:00+00:00,70.60904999999991,70.69104999999992,70.40104999999991,70.48104999999991,9027
2026-06-17T07:30:00+00:00,70.48104999999991,70.63604999999991,70.24604999999991,70.25804999999991,8765
2026-06-17T08:00:00+00:00,70.25804999999991,70.36704999999992,69.98804999999992,70.05004999999991,13096
2026-06-17T08:30:00+00:00,70.05004999999991,70.10004999999991,69.78504999999991,70.02504999999991,9460
2026-06-17T09:00:00+00:00,70.02504999999991,70.34104999999991,69.91904999999991,70.31704999999991,10848
2026-06-17T09:30:00+00:00,70.31704999999991,70.40004999999991,70.16904999999991,70.23904999999992,9063
2026-06-17T10:00:00+00:00,70.23904999999992,70.39104999999991,70.14304999999992,70.18904999999991,6710
2026-06-17T10:30:00+00:00,70.18904999999991,70.38204999999992,70.13104999999992,70.25904999999992,7664
2026-06-17T11:00:00+00:00,70.25904999999992,70.38104999999992,70.04504999999992,70.17204999999991,9160
2026-06-17T11:30:00+00:00,70.17204999999991,70.18004999999991,69.92504999999991,70.05304999999991,8916
2026-06-17T12:00:00+00:00,70.05304999999991,70.31204999999991,69.95404999999991,69.95504999999991,15136
2026-06-17T12:30:00+00:00,69.95504999999991,70.34904999999992,69.91104999999992,70.25304999999992,15865
2026-06-17T13:00:00+00:00,70.25304999999992,70.62504999999992,69.84404999999991,70.56204999999991,29676
2026-06-17T13:30:00+00:00,70.56204999999991,70.74904999999991,70.41304999999991,70.41604999999991,44096
2026-06-17T14:00:00+00:00,70.41604999999991,71.15304999999991,70.38704999999992,71.05004999999991,35533
2026-06-17T14:30:00+00:00,71.05004999999991,71.18304999999991,70.25704999999992,70.59804999999992,43902
2026-06-17T15:00:00+00:00,70.59804999999992,71.00804999999991,70.50204999999991,70.95804999999991,29280
2026-06-17T15:30:00+00:00,70.95804999999991,71.08704999999992,70.83904999999992,71.04104999999991,17593
2026-06-17T16:00:00+00:00,71.04104999999991,71.11204999999991,70.93104999999991,71.04404999999991,12628
2026-06-17T16:30:00+00:00,71.04404999999991,71.05204999999991,70.74604999999991,70.89704999999991,12570
2026-06-17T17:00:00+00:00,70.89704999999991,71.24104999999992,70.80304999999991,71.09004999999992,18824
2026-06-17T17:30:00+00:00,71.09004999999992,71.85304999999991,71.07304999999991,71.58704999999992,25901
2026-06-17T18:00:00+00:00,71.58704999999992,71.58704999999992,68.95104999999991,69.43504999999992,113816
2026-06-17T18:30:00+00:00,69.43504999999992,70.57304999999991,68.98804999999992,69.44304999999991,124435
2026-06-17T19:00:00+00:00,69.44304999999991,69.68104999999991,67.85104999999992,67.86504999999991,104791
2026-06-17T19:30:00+00:00,67.86504999999991,68.00304999999992,67.08704999999992,67.33704999999992,82534
2026-06-17T20:00:00+00:00,67.33704999999992,68.49704999999992,67.30604999999991,68.06604999999992,19256
2026-06-17T20:30:00+00:00,68.06604999999992,68.58404999999992,68.06504999999991,68.17704999999991,7002
2026-06-17T22:00:00+00:00,68.17704999999991,68.54104999999991,68.17704999999991,68.39704999999991,12221.629223395183
2026-06-17T22:30:00+00:00,68.39704999999991,68.50604999999992,68.29704999999991,68.40404999999991,4732
2026-06-17T23:00:00+00:00,68.40404999999991,68.82604999999991,68.34804999999992,68.71604999999991,6734
2026-06-17T23:30:00+00:00,68.71604999999991,68.84204999999992,68.53804999999991,68.82004999999991,7854
2026-06-18T00:00:00+00:00,68.82004999999991,69.37404999999991,68.80404999999992,69.36804999999991,19268
2026-06-18T00:30:00+00:00,69.36804999999991,69.92304999999992,69.35204999999992,69.53804999999991,15983
2026-06-18T01:00:00+00:00,69.53804999999991,70.26904999999992,69.46104999999991,69.93104999999991,28285
2026-06-18T01:30:00+00:00,69.93104999999991,69.97404999999992,69.72504999999991,69.77904999999991,20549
2026-06-18T02:00:00+00:00,69.77904999999991,70.10704999999992,69.74204999999992,70.09304999999992,15271
2026-06-18T02:30:00+00:00,70.09304999999992,70.15104999999991,69.27704999999992,69.28704999999991,19065
2026-06-18T03:00:00+00:00,69.28704999999991,69.51404999999991,69.16804999999991,69.36404999999992,15757
2026-06-18T03:30:00+00:00,69.36404999999992,69.71404999999992,69.35904999999991,69.67504999999991,7378
2026-06-18T04:00:00+00:00,69.67504999999991,69.75504999999991,69.45204999999991,69.55904999999991,6749
2026-06-18T04:30:00+00:00,69.55904999999991,69.66104999999992,69.22504999999991,69.43404999999991,8203
2026-06-18T05:00:00+00:00,69.43404999999991,69.66204999999991,69.33104999999992,69.65804999999992,8712
2026-06-18T05:30:00+00:00,69.65804999999992,69.71704999999992,68.90804999999992,69.25604999999992,22022
2026-06-18T06:00:00+00:00,69.25604999999992,69.41904999999991,68.98604999999992,69.23104999999991,25670
2026-06-18T06:30:00+00:00,69.23104999999991,69.32504999999992,69.05304999999991,69.31104999999991,18173
2026-06-18T07:00:00+00:00,69.31104999999991,69.45404999999991,69.15504999999992,69.35504999999992,12646
2026-06-18T07:30:00+00:00,69.35504999999992,69.40104999999991,68.90004999999991,68.92504999999991,13125
2026-06-18T08:00:00+00:00,68.92504999999991,69.14204999999991,68.65604999999991,68.68204999999992,14202
2026-06-18T08:30:00+00:00,68.68204999999992,68.95004999999992,68.49204999999992,68.50804999999991,16926
2026-06-18T09:00:00+00:00,68.50804999999991,68.88704999999992,68.40204999999992,68.64804999999991,14435
2026-06-18T09:30:00+00:00,68.64804999999991,68.93704999999991,68.61404999999992,68.87404999999991,10858
2026-06-18T10:00:00+00:00,68.87404999999991,68.97504999999991,68.54204999999992,68.67604999999992,13355
2026-06-18T10:30:00+00:00,68.67604999999992,68.76304999999992,68.16304999999991,68.21704999999992,11684
2026-06-18T11:00:00+00:00,68.21704999999992,68.33904999999992,67.54304999999991,67.76004999999992,27028
2026-06-18T11:30:00+00:00,67.76004999999992,67.77904999999991,66.99804999999992,67.23904999999992,24628
2026-06-18T12:00:00+00:00,67.23904999999992,67.77904999999991,67.03904999999992,67.35504999999992,25016
2026-06-18T12:30:00+00:00,67.35504999999992,67.47404999999992,66.76004999999992,66.87504999999992,30139
2026-06-18T13:00:00+00:00,66.87504999999992,67.72404999999992,66.85004999999991,67.58104999999992,24458
2026-06-18T13:30:00+00:00,67.58104999999992,68.01804999999992,67.16204999999991,67.36204999999991,55834
2026-06-18T14:00:00+00:00,67.36204999999991,67.42204999999991,66.87904999999992,66.92804999999991,53518
2026-06-18T14:30:00+00:00,66.92804999999991,67.21904999999991,66.46704999999992,66.88304999999991,51667
2026-06-18T15:00:00+00:00,66.88304999999991,66.96204999999992,66.37404999999991,66.39204999999991,42808
2026-06-18T15:30:00+00:00,66.39204999999991,66.69504999999991,66.33404999999992,66.49604999999991,39799
2026-06-18T16:00:00+00:00,66.49604999999991,66.70204999999991,66.35504999999992,66.52404999999992,29404
2026-06-18T16:30:00+00:00,66.52404999999992,66.67704999999991,66.28704999999991,66.54504999999992,23958
2026-06-18T17:00:00+00:00,66.54504999999992,66.79804999999992,66.42704999999991,66.43504999999992,23643
2026-06-18T17:30:00+00:00,66.43504999999992,66.69604999999991,66.18604999999991,66.55104999999992,13119
2026-06-18T18:00:00+00:00,66.55104999999992,66.62304999999992,66.40004999999991,66.48304999999992,17295
2026-06-18T18:30:00+00:00,66.48304999999992,66.51704999999991,66.23704999999991,66.26604999999992,14909
2026-06-18T19:00:00+00:00,66.26604999999992,66.29004999999991,65.60304999999991,65.61504999999991,29922
2026-06-18T19:30:00+00:00,65.61504999999991,66.34604999999992,65.49604999999991,66.21604999999991,26244
2026-06-18T20:00:00+00:00,66.21604999999991,66.39104999999992,66.16904999999991,66.35604999999991,5333
2026-06-18T20:30:00+00:00,66.35604999999991,66.36004999999992,66.07204999999992,66.07204999999992,4110
2026-06-18T22:00:00+00:00,66.07204999999992,66.50304999999992,65.99304999999993,66.15004999999992,2900.415775926007
2026-06-18T22:30:00+00:00,66.15004999999992,66.31604999999992,66.08004999999991,66.23504999999992,2186
2026-06-18T23:00:00+00:00,66.23504999999992,66.25304999999992,65.85004999999992,66.07004999999992,4631
2026-06-18T23:30:00+00:00,66.07004999999992,66.16404999999992,65.80504999999992,65.84104999999992,5081
2026-06-19T00:00:00+00:00,65.84104999999992,66.07504999999992,65.60504999999992,65.73404999999993,15966
2026-06-19T00:30:00+00:00,65.73404999999993,65.96504999999992,65.71304999999992,65.89104999999992,7448
2026-06-19T01:00:00+00:00,65.89104999999992,65.97304999999992,65.59104999999992,65.86104999999992,9841
2026-06-19T01:30:00+00:00,65.86104999999992,65.86704999999992,65.51004999999992,65.57904999999992,7899
2026-06-19T02:00:00+00:00,65.57904999999992,65.62304999999992,65.03504999999993,65.24904999999993,11810
2026-06-19T02:30:00+00:00,65.24904999999993,65.37604999999992,65.00704999999992,65.11504999999993,6589
2026-06-19T03:00:00+00:00,65.11504999999993,65.15504999999992,64.83504999999992,64.98204999999992,9727
2026-06-19T03:30:00+00:00,64.98204999999992,65.00404999999992,64.57004999999992,64.66904999999993,12077
2026-06-19T04:00:00+00:00,64.66904999999993,64.78204999999997,64.37704999999991,64.63604999999998,13595
2026-06-19T04:30:00+00:00,64.63604999999998,64.65605,64.03004999999999,64.05204999999998,14137
2026-06-19T05:00:00+00:00,64.05204999999998,64.15304999999998,63.841049999999996,64.00904999999999,16097
2026-06-19T05:30:00+00:00,64.00904999999999,64.50005,63.999049999999976,64.47905,12398
2026-06-19T06:00:00+00:00,64.47905,64.79504999999997,64.32105,64.64004999999999,11833
2026-06-19T06:30:00+00:00,64.64004999999999,65.02505000000001,64.51704999999998,64.96005000000001,9319
2026-06-19T07:00:00+00:00,64.96005000000001,65.54205,64.95405000000001,65.30605,12885
2026-06-19T07:30:00+00:00,65.30605,65.66305000000001,65.17205,65.52805000000001,9518
2026-06-19T08:00:00+00:00,65.52805000000001,66.01705000000001,65.28505000000001,65.88805,14396
2026-06-19T08:30:00+00:00,65.88805,66.05005,65.66905,65.78805000000001,9645
2026-06-19T09:00:00+00:00,65.78805000000001,65.85105,65.51305,65.59405000000001,8547
2026-06-19T09:30:00+00:00,65.59405000000001,65.80205000000001,65.59405000000001,65.66505000000001,8597
2026-06-19T10:00:00+00:00,65.66505000000001,65.70405000000001,65.46205,65.53405000000001,11496
2026-06-19T10:30:00+00:00,65.53405000000001,65.61305,65.35405,65.41905,9994
2026-06-19T11:00:00+00:00,65.41905,65.56205,64.95605000000002,64.97505000000001,12546.179591664379
2026-06-19T11:30:00+00:00,64.97505000000001,65.47105000000002,64.92205000000001,65.33605000000001,14751
2026-06-19T12:00:00+00:00,65.33605000000001,65.55205000000001,65.23405000000001,65.24205000000002,9913
2026-06-19T12:30:00+00:00,65.24205000000002,65.99605000000001,65.11105000000002,65.91705000000002,24539
2026-06-19T13:00:00+00:00,65.91705000000002,66.07205000000002,65.50405000000002,65.54305000000001,25171
2026-06-19T13:30:00+00:00,65.54305000000001,65.65305000000002,65.25605000000002,65.27905000000001,15449
2026-06-19T14:00:00+00:00,65.27905000000001,65.30605000000001,64.97705000000002,65.05705000000002,11372
2026-06-19T14:30:00+00:00,65.05705000000002,65.16305000000001,64.76005000000002,65.12205000000002,14409
2026-06-19T15:00:00+00:00,65.12205000000002,65.33805000000001,65.05805000000001,65.19405000000002,15811
2026-06-19T15:30:00+00:00,65.19405000000002,65.40905000000002,65.03405000000002,65.10105000000001,8258
2026-06-19T16:00:00+00:00,65.10105000000001,65.11305000000002,64.90705000000001,65.00505000000001,4558
2026-06-19T16:30:00+00:00,65.00505000000001,65.64005000000002,64.99905000000001,65.38005000000001,7266
2026-06-19T17:00:00+00:00,65.38005000000001,65.41605000000001,64.682,64.682,50
2026-06-19T17:30:00+00:00,64.682,64.837,64.682,64.706,10
2026-06-19T18:00:00+00:00,64.706,64.845,64.687,64.687,12
2026-06-19T18:30:00+00:00,64.687,64.846,64.668,64.699,38
2026-06-19T19:00:00+00:00,64.699,64.839,64.662,64.688,28
2026-06-19T19:30:00+00:00,64.688,64.839,64.675,64.68,71
2026-06-19T20:00:00+00:00,64.68,64.827,64.671,64.685,31
2026-06-19T20:30:00+00:00,64.685,64.825,64.662,64.664,15
2026-06-21T22:00:00+00:00,64.664,65.369,64.51400000000001,64.953,10005.659507412163
2026-06-21T22:30:00+00:00,64.953,65.25699999999999,64.887,65.193,6490
2026-06-21T23:00:00+00:00,65.193,65.449,65.136,65.216,9345
2026-06-21T23:30:00+00:00,65.216,65.224,64.636,64.797,8334
2026-06-22T00:00:00+00:00,64.797,65.603,64.795,65.56,18441
2026-06-22T00:30:00+00:00,65.56,66.724,65.529,66.719,12534
2026-06-22T01:00:00+00:00,66.719,67.578,66.695,66.914,49648
2026-06-22T01:30:00+00:00,66.914,66.923,66.209,66.286,33089
2026-06-22T02:00:00+00:00,66.286,66.563,66.193,66.27,20596
2026-06-22T02:30:00+00:00,66.27,66.604,65.945,66.102,22576
2026-06-22T03:00:00+00:00,66.102,66.181,65.88199999999999,66.125,16551
2026-06-22T03:30:00+00:00,66.125,66.133,65.835,65.913,6817
2026-06-22T04:00:00+00:00,65.913,66.119,65.853,65.89099999999999,7558
2026-06-22T04:30:00+00:00,65.89099999999999,66.134,65.871,65.934,5541
2026-06-22T05:00:00+00:00,65.934,66.313,65.877,66.265,7448
2026-06-22T05:30:00+00:00,66.265,66.972,66.25699999999999,66.804,21651
2026-06-22T06:00:00+00:00,66.804,67.129,66.752,66.93299999999999,20006
2026-06-22T06:30:00+00:00,66.93299999999999,67.235,66.845,67.021,16275
2026-06-22T07:00:00+00:00,67.021,67.146,66.88799999999999,66.979,9641
2026-06-22T07:30:00+00:00,66.979,66.996,66.581,66.613,7575
2026-06-22T08:00:00+00:00,66.613,66.669,66.151,66.283,13161
2026-06-22T08:30:00+00:00,66.283,66.611,66.192,66.593,9405
2026-06-22T09:00:00+00:00,66.593,66.826,66.517,66.785,11691
2026-06-22T09:30:00+00:00,66.785,66.963,66.718,66.78399999999999,10517
2026-06-22T10:00:00+00:00,66.78399999999999,67.011,66.77199999999999,66.866,9077
2026-06-22T10:30:00+00:00,66.866,66.907,66.739,66.78099999999999,5612
2026-06-22T11:00:00+00:00,66.78099999999999,67.195,66.727,66.786,15464
2026-06-22T11:30:00+00:00,66.786,66.90599999999999,66.616,66.876,9065
2026-06-22T12:00:00+00:00,66.876,67.059,66.681,66.84,13157
2026-06-22T12:30:00+00:00,66.84,66.858,66.572,66.629,12292
2026-06-22T13:00:00+00:00,66.629,67.392,66.59,66.861,27205
2026-06-22T13:30:00+00:00,66.861,67.129,66.734,66.92999999999999,45334
2026-06-22T14:00:00+00:00,66.92999999999999,67.13499999999999,66.375,66.39,56965
2026-06-22T14:30:00+00:00,66.39,66.611,66.246,66.464,55324
2026-06-22T15:00:00+00:00,66.464,66.6075,66.14949999999999,66.18549999999999,38065.094946022626
2026-06-22T15:30:00+00:00,66.18549999999999,66.3915,65.5295,65.86449999999999,33955
2026-06-22T16:00:00+00:00,65.86449999999999,65.92349999999999,65.6415,65.8685,31658
2026-06-22T16:30:00+00:00,65.8685,66.1745,65.7555,66.0255,15148
2026-06-22T17:00:00+00:00,66.0255,66.03949999999999,65.7235,65.7475,20295
2026-06-22T17:30:00+00:00,65.7475,65.7825,65.3865,65.6815,17438
2026-06-22T18:00:00+00:00,65.6815,65.8625,65.6665,65.7965,18039
2026-06-22T18:30:00+00:00,65.7965,65.92049999999999,65.6985,65.8445,15395
2026-06-22T19:00:00+00:00,65.8445,65.8945,65.60849999999999,65.61449999999999,14730
2026-06-22T19:30:00+00:00,65.61449999999999,65.61749999999999,65.39649999999999,65.5625,14366
2026-06-22T20:00:00+00:00,65.5625,65.70349999999999,65.5285,65.5765,2390
2026-06-22T20:30:00+00:00,65.5765,65.67349999999999,65.4575,65.4575,1362
2026-06-22T22:00:00+00:00,65.4575,65.5675,65.2165,65.4445,1912.2826518937798
2026-06-22T22:30:00+00:00,65.4445,65.48649999999999,65.24249999999999,65.3805,1896
2026-06-22T23:00:00+00:00,65.3805,65.49549999999999,65.35849999999999,65.3845,1011
2026-06-22T23:30:00+00:00,65.3845,65.4935,65.2325,65.2755,1729
2026-06-23T00:00:00+00:00,65.2755,65.3745,64.71849999999999,64.9795,9654
2026-06-23T00:30:00+00:00,64.9795,65.4135,64.9265,65.2905,19575
2026-06-23T01:00:00+00:00,65.2905,65.6865,64.6915,65.0075,39581
2026-06-23T01:30:00+00:00,65.0075,65.0245,64.16749999999998,64.42049999999996,36878
2026-06-23T02:00:00+00:00,64.42049999999996,64.58649999999997,63.997499999999945,64.35749999999992,22416
2026-06-23T02:30:00+00:00,64.35749999999992,64.51749999999991,63.60249999999992,63.67049999999992,26850
2026-06-23T03:00:00+00:00,63.67049999999992,63.81849999999992,63.09749999999992,63.37949999999992,29128
2026-06-23T03:30:00+00:00,63.37949999999992,63.610499999999924,63.27349999999992,63.55049999999992,12343
2026-06-23T04:00:00+00:00,63.55049999999992,63.60649999999992,63.33649999999992,63.421499999999924,10084
2026-06-23T04:30:00+00:00,63.421499999999924,63.421499999999924,62.87749999999992,62.95349999999992,10914
2026-06-23T05:00:00+00:00,62.95349999999992,63.31549999999992,62.88249999999992,63.08949999999992,16324
2026-06-23T05:30:00+00:00,63.08949999999992,63.41149999999992,62.73749999999992,62.924499999999924,40551
2026-06-23T06:00:00+00:00,62.924499999999924,63.15249999999992,62.57749999999992,62.610499999999924,32537
2026-06-23T06:30:00+00:00,62.610499999999924,62.94649999999992,62.55649999999992,62.60849999999992,26617
2026-06-23T07:00:00+00:00,62.60849999999992,63.04749999999992,62.50149999999992,62.89949999999992,25038
2026-06-23T07:30:00+00:00,62.89949999999992,62.91649999999992,62.174499999999924,62.25649999999992,19857
2026-06-23T08:00:00+00:00,62.25649999999992,62.46849999999992,62.16749999999992,62.36949999999992,21073
2026-06-23T08:30:00+00:00,62.36949999999992,62.53849999999992,62.27249999999992,62.45649999999992,16115
2026-06-23T09:00:00+00:00,62.45649999999992,62.77749999999992,62.424499999999924,62.74749999999992,10675
2026-06-23T09:30:00+00:00,62.74749999999992,62.90949999999992,62.68649999999992,62.90149999999992,8861
2026-06-23T10:00:00+00:00,62.90149999999992,63.07049999999992,62.90049999999992,62.95449999999992,9634
2026-06-23T10:30:00+00:00,62.95449999999992,62.97149999999992,62.59249999999992,62.61549999999992,10275
2026-06-23T11:00:00+00:00,62.61549999999992,62.70849999999992,62.39749999999992,62.51649999999992,15357
2026-06-23T11:30:00+00:00,62.51649999999992,62.63349999999992,62.26449999999992,62.43149999999992,13204
2026-06-23T12:00:00+00:00,62.43149999999992,62.62349999999992,62.06349999999992,62.22249999999992,15705
2026-06-23T12:30:00+00:00,62.22249999999992,62.46549999999992,62.17249999999992,62.26649999999992,15801
2026-06-23T13:00:00+00:00,62.26649999999992,62.59349999999992,62.01649999999992,62.46649999999992,28208
2026-06-23T13:30:00+00:00,62.46649999999992,62.89149999999992,62.23649999999992,62.74949999999992,55884
2026-06-23T14:00:00+00:00,62.74949999999992,62.85549999999992,62.31349999999992,62.43049999999992,39888
2026-06-23T14:30:00+00:00,62.43049999999992,62.48949999999992,61.87349999999992,62.41949999999992,40133
2026-06-23T15:00:00+00:00,62.41949999999992,62.66249999999992,62.18549999999992,62.28049999999992,23476
2026-06-23T15:30:00+00:00,62.28049999999992,62.68949999999992,62.24649999999992,62.63549999999992,27583
2026-06-23T16:00:00+00:00,62.63549999999992,62.81749999999992,62.43949999999992,62.47049999999992,14579
2026-06-23T16:30:00+00:00,62.47049999999992,62.58449999999992,62.35549999999992,62.41249999999992,12196
2026-06-23T17:00:00+00:00,62.41249999999992,62.62349999999992,62.30149999999992,62.33849999999992,15342
2026-06-23T17:30:00+00:00,62.33849999999992,62.50149999999992,62.16449999999992,62.17549999999992,10819
2026-06-23T18:00:00+00:00,62.17549999999992,62.26049999999992,62.01549999999992,62.06249999999992,11045
2026-06-23T18:30:00+00:00,62.06249999999992,62.09549999999992,61.70249999999992,61.84249999999992,12031
2026-06-23T19:00:00+00:00,61.84249999999992,62.09149999999992,61.81549999999992,62.05449999999992,17604
2026-06-23T19:30:00+00:00,62.05449999999992,62.171499999999924,61.92949999999992,61.98249999999992,16836
2026-06-23T20:00:00+00:00,61.98249999999992,62.18649999999992,61.87549999999992,61.97449999999992,4302
2026-06-23T20:30:00+00:00,61.97449999999992,61.98749999999992,61.81049999999992,61.92649999999992,2372
2026-06-23T22:00:00+00:00,61.92649999999992,62.114499999999914,61.800499999999914,61.87249999999992,4259.643364983258
2026-06-23T22:30:00+00:00,61.87249999999992,62.04649999999992,61.730499999999914,61.83149999999991,4997
2026-06-23T23:00:00+00:00,61.83149999999991,61.833499999999916,61.458499999999916,61.586499999999916,5079
2026-06-23T23:30:00+00:00,61.586499999999916,62.114499999999914,61.157499999999914,61.99449999999992,14057
2026-06-24T00:00:00+00:00,61.99449999999992,62.25249999999991,61.632499999999915,61.885499999999915,27598
2026-06-24T00:30:00+00:00,61.885499999999915,62.07049999999992,61.79549999999991,61.870499999999915,19038
2026-06-24T01:00:00+00:00,61.870499999999915,62.36249999999991,61.077499999999915,62.129499999999915,51458
2026-06-24T01:30:00+00:00,62.129499999999915,62.46249999999991,61.85649999999991,62.02049999999991,34600
2026-06-24T02:00:00+00:00,62.02049999999991,62.17349999999991,61.70049999999991,61.784499999999916,20146
2026-06-24T02:30:00+00:00,61.784499999999916,61.95449999999992,61.36349999999992,61.49149999999992,25835
2026-06-24T03:00:00+00:00,61.49149999999992,61.69849999999992,61.342499999999916,61.589499999999916,22958
2026-06-24T03:30:00+00:00,61.589499999999916,61.940499999999915,61.589499999999916,61.69149999999991,13385
2026-06-24T04:00:00+00:00,61.69149999999991,61.71349999999992,61.21249999999991,61.34149999999992,11970
2026-06-24T04:30:00+00:00,61.34149999999992,61.504499999999915,61.32349999999992,61.47249999999991,8899
2026-06-24T05:00:00+00:00,61.47249999999991,61.81349999999991,61.33749999999991,61.75949999999992,12010
2026-06-24T05:30:00+00:00,61.75949999999992,62.230499999999914,61.745499999999915,61.97849999999991,18235
2026-06-24T06:00:00+00:00,61.97849999999991,62.845499999999916,61.96649999999992,62.379499999999915,23644
2026-06-24T06:30:00+00:00,62.379499999999915,62.516499999999915,62.12849999999992,62.193499999999915,15652
2026-06-24T07:00:00+00:00,62.193499999999915,62.26549999999992,62.07249999999991,62.14949999999992,14493
2026-06-24T07:30:00+00:00,62.14949999999992,62.27049999999991,61.848499999999916,61.87849999999992,8907
2026-06-24T08:00:00+00:00,61.87849999999992,62.06949999999991,61.724499999999914,61.80149999999991,13004
2026-06-24T08:30:00+00:00,61.80149999999991,61.97549999999991,61.580499999999915,61.614499999999914,11014
2026-06-24T09:00:00+00:00,61.614499999999914,61.70349999999991,61.412499999999916,61.483499999999914,10196
2026-06-24T09:30:00+00:00,61.483499999999914,61.67149999999992,61.370499999999915,61.409499999999916,11673
2026-06-24T10:00:00+00:00,61.409499999999916,61.45049999999991,61.01549999999992,61.23749999999991,12733
2026-06-24T10:30:00+00:00,61.23749999999991,61.43949999999992,60.89949999999992,60.95349999999991,10347
2026-06-24T11:00:00+00:00,60.95349999999991,61.04649999999992,60.040499999999916,60.17349999999991,20381
2026-06-24T11:30:00+00:00,60.17349999999991,60.51449999999991,59.72849999999991,59.763499999999915,27263
2026-06-24T12:00:00+00:00,59.763499999999915,59.99649999999991,59.107499999999916,59.239499999999914,35065
2026-06-24T12:30:00+00:00,59.239499999999914,59.489499999999914,58.46349999999992,58.510499999999915,29187
2026-06-24T13:00:00+00:00,58.510499999999915,59.18949999999992,58.345499999999916,58.88449999999992,47535
2026-06-24T13:30:00+00:00,58.88449999999992,59.943499999999915,58.849499999999914,59.84049999999991,63245
2026-06-24T14:00:00+00:00,59.84049999999991,59.95949999999991,59.21349999999992,59.54849999999991,55271
2026-06-24T14:30:00+00:00,59.54849999999991,59.71349999999992,59.099499999999914,59.242499999999914,33659
2026-06-24T15:00:00+00:00,59.242499999999914,59.528499999999916,58.99149999999992,59.42749999999992,33866
2026-06-24T15:30:00+00:00,59.42749999999992,59.477499999999914,59.00649999999992,59.050499999999914,24422
2026-06-24T16:00:00+00:00,59.050499999999914,59.12549999999992,58.83749999999991,59.11349999999992,25654
2026-06-24T16:30:00+00:00,59.11349999999992,59.38749999999992,58.885499999999915,58.92749999999992,25954
2026-06-24T17:00:00+00:00,58.92749999999992,59.07049999999992,58.035499999999914,58.06149999999992,32716
2026-06-24T17:30:00+00:00,58.06149999999992,58.19149999999991,56.88049999999991,56.89349999999992,45055
2026-06-24T18:00:00+00:00,56.89349999999992,57.49949999999991,55.92149999999992,57.406499999999916,56139
2026-06-24T18:30:00+00:00,57.406499999999916,57.614499999999914,56.876499999999915,57.041499999999914,24358
2026-06-24T19:00:00+00:00,57.041499999999914,57.20949999999991,56.83249999999992,57.160499999999914,23452
2026-06-24T19:30:00+00:00,57.160499999999914,57.74149999999992,56.94149999999991,57.550499999999914,29083
2026-06-24T20:00:00+00:00,57.550499999999914,58.12749999999991,57.43649999999992,57.922499999999914,17977
2026-06-24T20:30:00+00:00,57.922499999999914,58.04649999999992,57.657499999999914,57.714499999999916,6089
2026-06-24T22:00:00+00:00,57.714499999999916,58.304499999999926,57.479499999999916,58.057499999999926,6159.0419325432995
2026-06-24T22:30:00+00:00,58.057499999999926,58.26049999999992,57.932499999999926,57.96249999999993,4972
2026-06-24T23:00:00+00:00,57.96249999999993,58.061499999999924,57.777499999999925,57.95649999999993,5379
2026-06-24T23:30:00+00:00,57.95649999999993,58.34849999999992,57.954499999999925,58.16349999999992,6268
2026-06-25T00:00:00+00:00,58.16349999999992,58.311499999999924,57.86749999999992,57.91949999999992,18778
2026-06-25T00:30:00+00:00,57.91949999999992,58.070499999999925,57.527499999999925,57.71249999999993,20281
2026-06-25T01:00:00+00:00,57.71249999999993,58.277499999999925,57.53849999999992,57.676499999999926,41547
2026-06-25T01:30:00+00:00,57.676499999999926,57.795499999999926,57.16549999999992,57.31549999999992,36652
2026-06-25T02:00:00+00:00,57.31549999999992,57.54449999999992,56.805499999999924,57.45649999999993,24546
2026-06-25T02:30:00+00:00,57.45649999999993,57.484499999999926,57.04049999999992,57.34849999999992,26127
2026-06-25T03:00:00+00:00,57.34849999999992,57.52849999999992,56.97149999999992,57.378499999999924,21075
2026-06-25T03:30:00+00:00,57.378499999999924,58.03449999999992,57.128499999999924,57.91849999999992,16593
2026-06-25T04:00:00+00:00,57.91849999999992,58.109499999999926,57.65649999999992,57.826499999999925,16287
2026-06-25T04:30:00+00:00,57.826499999999925,58.054499999999926,57.740499999999926,58.01349999999992,10745
2026-06-25T05:00:00+00:00,58.01349999999992,58.115499999999926,57.71549999999992,57.939499999999924,17239
2026-06-25T05:30:00+00:00,57.939499999999924,57.97149999999992,57.436499999999924,57.58149999999993,30738
2026-06-25T06:00:00+00:00,57.58149999999993,57.84849999999992,57.491499999999924,57.58049999999992,20331
2026-06-25T06:30:00+00:00,57.58049999999992,57.62049999999992,57.158499999999925,57.26049999999992,21199
2026-06-25T07:00:00+00:00,57.26049999999992,57.710499999999925,57.08349999999992,57.46149999999992,22580
2026-06-25T07:30:00+00:00,57.46149999999992,57.88349999999993,57.00449999999992,57.740499999999926,19756
2026-06-25T08:00:00+00:00,57.740499999999926,58.18749999999992,57.737499999999926,57.94349999999992,26423
2026-06-25T08:30:00+00:00,57.94349999999992,58.271499999999925,57.84649999999992,57.89149999999992,15888
2026-06-25T09:00:00+00:00,57.89149999999992,58.110499999999924,57.87049999999992,58.067499999999924,16119
2026-06-25T09:30:00+00:00,58.067499999999924,58.250499999999924,57.81049999999993,57.921499999999924,16834
2026-06-25T10:00:00+00:00,57.921499999999924,58.049499999999924,57.756499999999924,57.930499999999924,11580
2026-06-25T10:30:00+00:00,57.930499999999924,57.98349999999992,57.686499999999924,57.774499999999925,11104
2026-06-25T11:00:00+00:00,57.774499999999925,57.94649999999992,57.420499999999926,57.53449999999992,16460
2026-06-25T11:30:00+00:00,57.53449999999992,57.920499999999926,57.41849999999992,57.60549999999992,14912
2026-06-25T12:00:00+00:00,57.60549999999992,57.91249999999992,57.43749999999992,57.671499999999924,22515
2026-06-25T12:30:00+00:00,57.671499999999924,58.923499999999926,57.362499999999926,58.64449999999992,67402
2026-06-25T13:00:00+00:00,58.64449999999992,59.48949999999992,58.56949999999993,58.738499999999924,54781
2026-06-25T13:30:00+00:00,58.738499999999924,58.87949999999992,57.43749999999992,57.46749999999992,74555
2026-06-25T14:00:00+00:00,57.46749999999992,58.58449999999993,57.46549999999992,58.52349999999993,70488
2026-06-25T14:30:00+00:00,58.52349999999993,58.65649999999992,58.180499999999924,58.37749999999993,44269
2026-06-25T15:00:00+00:00,58.37749999999993,59.05599999999993,58.030999999999935,58.750999999999934,48305.83139793988
2026-06-25T15:30:00+00:00,58.750999999999934,59.274999999999935,58.655999999999935,59.22099999999993,35332
2026-06-25T16:00:00+00:00,59.22099999999993,59.271999999999935,59.01099999999993,59.079999999999934,34100
2026-06-25T16:30:00+00:00,59.079999999999934,59.08199999999993,58.612999999999936,58.737999999999936,37187
2026-06-25T17:00:00+00:00,58.737999999999936,58.960999999999935,58.69699999999993,58.84299999999993,28094
2026-06-25T17:30:00+00:00,58.84299999999993,58.94099999999993,58.515999999999934,58.758999999999936,21044
2026-06-25T18:00:00+00:00,58.758999999999936,58.93399999999993,58.42499999999993,58.92299999999993,30523
2026-06-25T18:30:00+00:00,58.92299999999993,58.923999999999936,58.439999999999934,58.64299999999993,22333
2026-06-25T19:00:00+00:00,58.64299999999993,58.69999999999993,58.51099999999993,58.53299999999993,15967
2026-06-25T19:30:00+00:00,58.53299999999993,58.664999999999935,58.13299999999993,58.335999999999935,20264
2026-06-25T20:00:00+00:00,58.335999999999935,58.52099999999993,58.31299999999993,58.40199999999993,6691
2026-06-25T20:30:00+00:00,58.40199999999993,58.417999999999935,58.22499999999993,58.27599999999993,3745
2026-06-25T22:00:00+00:00,58.27599999999993,58.37299999999993,57.92399999999993,58.094999999999935,4963.370174859782
2026-06-25T22:30:00+00:00,58.094999999999935,58.372999999999934,58.07199999999993,58.23999999999993,4334
2026-06-25T23:00:00+00:00,58.23999999999993,58.47999999999993,58.14899999999993,58.45299999999993,3592
2026-06-25T23:30:00+00:00,58.45299999999993,58.47999999999993,58.00199999999993,58.05299999999993,11496
2026-06-26T00:00:00+00:00,58.05299999999993,58.19999999999993,57.789999999999935,57.932999999999936,18634
2026-06-26T00:30:00+00:00,57.932999999999936,58.31699999999993,57.85799999999993,58.08499999999993,11860
2026-06-26T01:00:00+00:00,58.08499999999993,58.46499999999993,57.655999999999935,57.80999999999993,26213
2026-06-26T01:30:00+00:00,57.80999999999993,57.951999999999934,57.29999999999993,57.58499999999993,21670
2026-06-26T02:00:00+00:00,57.58499999999993,57.768999999999934,57.05599999999993,57.23899999999993,15921
2026-06-26T02:30:00+00:00,57.23899999999993,57.24999999999993,56.13299999999993,56.42599999999993,26242
2026-06-26T03:00:00+00:00,56.42599999999993,57.18399999999993,56.32499999999993,56.86099999999993,17022
2026-06-26T03:30:00+00:00,56.86099999999993,57.24199999999993,56.76699999999993,57.027999999999935,12328
2026-06-26T04:00:00+00:00,57.027999999999935,57.26399999999993,56.90799999999993,56.951999999999934,10079
2026-06-26T04:30:00+00:00,56.951999999999934,57.02599999999993,56.74299999999993,56.847999999999935,11010
2026-06-26T05:00:00+00:00,56.847999999999935,57.11099999999993,56.68399999999993,57.064999999999934,11924
2026-06-26T05:30:00+00:00,57.064999999999934,57.338999999999935,56.99899999999993,57.04999999999993,22253
2026-06-26T06:00:00+00:00,57.04999999999993,57.86999999999993,56.82799999999993,57.762999999999934,24855
2026-06-26T06:30:00+00:00,57.762999999999934,58.86999999999993,57.60599999999993,58.69799999999993,31916
2026-06-26T07:00:00+00:00,58.69799999999993,58.69799999999993,58.30599999999993,58.435999999999936,19647
2026-06-26T07:30:00+00:00,58.435999999999936,58.634999999999934,58.231999999999935,58.29399999999993,15226
2026-06-26T08:00:00+00:00,58.29399999999993,58.414999999999935,58.07599999999993,58.387999999999934,19688
2026-06-26T08:30:00+00:00,58.387999999999934,58.45999999999993,58.08999999999993,58.128999999999934,12080
2026-06-26T09:00:00+00:00,58.128999999999934,58.85599999999993,58.064999999999934,58.68099999999993,15308
2026-06-26T09:30:00+00:00,58.68099999999993,58.972999999999935,58.585999999999935,58.649999999999935,10157
2026-06-26T10:00:00+00:00,58.649999999999935,58.844999999999935,58.48299999999993,58.63999999999993,10690
2026-06-26T10:30:00+00:00,58.63999999999993,59.054999999999936,58.59899999999993,58.91899999999993,11193
2026-06-26T11:00:00+00:00,58.91899999999993,59.04999999999993,58.61099999999993,58.76799999999993,8994
2026-06-26T11:30:00+00:00,58.76799999999993,58.871999999999936,58.49299999999993,58.600999999999935,9553
2026-06-26T12:00:00+00:00,58.600999999999935,58.74199999999993,58.45599999999993,58.64499999999993,11615
2026-06-26T12:30:00+00:00,58.64499999999993,59.396999999999935,58.45299999999993,59.31999999999993,15640
2026-06-26T13:00:00+00:00,59.31999999999993,59.676999999999936,58.41299999999993,58.908999999999935,32490
2026-06-26T13:30:00+00:00,58.908999999999935,59.39499999999993,58.43899999999993,59.36499999999993,55396
2026-06-26T14:00:00+00:00,59.36499999999993,59.942999999999934,59.17899999999993,59.59999999999993,45712
2026-06-26T14:30:00+00:00,59.59999999999993,59.96599999999993,59.451999999999934,59.59999999999993,38927
2026-06-26T15:00:00+00:00,59.59999999999993,59.722999999999935,59.38899999999993,59.71499999999993,26983
2026-06-26T15:30:00+00:00,59.71499999999993,60.112999999999936,59.56299999999993,59.81899999999993,24365
2026-06-26T16:00:00+00:00,59.81899999999993,59.90099999999993,59.61799999999993,59.67599999999993,18546
2026-06-26T16:30:00+00:00,59.67599999999993,59.87099999999993,59.57599999999993,59.743999999999936,13934
2026-06-26T17:00:00+00:00,59.743999999999936,59.78299999999993,59.47999999999993,59.67799999999993,13656
2026-06-26T17:30:00+00:00,59.67799999999993,59.71299999999993,59.42884999999994,59.43884999999994,15778.776815321107
2026-06-26T18:00:00+00:00,59.43884999999994,59.592849999999935,59.40284999999994,59.55984999999994,8814
2026-06-26T18:30:00+00:00,59.55984999999994,59.604849999999935,59.29284999999994,59.32984999999994,7305
2026-06-26T19:00:00+00:00,59.32984999999994,59.46584999999994,59.281849999999935,59.321849999999934,9601
2026-06-26T19:30:00+00:00,59.321849999999934,59.50484999999994,59.29584999999994,59.36284999999994,10603
2026-06-26T20:00:00+00:00,59.36284999999994,59.39584999999994,58.99384999999994,59.137849999999936,8142
2026-06-26T20:30:00+00:00,59.137849999999936,59.217849999999935,58.96084999999994,59.03984999999994,2310
2026-06-28T22:00:00+00:00,59.03984999999994,60.20784999999995,59.014849999999946,59.29284999999995,14124.499243570348
2026-06-28T22:30:00+00:00,59.29284999999995,59.58284999999995,59.21384999999995,59.50384999999995,6414
2026-06-28T23:00:00+00:00,59.50384999999995,59.71084999999995,59.35284999999995,59.40984999999995,6216
2026-06-28T23:30:00+00:00,59.40984999999995,59.61484999999995,59.313849999999945,59.41284999999995,7119
2026-06-29T00:00:00+00:00,59.41284999999995,59.444849999999946,58.79584999999995,58.80584999999995,31631
2026-06-29T00:30:00+00:00,58.80584999999995,59.53084999999995,58.80584999999995,59.401849999999946,21853
2026-06-29T01:00:00+00:00,59.401849999999946,59.62584999999995,59.03184999999995,59.136849999999946,48039
2026-06-29T01:30:00+00:00,59.136849999999946,59.47584999999995,58.89784999999995,59.06884999999995,32340
2026-06-29T02:00:00+00:00,59.06884999999995,59.54184999999995,58.98384999999995,59.50384999999995,23825
2026-06-29T02:30:00+00:00,59.50384999999995,59.624849999999945,59.142849999999946,59.40784999999995,22754
2026-06-29T03:00:00+00:00,59.40784999999995,59.898849999999946,59.377849999999945,59.66484999999995,17220
2026-06-29T03:30:00+00:00,59.66484999999995,59.688849999999945,59.29484999999995,59.39684999999995,10234
2026-06-29T04:00:00+00:00,59.39684999999995,59.404849999999946,59.16884999999995,59.21384999999995,8281
2026-06-29T04:30:00+00:00,59.21384999999995,59.22784999999995,58.91684999999995,58.97784999999995,10078
2026-06-29T05:00:00+00:00,58.97784999999995,59.12684999999995,58.87084999999995,58.89384999999995,11577
2026-06-29T05:30:00+00:00,58.89384999999995,59.52884999999995,58.50184999999995,59.32084999999995,30424
2026-06-29T06:00:00+00:00,59.32084999999995,59.69084999999995,59.28884999999995,59.557849999999945,22743
2026-06-29T06:30:00+00:00,59.557849999999945,59.61184999999995,59.36284999999995,59.386849999999946,16013
2026-06-29T07:00:00+00:00,59.386849999999946,59.41784999999995,59.16184999999995,59.30284999999995,16303
2026-06-29T07:30:00+00:00,59.30284999999995,59.313849999999945,59.05184999999995,59.057849999999945,13047
2026-06-29T08:00:00+00:00,59.057849999999945,59.34684999999995,59.03184999999995,59.07484999999995,17777
2026-06-29T08:30:00+00:00,59.07484999999995,59.23284999999995,58.63584999999995,58.75184999999995,19221
2026-06-29T09:00:00+00:00,58.75184999999995,59.02484999999995,58.651849999999946,58.84784999999995,16921
2026-06-29T09:30:00+00:00,58.84784999999995,58.93384999999995,58.16184999999995,58.42284999999995,24144
2026-06-29T10:00:00+00:00,58.42284999999995,58.70584999999995,58.27484999999995,58.46984999999995,23760
2026-06-29T10:30:00+00:00,58.46984999999995,58.56884999999995,58.24284999999995,58.529849999999946,14650
2026-06-29T11:00:00+00:00,58.529849999999946,58.70584999999995,58.34284999999995,58.47084999999995,13303
2026-06-29T11:30:00+00:00,58.47084999999995,58.97984999999995,58.42884999999995,58.93184999999995,18587
2026-06-29T12:00:00+00:00,58.93184999999995,59.24484999999995,58.73784999999995,58.77884999999995,20415
2026-06-29T12:30:00+00:00,58.77884999999995,59.35784999999995,58.74884999999995,59.11484999999995,19733
2026-06-29T13:00:00+00:00,59.11484999999995,59.54684999999995,59.09984999999995,59.09984999999995,30118
2026-06-29T13:30:00+00:00,59.09984999999995,59.279849999999946,58.78784999999995,58.89484999999995,64287
2026-06-29T14:00:00+00:00,58.89484999999995,59.08884999999995,58.17484999999995,58.84784999999995,68552
2026-06-29T14:30:00+00:00,58.84784999999995,58.99184999999995,58.529849999999946,58.75184999999995,24822
2026-06-29T15:00:00+00:00,58.75184999999995,58.84584999999995,58.42184999999995,58.67384999999995,20574
2026-06-29T15:30:00+00:00,58.67384999999995,58.93084999999995,58.57184999999995,58.82984999999995,13275
2026-06-29T16:00:00+00:00,58.82984999999995,58.90984999999995,58.72684999999995,58.78084999999995,9538
2026-06-29T16:30:00+00:00,58.78084999999995,58.996849999999945,58.65884999999995,58.85584999999995,10172
2026-06-29T17:00:00+00:00,58.85584999999995,59.145849999999946,58.85184999999995,58.90984999999995,10035
2026-06-29T17:30:00+00:00,58.90984999999995,58.96484999999995,58.76984999999995,58.95284999999995,7392
2026-06-29T18:00:00+00:00,58.95284999999995,59.19384999999995,58.93984999999995,59.01384999999995,4845
2026-06-29T18:30:00+00:00,59.01384999999995,59.23684999999995,58.84284999999995,58.90684999999995,4337
2026-06-29T19:00:00+00:00,58.90684999999995,59.03284999999995,58.67484999999995,59.03284999999995,6517
2026-06-29T19:30:00+00:00,59.03284999999995,59.07184999999995,58.88484999999995,58.97384999999995,7139
2026-06-29T20:00:00+00:00,58.97384999999995,59.08884999999995,58.91584999999995,59.081849999999946,2569
2026-06-29T20:30:00+00:00,59.081849999999946,59.10684999999995,58.956849999999946,59.011849999999946,1657
2026-06-29T22:00:00+00:00,59.011849999999946,59.17384999999994,58.85284999999994,58.90084999999994,3445.702631192121
2026-06-29T22:30:00+00:00,58.90084999999994,58.90084999999994,58.81084999999994,58.84584999999994,3535
2026-06-29T23:00:00+00:00,58.84584999999994,59.16384999999994,58.84584999999994,59.07284999999994,3061
2026-06-29T23:30:00+00:00,59.07284999999994,59.17284999999994,59.02984999999994,59.03184999999994,4076
2026-06-30T00:00:00+00:00,59.03184999999994,59.03784999999994,58.680849999999936,58.70084999999994,11367
2026-06-30T00:30:00+00:00,58.70084999999994,58.71984999999994,57.869849999999936,58.12184999999994,17842
2026-06-30T01:00:00+00:00,58.12184999999994,58.44784999999994,57.20784999999994,58.33584999999994,42996
2026-06-30T01:30:00+00:00,58.33584999999994,58.45684999999994,57.88884999999994,58.02584999999994,22891
2026-06-30T02:00:00+00:00,58.02584999999994,58.36384999999994,57.75284999999994,57.89184999999994,18500
2026-06-30T02:30:00+00:00,57.89184999999994,58.14484999999994,57.66984999999994,57.96784999999994,17956
2026-06-30T03:00:00+00:00,57.96784999999994,58.38384999999994,57.96084999999994,58.06884999999994,14301
2026-06-30T03:30:00+00:00,58.06884999999994,58.07984999999994,57.753849999999936,57.87784999999994,9654
2026-06-30T04:00:00+00:00,57.87784999999994,58.14984999999994,57.86384999999994,58.131849999999936,7943
2026-06-30T04:30:00+00:00,58.131849999999936,58.63984999999994,58.11784999999994,58.28484999999994,11464
2026-06-30T05:00:00+00:00,58.28484999999994,58.32884999999994,57.866849999999936,57.933849999999936,7583
2026-06-30T05:30:00+00:00,57.933849999999936,58.22784999999994,57.692849999999936,57.87984999999994,18796
2026-06-30T06:00:00+00:00,57.87984999999994,59.54684999999994,57.87984999999994,59.45284999999994,27653
2026-06-30T06:30:00+00:00,59.45284999999994,60.22884999999994,59.38284999999994,59.63984999999994,40093
2026-06-30T07:00:00+00:00,59.63984999999994,59.744849999999936,59.33784999999994,59.55784999999994,15067
2026-06-30T07:30:00+00:00,59.55784999999994,59.65884999999994,59.42484999999994,59.61084999999994,10850
2026-06-30T08:00:00+00:00,59.61084999999994,59.76684999999994,59.20984999999994,59.34584999999994,12762
2026-06-30T08:30:00+00:00,59.34584999999994,59.39684999999994,58.99084999999994,59.08984999999994,11740
2026-06-30T09:00:00+00:00,59.08984999999994,59.33984999999994,59.05784999999994,59.16784999999994,6268
2026-06-30T09:30:00+00:00,59.16784999999994,59.43784999999994,59.04484999999994,59.43584999999994,6122
2026-06-30T10:00:00+00:00,59.43584999999994,59.55384999999994,59.34684999999994,59.53384999999994,6383
2026-06-30T10:30:00+00:00,59.53384999999994,59.70084999999994,59.45384999999994,59.640849999999936,4999
2026-06-30T11:00:00+00:00,59.640849999999936,59.70084999999994,59.375849999999936,59.65884999999994,8645
2026-06-30T11:30:00+00:00,59.65884999999994,59.79384999999994,59.51184999999994,59.66084999999994,8812
2026-06-30T12:00:00+00:00,59.66084999999994,59.68584999999994,58.94684999999994,58.97384999999994,11494
2026-06-30T12:30:00+00:00,58.97384999999994,59.20084999999994,58.85284999999994,58.93884999999994,16668
2026-06-30T13:00:00+00:00,58.93884999999994,60.01384999999994,58.93484999999994,59.59584999999994,25401
2026-06-30T13:30:00+00:00,59.59584999999994,59.945849999999936,59.41084999999994,59.83884999999994,33712
2026-06-30T14:00:00+00:00,59.83884999999994,60.94084999999994,59.64784999999994,60.698849999999936,45899
2026-06-30T14:30:00+00:00,60.698849999999936,61.05784999999994,60.40684999999994,60.46384999999994,39180
2026-06-30T15:00:00+00:00,60.46384999999994,60.67484999999994,60.140849999999936,60.36084999999994,20714
2026-06-30T15:30:00+00:00,60.36084999999994,60.430849999999936,60.14684999999994,60.186849999999936,14120
2026-06-30T16:00:00+00:00,60.186849999999936,60.512849999999936,60.14884999999994,60.34184999999994,12431
2026-06-30T16:30:00+00:00,60.34184999999994,60.433849999999936,60.04084999999994,60.061849999999936,9454
2026-06-30T17:00:00+00:00,60.061849999999936,60.201849999999936,59.96184999999994,60.116849999999936,12300
2026-06-30T17:30:00+00:00,60.116849999999936,60.30684999999994,60.02784999999994,60.24284999999994,6627
2026-06-30T18:00:00+00:00,60.24284999999994,60.34384999999994,60.20484999999994,60.253849999999936,5599
2026-06-30T18:30:00+00:00,60.253849999999936,60.59384999999994,60.17684999999994,60.36584999999994,5485
2026-06-30T19:00:00+00:00,60.36584999999994,60.38984999999994,60.06384999999994,60.09184999999994,7091
2026-06-30T19:30:00+00:00,60.09184999999994,60.13584999999994,59.72984999999994,59.76484999999994,9629
2026-06-30T20:00:00+00:00,59.76484999999994,59.89584999999994,59.48084999999994,59.49384999999994,4388
2026-06-30T20:30:00+00:00,59.49384999999994,59.60884999999994,59.058849999999936,59.058849999999936,2803
2026-06-30T22:00:00+00:00,59.058849999999936,59.716849999999944,59.058849999999936,59.673849999999945,3844.0553332266154
2026-06-30T22:30:00+00:00,59.673849999999945,59.71784999999994,59.52284999999994,59.56284999999994,1844
2026-06-30T23:00:00+00:00,59.56284999999994,59.704849999999944,59.435849999999945,59.46884999999995,3239
2026-06-30T23:30:00+00:00,59.46884999999995,59.47484999999995,59.24184999999994,59.25084999999994,2948
2026-07-01T00:00:00+00:00,59.25084999999994,59.429849999999945,59.091849999999944,59.16384999999994,7944
2026-07-01T00:30:00+00:00,59.16384999999994,59.475849999999944,59.14084999999994,59.328849999999946,6904
2026-07-01T01:00:00+00:00,59.328849999999946,59.542849999999945,58.68684999999994,58.813849999999945,29266
2026-07-01T01:30:00+00:00,58.813849999999945,58.902849999999944,58.34384999999995,58.53584999999995,20128
2026-07-01T02:00:00+00:00,58.53584999999995,58.64084999999994,58.31884999999994,58.588849999999944,15986
2026-07-01T02:30:00+00:00,58.588849999999944,58.752849999999945,58.49884999999994,58.542849999999945,11876
2026-07-01T03:00:00+00:00,58.542849999999945,58.86084999999994,58.539849999999944,58.67784999999994,7974
2026-07-01T03:30:00+00:00,58.67784999999994,58.73384999999994,58.533849999999944,58.664849999999944,4333
2026-07-01T04:00:00+00:00,58.664849999999944,58.700849999999946,58.43984999999994,58.566849999999945,4573
2026-07-01T04:30:00+00:00,58.566849999999945,58.712849999999946,58.414849999999944,58.508849999999946,5381
2026-07-01T05:00:00+00:00,58.508849999999946,58.54084999999994,58.28584999999995,58.399849999999944,5689
2026-07-01T05:30:00+00:00,58.399849999999944,58.572849999999946,58.24584999999994,58.36184999999994,18089
2026-07-01T06:00:00+00:00,58.36184999999994,58.48084999999994,58.011849999999946,58.30584999999994,17671
2026-07-01T06:30:00+00:00,58.30584999999994,58.441849999999945,58.10284999999994,58.295849999999945,10836
2026-07-01T07:00:00+00:00,58.295849999999945,58.43684999999994,58.103849999999944,58.225849999999944,10854
2026-07-01T07:30:00+00:00,58.225849999999944,58.56284999999994,58.078849999999946,58.545849999999945,9621
2026-07-01T08:00:00+00:00,58.545849999999945,58.75384999999994,58.35884999999994,58.67284999999994,8995
2026-07-01T08:30:00+00:00,58.67284999999994,58.72084999999994,58.46784999999994,58.56484999999994,6265
2026-07-01T09:00:00+00:00,58.56484999999994,58.911849999999944,58.465849999999946,58.78584999999995,6746
2026-07-01T09:30:00+00:00,58.78584999999995,58.93984999999994,58.749849999999945,58.880849999999946,5860
2026-07-01T10:00:00+00:00,58.880849999999946,58.97684999999994,58.75384999999994,58.86384999999994,7630
2026-07-01T10:30:00+00:00,58.86384999999994,59.127849999999945,58.835849999999944,59.11484999999994,7044
2026-07-01T11:00:00+00:00,59.11484999999994,59.810849999999945,59.072849999999946,59.75784999999994,11155
2026-07-01T11:30:00+00:00,59.75784999999994,60.00984999999994,59.648849999999946,59.76284999999994,12143
2026-07-01T12:00:00+00:00,59.76284999999994,59.80684999999994,59.48684999999994,59.581849999999946,14094
2026-07-01T12:30:00+00:00,59.581849999999946,59.87684999999994,59.49484999999994,59.658849999999944,16124
2026-07-01T13:00:00+00:00,59.658849999999944,59.862849999999945,59.16584999999994,59.85184999999994,37002
2026-07-01T13:30:00+00:00,59.85184999999994,61.563849999999945,59.72084999999994,61.145849999999946,64893
2026-07-01T14:00:00+00:00,61.145849999999946,61.85784999999994,60.97784999999994,61.50384999999994,45904
2026-07-01T14:30:00+00:00,61.50384999999994,61.795849999999945,61.087849999999946,61.19384999999994,40399
2026-07-01T15:00:00+00:00,61.19384999999994,61.29484999999994,60.88584999999994,61.078849999999946,26344
2026-07-01T15:30:00+00:00,61.078849999999946,61.213849999999944,60.966849999999944,61.045849999999945,17915
2026-07-01T16:00:00+00:00,61.045849999999945,61.271849999999944,61.03784999999994,61.18984999999994,13425
2026-07-01T16:30:00+00:00,61.18984999999994,61.23884999999994,60.895849999999946,60.92484999999994,12159
2026-07-01T17:00:00+00:00,60.92484999999994,61.00784999999994,60.755849999999946,60.828849999999946,13143
2026-07-01T17:30:00+00:00,60.828849999999946,60.96884999999995,60.688849999999945,60.706849999999946,9952
2026-07-01T18:00:00+00:00,60.706849999999946,60.843349999999944,60.495349999999945,60.50234999999994,9558.81493519852
2026-07-01T18:30:00+00:00,60.50234999999994,60.675349999999945,60.45034999999994,60.568349999999946,7267
2026-07-01T19:00:00+00:00,60.568349999999946,60.75634999999995,60.51134999999994,60.550349999999945,7083
2026-07-01T19:30:00+00:00,60.550349999999945,60.587349999999944,60.04234999999994,60.09434999999995,9912
2026-07-01T20:00:00+00:00,60.09434999999995,60.105349999999945,59.900349999999946,60.038349999999944,7053
2026-07-01T20:30:00+00:00,60.038349999999944,60.05834999999995,59.89634999999995,59.93784999999995,3522.756518314297
2026-07-01T22:00:00+00:00,59.93784999999995,60.31284999999994,59.889849999999946,60.20284999999994,4029.1508649590987
2026-07-01T22:30:00+00:00,60.20284999999994,60.310849999999945,60.167849999999945,60.28584999999994,2748
2026-07-01T23:00:00+00:00,60.28584999999994,60.29184999999994,60.04984999999994,60.143849999999944,3071
2026-07-01T23:30:00+00:00,60.143849999999944,60.200849999999946,59.97984999999994,59.993849999999945,2990
2026-07-02T00:00:00+00:00,59.993849999999945,60.359849999999945,59.80384999999994,60.23284999999994,12262
2026-07-02T00:30:00+00:00,60.23284999999994,60.50384999999994,59.98084999999994,60.35284999999994,11061
2026-07-02T01:00:00+00:00,60.35284999999994,61.03784999999994,60.31284999999994,60.58384999999994,30263
2026-07-02T01:30:00+00:00,60.58384999999994,60.87284999999994,60.42584999999994,60.670849999999945,21642
2026-07-02T02:00:00+00:00,60.670849999999945,60.868849999999945,60.508849999999946,60.749849999999945,13107
2026-07-02T02:30:00+00:00,60.749849999999945,61.033849999999944,60.60584999999994,60.917849999999945,14062
2026-07-02T03:00:00+00:00,60.917849999999945,61.05084999999994,60.84084999999994,60.987849999999945,11145
2026-07-02T03:30:00+00:00,60.987849999999945,61.29984999999994,60.929849999999945,61.17284999999994,7027
2026-07-02T04:00:00+00:00,61.17284999999994,61.30684999999994,61.02684999999994,61.03884999999994,5407
2026-07-02T04:30:00+00:00,61.03884999999994,61.05884999999994,60.874849999999945,60.95284999999994,5753
2026-07-02T05:00:00+00:00,60.95284999999994,60.97784999999994,60.63584999999994,60.643849999999944,8035
2026-07-02T05:30:00+00:00,60.643849999999944,60.777849999999944,60.301849999999945,60.688849999999945,24824
2026-07-02T06:00:00+00:00,60.688849999999945,61.14884999999994,60.68784999999994,60.94384999999994,17642
2026-07-02T06:30:00+00:00,60.94384999999994,61.01584999999994,60.676849999999945,60.82184999999994,15332
2026-07-02T07:00:00+00:00,60.82184999999994,60.86784999999994,60.45284999999994,60.50984999999994,10895
2026-07-02T07:30:00+00:00,60.50984999999994,60.66984999999994,60.270849999999946,60.28884999999994,9586
2026-07-02T08:00:00+00:00,60.28884999999994,60.87684999999994,60.19684999999994,60.86484999999994,14025
2026-07-02T08:30:00+00:00,60.86484999999994,61.19884999999994,60.81784999999994,61.04484999999994,13515
2026-07-02T09:00:00+00:00,61.04484999999994,61.11384999999994,60.737849999999945,60.822849999999946,11603
2026-07-02T09:30:00+00:00,60.822849999999946,60.97184999999994,60.704849999999944,60.72684999999994,8380
2026-07-02T10:00:00+00:00,60.72684999999994,60.832849999999944,60.65484999999994,60.79784999999994,6862
2026-07-02T10:30:00+00:00,60.79784999999994,60.835849999999944,60.642849999999946,60.70884999999994,5452
2026-07-02T11:00:00+00:00,60.70884999999994,60.825849999999946,60.356849999999945,60.755849999999946,10144
2026-07-02T11:30:00+00:00,60.755849999999946,60.975849999999944,60.67884999999994,60.68084999999994,8840
2026-07-02T12:00:00+00:00,60.68084999999994,60.838849999999944,60.579849999999944,60.67584999999994,16263
2026-07-02T12:30:00+00:00,60.67584999999994,62.54784999999994,60.66884999999994,62.05684999999994,63064
2026-07-02T13:00:00+00:00,62.05684999999994,62.588849999999944,61.81184999999994,61.83384999999994,40653
2026-07-02T13:30:00+00:00,61.83384999999994,63.039849999999944,61.737849999999945,62.75084999999994,48755
2026-07-02T14:00:00+00:00,62.75084999999994,62.80084999999994,61.99884999999994,62.072849999999946,46628
2026-07-02T14:30:00+00:00,62.072849999999946,62.31884999999994,61.96484999999994,62.24784999999994,44325
2026-07-02T15:00:00+00:00,62.24784999999994,62.295849999999945,61.67484999999994,61.91084999999994,31188
2026-07-02T15:30:00+00:00,61.91084999999994,62.207849999999944,61.90084999999994,61.99584999999994,24141
2026-07-02T16:00:00+00:00,61.99584999999994,62.08384999999994,61.633849999999946,61.65984999999994,26344
2026-07-02T16:30:00+00:00,61.65984999999994,61.91084999999994,61.350849999999944,61.73284999999994,25968
2026-07-02T17:00:00+00:00,61.73284999999994,61.78584999999994,61.356849999999945,61.481849999999945,21800
2026-07-02T17:30:00+00:00,61.481849999999945,61.545849999999945,61.301849999999945,61.33984999999994,17093
2026-07-02T18:00:00+00:00,61.33984999999994,61.74184999999994,61.31484999999994,61.66884999999994,15601
2026-07-02T18:30:00+00:00,61.66884999999994,61.91084999999994,61.581849999999946,61.673849999999945,11174
2026-07-02T19:00:00+00:00,61.673849999999945,61.73384999999994,61.24784999999994,61.423849999999945,12365
2026-07-02T19:30:00+00:00,61.423849999999945,61.81584999999994,61.40484999999994,61.75484999999994,12633
2026-07-02T20:00:00+00:00,61.75484999999994,61.84084999999994,61.66584999999994,61.78884999999994,3981
2026-07-02T20:30:00+00:00,61.78884999999994,61.865849999999945,61.713849999999944,61.816849999999945,1869
2026-07-02T22:00:00+00:00,61.816849999999945,61.917849999999945,61.70884999999994,61.83984999999995,2024.5754716981132
2026-07-02T22:30:00+00:00,61.83984999999995,61.93684999999995,61.832849999999944,61.892849999999946,1889
2026-07-02T23:00:00+00:00,61.892849999999946,61.99584999999995,61.856849999999945,61.98984999999995,1919
2026-07-02T23:30:00+00:00,61.98984999999995,62.03284999999995,61.83984999999995,61.94284999999995,4252
2026-07-03T00:00:00+00:00,61.94284999999995,62.21484999999995,61.898849999999946,62.06884999999995,25720
2026-07-03T00:30:00+00:00,62.06884999999995,62.40084999999995,61.95884999999995,62.313849999999945,18890
2026-07-03T01:00:00+00:00,62.313849999999945,63.167849999999945,62.18984999999995,63.005849999999946,41214
2026-07-03T01:30:00+00:00,63.005849999999946,63.36484999999995,62.92584999999995,63.09984999999995,21660
2026-07-03T02:00:00+00:00,63.09984999999995,63.24584999999995,63.01684999999995,63.197849999999946,14376
2026-07-03T02:30:00+00:00,63.197849999999946,63.490849999999945,63.16684999999995,63.276849999999946,16023
2026-07-03T03:00:00+00:00,63.276849999999946,63.35184999999995,63.10784999999995,63.209849999999946,14037
2026-07-03T03:30:00+00:00,63.209849999999946,63.22784999999995,63.069849999999946,63.151849999999946,9724
2026-07-03T04:00:00+00:00,63.151849999999946,63.55084999999995,63.103849999999944,63.338849999999944,7171
2026-07-03T04:30:00+00:00,63.338849999999944,63.34284999999995,63.21884999999995,63.267849999999946,6417
2026-07-03T05:00:00+00:00,63.267849999999946,63.36084999999995,63.11084999999995,63.209849999999946,8480
2026-07-03T05:30:00+00:00,63.209849999999946,63.441849999999945,63.11984999999995,63.23284999999995,15456
2026-07-03T06:00:00+00:00,63.23284999999995,63.276849999999946,63.00184999999995,63.11384999999995,14812
2026-07-03T06:30:00+00:00,63.11384999999995,63.35484999999995,63.087849999999946,63.29784999999995,14839
2026-07-03T07:00:00+00:00,63.29784999999995,63.49884999999995,63.23884999999995,63.49284999999995,9483
2026-07-03T07:30:00+00:00,63.49284999999995,63.74184999999995,63.46884999999995,63.584849999999946,6885
2026-07-03T08:00:00+00:00,63.584849999999946,63.78184999999995,63.554849999999945,63.575849999999946,7678
2026-07-03T08:30:00+00:00,63.575849999999946,63.64184999999995,63.45584999999995,63.591849999999944,6960
2026-07-03T09:00:00+00:00,63.591849999999944,63.63284999999995,63.41884999999995,63.47484999999995,6100
2026-07-03T09:30:00+00:00,63.47484999999995,63.54384999999995,63.42184999999995,63.43784999999995,5618
2026-07-03T10:00:00+00:00,63.43784999999995,63.584849999999946,63.420849999999945,63.44384999999995,5526
2026-07-03T10:30:00+00:00,63.44384999999995,63.45584999999995,63.28284999999995,63.31184999999995,4566
2026-07-03T11:00:00+00:00,63.31184999999995,63.42484999999995,63.12684999999995,63.18384999999995,6438
2026-07-03T11:30:00+00:00,63.18384999999995,63.356849999999945,63.17284999999995,63.24584999999995,4802
2026-07-03T12:00:00+00:00,63.24584999999995,63.27584999999995,62.896849999999944,63.00784999999995,7651
2026-07-03T12:30:00+00:00,63.00784999999995,63.33084999999995,62.896849999999944,63.28784999999995,7022
2026-07-03T13:00:00+00:00,63.28784999999995,63.337849999999946,62.79384999999995,63.12884999999995,18855
2026-07-03T13:30:00+00:00,63.12884999999995,63.19884999999995,62.97084999999995,63.11084999999995,12736
2026-07-03T14:00:00+00:00,63.11084999999995,63.26384999999995,62.98284999999995,63.222849999999944,12271
2026-07-03T14:30:00+00:00,63.222849999999944,63.335849999999944,63.081849999999946,63.277849999999944,9828
2026-07-03T15:00:00+00:00,63.277849999999944,63.408849999999944,63.167849999999945,63.19284999999995,8677
2026-07-03T15:30:00+00:00,63.19284999999995,63.23084999999995,63.06484999999995,63.10984999999995,6681.1299029328875
2026-07-03T16:00:00+00:00,63.10984999999995,63.25284999999995,63.10484999999995,63.18984999999995,5333
2026-07-03T16:30:00+00:00,63.18984999999995,63.328849999999946,63.14484999999995,63.26984999999995,6870
2026-07-03T17:00:00+00:00,63.26984999999995,63.28684999999995,62.209,62.209,55
2026-07-03T17:30:00+00:00,62.209,62.365,62.209,62.225,16
2026-07-03T18:00:00+00:00,62.225,62.366,62.201,62.211,28
2026-07-03T18:30:00+00:00,62.211,62.355,62.201,62.201,18
2026-07-03T19:00:00+00:00,62.201,62.343,62.195,62.343,14
2026-07-03T19:30:00+00:00,62.343,62.343,62.199,62.199,13
2026-07-03T20:00:00+00:00,62.199,62.339,62.141,62.178,23
2026-07-03T20:30:00+00:00,62.178,62.328,62.158,62.299,13
2026-07-05T22:00:00+00:00,62.498000000000005,63.094,62.39999999999999,63.057,6344.828357292051
2026-07-05T22:30:00+00:00,63.057,63.251,62.99,63.173,5788
2026-07-05T23:00:00+00:00,63.173,63.334,63.081,63.292,4205
2026-07-05T23:30:00+00:00,63.292,63.307,62.721000000000004,62.852000000000004,9134
2026-07-06T00:00:00+00:00,62.852000000000004,62.907000000000004,62.495000000000005,62.56,23412
2026-07-06T00:30:00+00:00,62.56,62.980000000000004,62.53,62.757,17677
2026-07-06T01:00:00+00:00,62.757,63.178000000000004,62.426,62.485,35286
2026-07-06T01:30:00+00:00,62.485,62.868,62.425000000000004,62.468,24248
2026-07-06T02:00:00+00:00,62.468,62.512,62.219,62.257,15673
2026-07-06T02:30:00+00:00,62.257,62.299,61.972,62.073,19052
2026-07-06T03:00:00+00:00,62.073,62.134,61.839,61.977000000000004,13377
2026-07-06T03:30:00+00:00,61.977000000000004,62.075,61.801,61.893,8139
2026-07-06T04:00:00+00:00,61.893,61.937,61.76,61.915,5827
2026-07-06T04:30:00+00:00,61.915,61.95,61.809000000000005,61.906,5893
2026-07-06T05:00:00+00:00,61.906,61.936,61.77,61.855000000000004,8601
2026-07-06T05:30:00+00:00,61.855000000000004,62.008,61.620000000000005,61.69,17313
2026-07-06T06:00:00+00:00,61.69,61.984,61.64,61.956,14260
2026-07-06T06:30:00+00:00,61.956,62.009,61.691,61.753,10521
2026-07-06T07:00:00+00:00,61.753,61.968,61.679,61.929,7322
2026-07-06T07:30:00+00:00,61.929,62.423,61.910000000000004,62.403,6004
2026-07-06T08:00:00+00:00,62.403,62.433,62.077,62.147,6019
2026-07-06T08:30:00+00:00,62.147,62.173,61.931000000000004,62.039,7330
2026-07-06T09:00:00+00:00,62.039,62.226,62.004,62.066,6645
2026-07-06T09:30:00+00:00,62.066,62.082,61.877,62.017,7286
2026-07-06T10:00:00+00:00,62.017,62.115,61.894,62.1,4810
2026-07-06T10:30:00+00:00,62.1,62.29,62.097,62.135,4031
2026-07-06T11:00:00+00:00,62.135,62.272,62.042,62.186,5473
2026-07-06T11:30:00+00:00,62.186,62.299,62.119,62.244,5294
2026-07-06T12:00:00+00:00,62.244,62.307,61.966,62.086,9192
2026-07-06T12:30:00+00:00,62.086,62.195,61.501,61.671,16553
2026-07-06T13:00:00+00:00,61.671,61.971000000000004,61.419000000000004,61.699,20048
2026-07-06T13:30:00+00:00,61.699,62.096000000000004,61.692,61.883,38638
2026-07-06T14:00:00+00:00,61.883,62.024,61.585,61.769,28558
2026-07-06T14:30:00+00:00,61.769,61.937,61.563,61.791000000000004,16754
2026-07-06T15:00:00+00:00,61.791000000000004,61.969,61.692,61.861000000000004,15011
2026-07-06T15:30:00+00:00,61.861000000000004,61.982,61.785000000000004,61.843,9772
2026-07-06T16:00:00+00:00,61.843,61.845,61.57,61.616,8945
2026-07-06T16:30:00+00:00,61.616,61.953,61.604,61.874,8176
2026-07-06T17:00:00+00:00,61.874,62.08,61.747,61.938,15172
2026-07-06T17:30:00+00:00,61.938,62.133,61.916000000000004,62.057,9998
2026-07-06T18:00:00+00:00,62.057,62.217,61.942,62.17,6638
2026-07-06T18:30:00+00:00,62.17,62.405,62.146,62.24,7797
2026-07-06T19:00:00+00:00,62.24,62.288000000000004,62.074,62.224000000000004,8241
2026-07-06T19:30:00+00:00,62.224000000000004,62.246,62.076,62.141,7987
2026-07-06T20:00:00+00:00,62.141,62.172000000000004,62.038000000000004,62.073,1588
2026-07-06T20:30:00+00:00,62.073,62.138,62.054,62.105000000000004,1091
2026-07-06T22:00:00+00:00,62.105000000000004,62.17699999999999,61.90599999999999,62.14799999999999,1390.044365989997
2026-07-06T22:30:00+00:00,62.14799999999999,62.20099999999999,62.032999999999994,62.05999999999999,1289
2026-07-06T23:00:00+00:00,62.05999999999999,62.12499999999999,62.04399999999999,62.05699999999999,1084
2026-07-06T23:30:00+00:00,62.05699999999999,62.07899999999999,61.79399999999999,61.80999999999999,2513
2026-07-07T00:00:00+00:00,61.80999999999999,62.05899999999999,61.73499999999999,62.00899999999999,16960
2026-07-07T00:30:00+00:00,62.00899999999999,62.081999999999994,61.50499999999999,61.52799999999999,16776
2026-07-07T01:00:00+00:00,61.52799999999999,61.60499999999999,60.95399999999999,61.09599999999999,29663
2026-07-07T01:30:00+00:00,61.09599999999999,61.63799999999999,61.06899999999999,61.57299999999999,23267
2026-07-07T02:00:00+00:00,61.57299999999999,61.73499999999999,61.462999999999994,61.54399999999999,13861
2026-07-07T02:30:00+00:00,61.54399999999999,61.70899999999999,61.24199999999999,61.33399999999999,13463
2026-07-07T03:00:00+00:00,61.33399999999999,61.44399999999999,60.94299999999999,61.05999999999999,13404
2026-07-07T03:30:00+00:00,61.05999999999999,61.227999999999994,60.95299999999999,61.14699999999999,7424
2026-07-07T04:00:00+00:00,61.14699999999999,61.34199999999999,61.04099999999999,61.06699999999999,7460
2026-07-07T04:30:00+00:00,61.06699999999999,61.10699999999999,60.87099999999999,60.904999999999994,6427
2026-07-07T05:00:00+00:00,60.904999999999994,61.00699999999999,60.59599999999999,60.75899999999999,10430
2026-07-07T05:30:00+00:00,60.75899999999999,60.85099999999999,60.346999999999994,60.602999999999994,19426
2026-07-07T06:00:00+00:00,60.602999999999994,61.090999999999994,60.60099999999999,61.02799999999999,14857
2026-07-07T06:30:00+00:00,61.02799999999999,61.331999999999994,60.98399999999999,61.17999999999999,11333
2026-07-07T07:00:00+00:00,61.17999999999999,61.20499999999999,60.97099999999999,61.03099999999999,9038
2026-07-07T07:30:00+00:00,61.03099999999999,61.14099999999999,60.852999999999994,60.86199999999999,7729
2026-07-07T08:00:00+00:00,60.86199999999999,61.44699999999999,60.84499999999999,61.25799999999999,9953
2026-07-07T08:30:00+00:00,61.25799999999999,61.27499999999999,60.83999999999999,60.97099999999999,7647
2026-07-07T09:00:00+00:00,60.97099999999999,61.02899999999999,60.78999999999999,60.82499999999999,9927
2026-07-07T09:30:00+00:00,60.82499999999999,61.05499999999999,60.78999999999999,60.92999999999999,8026
2026-07-07T10:00:00+00:00,60.92999999999999,61.15599999999999,60.92099999999999,61.11999999999999,9126
2026-07-07T10:30:00+00:00,61.11999999999999,61.11999999999999,60.79699999999999,60.83599999999999,8693
2026-07-07T11:00:00+00:00,60.83599999999999,61.06699999999999,60.68499999999999,61.02899999999999,8197
2026-07-07T11:30:00+00:00,61.02899999999999,61.43899999999999,60.913999999999994,61.41899999999999,9357
2026-07-07T12:00:00+00:00,61.41899999999999,61.77299999999999,61.38499999999999,61.70499999999999,15776
2026-07-07T12:30:00+00:00,61.70499999999999,61.77599999999999,61.36399999999999,61.67499999999999,12922
2026-07-07T13:00:00+00:00,61.67499999999999,61.95199999999999,61.23999999999999,61.31399999999999,19858
2026-07-07T13:30:00+00:00,61.31399999999999,61.96999999999999,61.13499999999999,61.35999999999999,48682
2026-07-07T14:00:00+00:00,61.35999999999999,61.57499999999999,60.93899999999999,61.10699999999999,47951
2026-07-07T14:30:00+00:00,61.10699999999999,61.15899999999999,60.68799999999999,60.96099999999999,30405
2026-07-07T15:00:00+00:00,60.96099999999999,61.10199999999999,60.67799999999999,60.773999999999994,26387
2026-07-07T15:30:00+00:00,60.773999999999994,60.99999999999999,60.50699999999999,60.67299999999999,21743
2026-07-07T16:00:00+00:00,60.67299999999999,61.04899999999999,60.65399999999999,61.00799999999999,14713
2026-07-07T16:30:00+00:00,61.00799999999999,61.02899999999999,60.83599999999999,60.96999999999999,9884
2026-07-07T17:00:00+00:00,60.96999999999999,61.05299999999999,60.78099999999999,61.03099999999999,12042
2026-07-07T17:30:00+00:00,61.03099999999999,61.22999999999999,60.98699999999999,61.05899999999999,10127
2026-07-07T18:00:00+00:00,61.05899999999999,61.07199999999999,60.94199999999999,60.956999999999994,9303
2026-07-07T18:30:00+00:00,60.956999999999994,60.98899999999999,60.45099999999999,60.48099999999999,19961
2026-07-07T19:00:00+00:00,60.48099999999999,60.51999999999999,59.48099999999999,59.80699999999999,37403
2026-07-07T19:30:00+00:00,59.80699999999999,60.45399999999999,59.79299999999999,60.28199999999999,22036
2026-07-07T20:00:00+00:00,60.28199999999999,60.51399999999999,60.07199999999999,60.17399999999999,7093
2026-07-07T20:30:00+00:00,60.17399999999999,60.221999999999994,59.916999999999994,59.98799999999999,4401
2026-07-07T22:00:00+00:00,59.98799999999999,60.048999999999985,59.61399999999999,59.62099999999999,4713.543718943422
2026-07-07T22:30:00+00:00,59.62099999999999,59.74899999999999,59.54499999999999,59.716999999999985,4904
2026-07-07T23:00:00+00:00,59.716999999999985,59.93099999999999,59.679999999999986,59.89699999999999,4659
2026-07-07T23:30:00+00:00,59.89699999999999,59.92299999999999,59.54499999999999,59.62999999999999,3881
2026-07-08T00:00:00+00:00,59.62999999999999,59.94099999999999,59.57199999999999,59.825999999999986,30225
2026-07-08T00:30:00+00:00,59.825999999999986,60.27299999999999,59.77999999999999,60.072999999999986,22244
2026-07-08T01:00:00+00:00,60.072999999999986,60.277999999999984,59.67799999999999,59.95899999999999,33616
2026-07-08T01:30:00+00:00,59.95899999999999,60.05599999999999,59.56599999999999,59.969999999999985,30807
2026-07-08T02:00:00+00:00,59.969999999999985,60.16999999999999,59.853999999999985,59.99199999999999,16662
2026-07-08T02:30:00+00:00,59.99199999999999,60.11499999999999,59.88199999999999,59.97799999999999,11689
2026-07-08T03:00:00+00:00,59.97799999999999,60.68199999999999,59.97799999999999,60.63799999999999,16139
2026-07-08T03:30:00+00:00,60.63799999999999,60.71199999999999,60.29499999999999,60.30899999999999,8756
2026-07-08T04:00:00+00:00,60.30899999999999,60.41099999999999,60.20699999999999,60.33499999999999,9304
2026-07-08T04:30:00+00:00,60.33499999999999,60.417999999999985,60.258999999999986,60.29799999999999,9870
2026-07-08T05:00:00+00:00,60.29799999999999,60.64599999999999,60.286999999999985,60.31299999999999,11178
2026-07-08T05:30:00+00:00,60.31299999999999,60.96099999999999,60.25999999999999,60.81899999999999,25851
2026-07-08T06:00:00+00:00,60.81899999999999,61.08499999999999,60.50799999999999,60.90999999999999,19477
2026-07-08T06:30:00+00:00,60.90999999999999,60.92799999999999,60.63599999999999,60.64399999999999,12040
2026-07-08T07:00:00+00:00,60.64399999999999,60.69599999999999,60.41399999999999,60.53499999999999,12166
2026-07-08T07:30:00+00:00,60.53499999999999,60.77999999999999,60.46499999999999,60.59299999999999,9946
2026-07-08T08:00:00+00:00,60.59299999999999,60.64799999999999,59.47699999999999,59.66399999999999,44391
2026-07-08T08:30:00+00:00,59.66399999999999,59.77999999999999,58.12599999999999,58.34899999999999,38393
2026-07-08T09:00:00+00:00,58.34899999999999,58.68199999999999,58.18799999999999,58.51699999999999,27473
2026-07-08T09:30:00+00:00,58.51699999999999,58.77899999999999,58.18999999999999,58.25199999999999,19248
2026-07-08T10:00:00+00:00,58.25199999999999,58.85799999999999,58.25199999999999,58.444999999999986,19648
2026-07-08T10:30:00+00:00,58.444999999999986,58.73599999999999,58.35299999999999,58.35899999999999,17101
2026-07-08T11:00:00+00:00,58.35899999999999,58.59899999999999,58.197999999999986,58.33699999999999,16507
2026-07-08T11:30:00+00:00,58.33699999999999,59.01799999999999,58.01599999999999,58.71199999999999,27368
2026-07-08T12:00:00+00:00,58.71199999999999,58.96299999999999,58.426999999999985,58.47799999999999,24793
2026-07-08T12:30:00+00:00,58.47799999999999,58.92499999999999,58.264999999999986,58.51399999999999,25532
2026-07-08T13:00:00+00:00,58.51399999999999,58.94299999999999,58.24499999999999,58.298999999999985,36802
2026-07-08T13:30:00+00:00,58.298999999999985,58.66999999999999,58.27399999999999,58.389999999999986,52608
2026-07-08T14:00:00+00:00,58.389999999999986,58.51999999999999,58.00999999999999,58.25199999999999,38311
2026-07-08T14:30:00+00:00,58.25199999999999,58.380999999999986,57.56599999999999,57.76599999999999,50133
2026-07-08T15:00:00+00:00,57.76599999999999,57.87099999999999,57.289999999999985,57.38199999999999,40582
2026-07-08T15:30:00+00:00,57.38199999999999,57.53499999999999,57.176999999999985,57.359999999999985,26028
2026-07-08T16:00:00+00:00,57.359999999999985,57.703999999999986,57.30699999999999,57.50199999999999,23805
2026-07-08T16:30:00+00:00,57.50199999999999,57.98699999999999,57.41599999999999,57.87699999999999,25466
2026-07-08T17:00:00+00:00,57.87699999999999,58.298999999999985,57.746999999999986,58.298999999999985,20783
2026-07-08T17:30:00+00:00,58.298999999999985,58.45699999999999,58.03599999999999,58.07799999999999,15110
2026-07-08T18:00:00+00:00,58.07799999999999,58.453999999999986,58.048999999999985,58.23594999999998,22401.227702354357
2026-07-08T18:30:00+00:00,58.23594999999998,58.74194999999998,58.172949999999986,58.487949999999984,15013
2026-07-08T19:00:00+00:00,58.487949999999984,58.65894999999998,58.434949999999986,58.57794999999999,13476
2026-07-08T19:30:00+00:00,58.57794999999999,58.614949999999986,58.32394999999998,58.37294999999998,14984
2026-07-08T20:00:00+00:00,58.37294999999998,58.517949999999985,58.18694999999998,58.245949999999986,3908
2026-07-08T20:30:00+00:00,58.245949999999986,58.343949999999985,58.08694999999998,58.13894999999999,3097
2026-07-08T22:00:00+00:00,58.13894999999999,58.62994999999999,58.04294999999998,58.45894999999999,3827.569585637001
2026-07-08T22:30:00+00:00,58.45894999999999,58.57494999999999,58.42494999999998,58.499949999999984,3107
2026-07-08T23:00:00+00:00,58.499949999999984,58.526949999999985,58.43994999999998,58.526949999999985,2107
2026-07-08T23:30:00+00:00,58.526949999999985,58.60194999999999,58.41294999999999,58.54594999999998,3889
2026-07-09T00:00:00+00:00,58.54594999999998,58.85194999999999,58.39694999999998,58.50494999999999,20216
2026-07-09T00:30:00+00:00,58.50494999999999,58.65594999999998,58.380949999999984,58.42494999999998,16136
2026-07-09T01:00:00+00:00,58.42494999999998,58.67094999999998,58.023949999999985,58.07494999999999,36147
2026-07-09T01:30:00+00:00,58.07494999999999,58.492949999999986,57.92494999999998,58.310949999999984,23033
2026-07-09T02:00:00+00:00,58.310949999999984,58.60394999999998,58.26694999999999,58.490949999999984,14230
2026-07-09T02:30:00+00:00,58.490949999999984,58.615949999999984,57.96994999999998,57.980949999999986,20041
2026-07-09T03:00:00+00:00,57.980949999999986,58.06194999999998,57.69294999999998,57.83994999999999,22177
2026-07-09T03:30:00+00:00,57.83994999999999,58.09594999999999,57.788949999999986,57.99194999999998,10229
2026-07-09T04:00:00+00:00,57.99194999999998,58.026949999999985,57.80294999999998,57.864949999999986,9281
2026-07-09T04:30:00+00:00,57.864949999999986,58.121949999999984,57.861949999999986,58.102949999999986,11387
2026-07-09T05:00:00+00:00,58.102949999999986,58.486949999999986,58.08094999999999,58.258949999999984,16979
2026-07-09T05:30:00+00:00,58.258949999999984,58.63294999999999,58.017949999999985,58.55294999999998,21261
2026-07-09T06:00:00+00:00,58.55294999999998,59.07494999999999,58.538949999999986,59.03994999999998,24117
2026-07-09T06:30:00+00:00,59.03994999999998,59.27894999999999,58.97394999999999,59.136949999999985,17522
2026-07-09T07:00:00+00:00,59.136949999999985,59.31894999999999,59.08094999999999,59.288949999999986,11590
2026-07-09T07:30:00+00:00,59.288949999999986,59.40094999999999,59.175949999999986,59.32494999999999,8627
2026-07-09T08:00:00+00:00,59.32494999999999,59.587949999999985,59.24894999999999,59.53494999999999,11215
2026-07-09T08:30:00+00:00,59.53494999999999,59.58294999999998,59.23194999999998,59.291949999999986,9106
2026-07-09T09:00:00+00:00,59.291949999999986,59.35694999999998,59.22594999999998,59.31294999999999,7243
2026-07-09T09:30:00+00:00,59.31294999999999,59.355949999999986,59.173949999999984,59.27494999999998,9176
2026-07-09T10:00:00+00:00,59.27494999999998,59.30894999999998,59.04094999999999,59.054949999999984,8003
2026-07-09T10:30:00+00:00,59.054949999999984,59.105949999999986,58.82794999999999,58.94894999999998,10034
2026-07-09T11:00:00+00:00,58.94894999999998,59.09294999999999,58.904949999999985,58.944949999999984,9535
2026-07-09T11:30:00+00:00,58.944949999999984,59.224949999999986,58.90694999999999,59.12594999999998,10435
2026-07-09T12:00:00+00:00,59.12594999999998,59.38194999999998,59.01694999999999,59.209949999999985,13348
2026-07-09T12:30:00+00:00,59.209949999999985,59.834949999999985,59.18794999999999,59.428949999999986,15447
2026-07-09T13:00:00+00:00,59.428949999999986,59.995949999999986,59.31194999999998,59.971949999999985,25634
2026-07-09T13:30:00+00:00,59.971949999999985,60.426949999999984,59.83894999999998,60.349949999999986,30957
2026-07-09T14:00:00+00:00,60.349949999999986,60.706949999999985,59.956949999999985,60.23594999999998,37593
2026-07-09T14:30:00+00:00,60.23594999999998,60.386949999999985,60.07194999999999,60.36994999999998,22359
2026-07-09T15:00:00+00:00,60.36994999999998,60.51394999999999,60.30894999999998,60.42794999999998,18649
2026-07-09T15:30:00+00:00,60.42794999999998,60.618949999999984,60.383949999999984,60.432949999999984,11729
2026-07-09T16:00:00+00:00,60.432949999999984,60.697949999999985,60.398949999999985,60.59594999999999,12532
2026-07-09T16:30:00+00:00,60.59594999999999,60.724949999999986,60.49494999999998,60.49794999999998,10325
2026-07-09T17:00:00+00:00,60.49794999999998,60.53394999999998,60.29594999999998,60.46094999999998,11891
2026-07-09T17:30:00+00:00,60.46094999999998,60.57194999999999,60.39794999999999,60.52594999999999,7215
2026-07-09T18:00:00+00:00,60.52594999999999,60.53394999999998,60.215949999999985,60.21694999999998,7262
2026-07-09T18:30:00+00:00,60.21694999999998,60.21694999999998,60.090949999999985,60.148949999999985,4486
2026-07-09T19:00:00+00:00,60.148949999999985,60.25994999999998,60.00394999999998,60.03794999999999,4627
2026-07-09T19:30:00+00:00,60.03794999999999,60.166949999999986,59.96994999999998,60.011949999999985,5892
2026-07-09T20:00:00+00:00,60.011949999999985,60.151949999999985,59.974949999999986,59.98594999999998,2182
2026-07-09T20:30:00+00:00,59.98594999999998,60.194949999999984,59.968949999999985,60.054949999999984,1780
2026-07-09T22:00:00+00:00,60.054949999999984,60.23494999999998,60.03194999999997,60.13294999999997,2437.359813084112
2026-07-09T22:30:00+00:00,60.13294999999997,60.18594999999998,60.12194999999998,60.13394999999998,1503
2026-07-09T23:00:00+00:00,60.13394999999998,60.25494999999997,60.11294999999998,60.23494999999998,1058
2026-07-09T23:30:00+00:00,60.23494999999998,60.25294999999998,60.189949999999975,60.22494999999997,1226
2026-07-10T00:00:00+00:00,60.22494999999997,60.27094999999998,59.997949999999975,60.073949999999975,9185
2026-07-10T00:30:00+00:00,60.073949999999975,60.44994999999997,59.94994999999997,60.393949999999975,9083
2026-07-10T01:00:00+00:00,60.393949999999975,60.707949999999975,60.232949999999974,60.26794999999998,28188
2026-07-10T01:30:00+00:00,60.26794999999998,60.546949999999974,59.97494999999997,60.33494999999998,19274
2026-07-10T02:00:00+00:00,60.33494999999998,60.53294999999997,60.274949999999976,60.44394999999997,11816
2026-07-10T02:30:00+00:00,60.44394999999997,60.83094999999997,60.40394999999997,60.643949999999975,10838
2026-07-10T03:00:00+00:00,60.643949999999975,60.981949999999976,60.57594999999998,60.595949999999974,11392
2026-07-10T03:30:00+00:00,60.595949999999974,60.73094999999997,60.527949999999976,60.62494999999998,7013
2026-07-10T04:00:00+00:00,60.62494999999998,60.76494999999998,60.512949999999975,60.613949999999974,5315
2026-07-10T04:30:00+00:00,60.613949999999974,60.69394999999997,60.527949999999976,60.56294999999997,4205
2026-07-10T05:00:00+00:00,60.56294999999997,60.58994999999997,60.44794999999998,60.45694999999998,5716
2026-07-10T05:30:00+00:00,60.45694999999998,60.45994999999998,60.131949999999975,60.44394999999997,13784
2026-07-10T06:00:00+00:00,60.44394999999997,60.62194999999998,60.32494999999997,60.32494999999997,15847
2026-07-10T06:30:00+00:00,60.32494999999997,60.408949999999976,60.23094999999997,60.28194999999997,11681
2026-07-10T07:00:00+00:00,60.28194999999997,60.42594999999997,60.19994999999997,60.31994999999998,7913
2026-07-10T07:30:00+00:00,60.31994999999998,60.38294999999997,60.009949999999975,60.149949999999976,7148
2026-07-10T08:00:00+00:00,60.149949999999976,60.198949999999975,59.84094999999998,59.87494999999998,8896
2026-07-10T08:30:00+00:00,59.87494999999998,60.00194999999997,59.58994999999997,59.735949999999974,8406
2026-07-10T09:00:00+00:00,59.735949999999974,59.902949999999976,59.63994999999998,59.76794999999998,7334
2026-07-10T09:30:00+00:00,59.76794999999998,59.80694999999997,59.61594999999998,59.707949999999975,5745
2026-07-10T10:00:00+00:00,59.707949999999975,59.87794999999998,59.677949999999974,59.87094999999997,6305
2026-07-10T10:30:00+00:00,59.87094999999997,59.93294999999998,59.50294999999998,59.51194999999998,5493
2026-07-10T11:00:00+00:00,59.51194999999998,59.790949999999974,59.48694999999997,59.54194999999997,6355
2026-07-10T11:30:00+00:00,59.54194999999997,59.771949999999975,59.497949999999975,59.63694999999998,7524
2026-07-10T12:00:00+00:00,59.63694999999998,60.222949999999976,59.56694999999998,59.954949999999975,14346
2026-07-10T12:30:00+00:00,59.954949999999975,59.99894999999997,59.72194999999997,59.844949999999976,11531
2026-07-10T13:00:00+00:00,59.844949999999976,60.11594999999998,59.555949999999974,59.588949999999976,17874
2026-07-10T13:30:00+00:00,59.588949999999976,60.103949999999976,59.57894999999998,59.93894999999998,32598
2026-07-10T14:00:00+00:00,59.93894999999998,60.27594999999997,59.87394999999997,60.12094999999997,22932
2026-07-10T14:30:00+00:00,60.12094999999997,60.28594999999997,59.33194999999998,59.65794999999997,36623
2026-07-10T15:00:00+00:00,59.65794999999997,60.07894999999998,59.62494999999998,60.02294999999997,20183
2026-07-10T15:30:00+00:00,60.02294999999997,60.21194999999997,59.94094999999997,60.17994999999998,12571
2026-07-10T16:00:00+00:00,60.17994999999998,60.241949999999974,59.99994999999998,60.09994999999997,11172
2026-07-10T16:30:00+00:00,60.09994999999997,60.16394999999997,59.933949999999975,59.94094999999997,8287
2026-07-10T17:00:00+00:00,59.94094999999997,60.01794999999998,59.811949999999975,59.92394999999998,12631
2026-07-10T17:30:00+00:00,59.92394999999998,59.951949999999975,59.744949999999974,59.75194999999997,9704
2026-07-10T18:00:00+00:00,59.75194999999997,59.909949999999974,59.73394999999997,59.85594999999997,9052
2026-07-10T18:30:00+00:00,59.85594999999997,59.914949999999976,59.74294999999997,59.783949999999976,8957
2026-07-10T19:00:00+00:00,59.783949999999976,59.89294999999998,59.713949999999976,59.860949999999974,4554
2026-07-10T19:30:00+00:00,59.860949999999974,59.918949999999974,59.826949999999975,59.908949999999976,5624
2026-07-10T20:00:00+00:00,59.908949999999976,60.128949999999975,59.89494999999997,59.98494999999998,2934
2026-07-10T20:30:00+00:00,59.98494999999998,60.01544999999997,59.96044999999997,59.98944999999998,669.0679752817157
2026-07-12T22:00:00+00:00,59.98944999999998,60.28744999999998,58.94544999999997,59.036449999999974,14791.998356108086
2026-07-12T22:30:00+00:00,59.036449999999974,59.163449999999976,58.794449999999976,59.039449999999974,9981
2026-07-12T23:00:00+00:00,59.039449999999974,59.081449999999975,58.91544999999998,59.07144999999998,5610
2026-07-12T23:30:00+00:00,59.07144999999998,59.26944999999998,58.96044999999997,59.24144999999998,6917
2026-07-13T00:00:00+00:00,59.24144999999998,59.68444999999998,59.15344999999998,59.30844999999997,19307
2026-07-13T00:30:00+00:00,59.30844999999997,59.35744999999998,58.974449999999976,59.103449999999974,19522
2026-07-13T01:00:00+00:00,59.103449999999974,59.283449999999974,58.85144999999998,59.06844999999998,32842
2026-07-13T01:30:00+00:00,59.06844999999998,59.50044999999997,58.731449999999974,58.79944999999998,24193
2026-07-13T02:00:00+00:00,58.79944999999998,58.83844999999997,58.62944999999998,58.62944999999998,17146
2026-07-13T02:30:00+00:00,58.62944999999998,58.91544999999998,58.56844999999998,58.69244999999997,13891
2026-07-13T03:00:00+00:00,58.69244999999997,58.722449999999974,58.31844999999998,58.51344999999998,12562
2026-07-13T03:30:00+00:00,58.51344999999998,58.52844999999998,58.34844999999998,58.481449999999974,4952
2026-07-13T04:00:00+00:00,58.481449999999974,58.48244999999998,58.301449999999974,58.45244999999998,4976
2026-07-13T04:30:00+00:00,58.45244999999998,58.57344999999997,58.36944999999997,58.538449999999976,3959
2026-07-13T05:00:00+00:00,58.538449999999976,58.83644999999998,58.39644999999997,58.41844999999998,9349
2026-07-13T05:30:00+00:00,58.41844999999998,58.700449999999975,58.22944999999998,58.35144999999998,17192
2026-07-13T06:00:00+00:00,58.35144999999998,58.52544999999998,58.01244999999997,58.33244999999997,17978
2026-07-13T06:30:00+00:00,58.33244999999997,58.599449999999976,58.22644999999998,58.267449999999975,12894
2026-07-13T07:00:00+00:00,58.267449999999975,58.666449999999976,58.15244999999997,58.54644999999998,10750
2026-07-13T07:30:00+00:00,58.54644999999998,58.82744999999998,58.483449999999976,58.801449999999974,7895
2026-07-13T08:00:00+00:00,58.801449999999974,59.291449999999976,58.801449999999974,59.166449999999976,11943
2026-07-13T08:30:00+00:00,59.166449999999976,59.273449999999976,59.09444999999997,59.167449999999974,6604
2026-07-13T09:00:00+00:00,59.167449999999974,59.18644999999997,58.90344999999998,58.92844999999998,5811
2026-07-13T09:30:00+00:00,58.92844999999998,58.993449999999974,58.74144999999998,58.761449999999975,6290
2026-07-13T10:00:00+00:00,58.761449999999975,58.962449999999976,58.67244999999998,58.70144999999997,6088
2026-07-13T10:30:00+00:00,58.70144999999997,58.81544999999998,58.578449999999975,58.71944999999997,9566
2026-07-13T11:00:00+00:00,58.71944999999997,58.93144999999998,58.62544999999997,58.916449999999976,10537
2026-07-13T11:30:00+00:00,58.916449999999976,59.06444999999997,58.801449999999974,58.843449999999976,9526
2026-07-13T12:00:00+00:00,58.843449999999976,58.89644999999997,58.58944999999998,58.61644999999998,13501
2026-07-13T12:30:00+00:00,58.61644999999998,58.99544999999998,58.53744999999998,58.977449999999976,12977
2026-07-13T13:00:00+00:00,58.977449999999976,59.02244999999998,58.57644999999997,58.87344999999998,18714
2026-07-13T13:30:00+00:00,58.87344999999998,58.92844999999998,58.343449999999976,58.48944999999998,40749
2026-07-13T14:00:00+00:00,58.48944999999998,58.56444999999997,57.83244999999997,58.30344999999998,49299
2026-07-13T14:30:00+00:00,58.30344999999998,58.43044999999998,57.96444999999998,58.42244999999998,33774
2026-07-13T15:00:00+00:00,58.42244999999998,58.474449999999976,58.24744999999997,58.39744999999998,24638
2026-07-13T15:30:00+00:00,58.39744999999998,58.600449999999974,58.20544999999998,58.291449999999976,20412
2026-07-13T16:00:00+00:00,58.291449999999976,58.472449999999974,57.90344999999998,57.99544999999998,12683
2026-07-13T16:30:00+00:00,57.99544999999998,58.03044999999997,57.70544999999998,57.914449999999974,25752
2026-07-13T17:00:00+00:00,57.914449999999974,58.07744999999998,57.856449999999974,57.92244999999998,12751
2026-07-13T17:30:00+00:00,57.92244999999998,58.045449999999974,57.57044999999997,57.621449999999975,11605
2026-07-13T18:00:00+00:00,57.621449999999975,57.85744999999998,57.57944999999997,57.794449999999976,15094
2026-07-13T18:30:00+00:00,57.794449999999976,58.139449999999975,57.74244999999998,57.904449999999976,12396
2026-07-13T19:00:00+00:00,57.904449999999976,58.048449999999974,57.71944999999997,57.75444999999998,11108
2026-07-13T19:30:00+00:00,57.75444999999998,58.154449999999976,57.700449999999975,57.99844999999998,10714
2026-07-13T20:00:00+00:00,57.99844999999998,58.08944999999998,57.810449999999975,57.913449999999976,4774
2026-07-13T20:30:00+00:00,57.913449999999976,58.00644999999997,57.83644999999998,57.94344999999998,2573
2026-07-13T22:00:00+00:00,57.94344999999998,58.456449999999975,57.94344999999998,58.40244999999997,2656.7199671996723
2026-07-13T22:30:00+00:00,58.40244999999997,58.42444999999997,58.32144999999997,58.33944999999997,2436
2026-07-13T23:00:00+00:00,58.33944999999997,58.349449999999976,58.21744999999997,58.227449999999976,1969
2026-07-13T23:30:00+00:00,58.227449999999976,58.34144999999997,58.121449999999975,58.331449999999975,5726
2026-07-14T00:00:00+00:00,58.331449999999975,58.37244999999997,57.73644999999997,57.98544999999997,27932
2026-07-14T00:30:00+00:00,57.98544999999997,58.40044999999997,57.944449999999975,58.21144999999997,18730
2026-07-14T01:00:00+00:00,58.21144999999997,58.228449999999974,57.59444999999997,57.865449999999974,33527
2026-07-14T01:30:00+00:00,57.865449999999974,58.200449999999975,57.63844999999997,58.15344999999997,20985
2026-07-14T02:00:00+00:00,58.15344999999997,58.450449999999975,58.041449999999976,58.447449999999975,14477
2026-07-14T02:30:00+00:00,58.447449999999975,58.502449999999975,58.19544999999997,58.30844999999997,12703
2026-07-14T03:00:00+00:00,58.30844999999997,58.52144999999997,58.057449999999974,58.34244999999997,10491
2026-07-14T03:30:00+00:00,58.34244999999997,58.49244999999997,58.24544999999997,58.408449999999974,8554
2026-07-14T04:00:00+00:00,58.408449999999974,58.48344999999997,58.25744999999997,58.267449999999975,5691
2026-07-14T04:30:00+00:00,58.267449999999975,58.69544999999997,58.258449999999975,58.54644999999997,5131
2026-07-14T05:00:00+00:00,58.54644999999997,58.75744999999997,58.53044999999997,58.737449999999974,6781
2026-07-14T05:30:00+00:00,58.737449999999974,59.160449999999976,58.709449999999975,58.96944999999997,14552
2026-07-14T06:00:00+00:00,58.96944999999997,59.014449999999975,58.73844999999997,58.76244999999997,11382
2026-07-14T06:30:00+00:00,58.76244999999997,59.01044999999997,58.755449999999975,58.89444999999997,10423
2026-07-14T07:00:00+00:00,58.89444999999997,59.04344999999997,58.749449999999975,58.86044999999997,11182
2026-07-14T07:30:00+00:00,58.86044999999997,58.886449999999975,58.66244999999997,58.70144999999997,9806
2026-07-14T08:00:00+00:00,58.70144999999997,58.804449999999974,58.56844999999997,58.761449999999975,10995
2026-07-14T08:30:00+00:00,58.761449999999975,58.865449999999974,58.69344999999997,58.700449999999975,8974
2026-07-14T09:00:00+00:00,58.700449999999975,58.908449999999974,58.679449999999974,58.728449999999974,7993
2026-07-14T09:30:00+00:00,58.728449999999974,58.917449999999974,58.69644999999997,58.83344999999997,7404
2026-07-14T10:00:00+00:00,58.83344999999997,58.852449999999976,58.58644999999997,58.664449999999974,6890
2026-07-14T10:30:00+00:00,58.664449999999974,58.709449999999975,58.57044999999997,58.57944999999997,7193
2026-07-14T11:00:00+00:00,58.57944999999997,58.846449999999976,58.459449999999975,58.728449999999974,10722
2026-07-14T11:30:00+00:00,58.728449999999974,58.83644999999997,58.673449999999974,58.80044999999997,9253
2026-07-14T12:00:00+00:00,58.80044999999997,58.834449999999975,58.52544999999997,58.61744999999997,11252
2026-07-14T12:30:00+00:00,58.61744999999997,60.40044999999997,58.61644999999997,59.74144999999997,52722
2026-07-14T13:00:00+00:00,59.74144999999997,60.029449999999976,59.59444999999997,59.91844999999997,32071
2026-07-14T13:30:00+00:00,59.91844999999997,60.283449999999974,59.78144999999997,59.813449999999975,39857
2026-07-14T14:00:00+00:00,59.813449999999975,60.014449999999975,59.58344999999997,59.81544999999997,44187
2026-07-14T14:30:00+00:00,59.81544999999997,60.25944999999997,59.71144999999997,60.023449999999976,36801
2026-07-14T15:00:00+00:00,60.023449999999976,60.40544999999997,59.816449999999975,59.92744999999997,30533
2026-07-14T15:30:00+00:00,59.92744999999997,59.94244999999997,59.46044999999997,59.51044999999997,22679
2026-07-14T16:00:00+00:00,59.51044999999997,59.62344999999997,59.352449999999976,59.541449999999976,18938
2026-07-14T16:30:00+00:00,59.541449999999976,59.59144999999997,59.37844999999997,59.471449999999976,9186
2026-07-14T17:00:00+00:00,59.471449999999976,59.563449999999975,59.31544999999997,59.53444999999997,9353
2026-07-14T17:30:00+00:00,59.53444999999997,59.56444999999997,59.43144999999997,59.53144999999997,5924
2026-07-14T18:00:00+00:00,59.53144999999997,59.59144999999997,59.44544999999997,59.475449999999974,5902
2026-07-14T18:30:00+00:00,59.475449999999974,59.50644999999997,59.20544999999997,59.35844999999997,11952
2026-07-14T19:00:00+00:00,59.35844999999997,59.618449999999974,59.32344999999997,59.44844999999997,6151
2026-07-14T19:30:00+00:00,59.44844999999997,59.584449999999975,59.37544999999997,59.536449999999974,7472
2026-07-14T20:00:00+00:00,59.536449999999974,59.55544999999997,59.420449999999974,59.43044999999997,2434
2026-07-14T20:30:00+00:00,59.43044999999997,59.57744999999997,59.343449999999976,59.42744999999997,1667
2026-07-14T22:00:00+00:00,59.42744999999997,59.616449999999965,59.42744999999997,59.54744999999997,2116.532786885246
2026-07-14T22:30:00+00:00,59.54744999999997,59.58344999999997,59.48344999999997,59.518449999999966,1231
2026-07-14T23:00:00+00:00,59.518449999999966,59.66044999999997,59.47844999999997,59.65844999999997,1495
2026-07-14T23:30:00+00:00,59.65844999999997,59.70644999999997,59.59944999999997,59.65344999999997,2090
2026-07-15T00:00:00+00:00,59.65344999999997,59.79244999999997,59.59544999999997,59.78444999999997,13833
2026-07-15T00:30:00+00:00,59.78444999999997,59.94644999999997,59.585449999999966,59.80144999999997,12533
2026-07-15T01:00:00+00:00,59.80144999999997,59.92844999999997,59.69644999999997,59.802449999999965,24627
2026-07-15T01:30:00+00:00,59.802449999999965,59.80344999999997,59.250449999999965,59.28244999999997,28519
2026-07-15T02:00:00+00:00,59.28244999999997,59.40044999999997,59.09944999999997,59.24044999999997,14715
2026-07-15T02:30:00+00:00,59.24044999999997,59.576449999999966,59.22344999999997,59.39744999999997,15150
2026-07-15T03:00:00+00:00,59.39744999999997,59.558449999999965,59.05344999999997,59.10244999999997,14997
2026-07-15T03:30:00+00:00,59.10244999999997,59.31944999999997,59.10144999999997,59.25444999999997,8914
2026-07-15T04:00:00+00:00,59.25444999999997,59.372449999999965,59.21744999999997,59.34044999999997,5850
2026-07-15T04:30:00+00:00,59.34044999999997,59.360449999999965,59.20244999999997,59.33944999999997,6378
2026-07-15T05:00:00+00:00,59.33944999999997,59.41944999999997,59.09244999999997,59.140449999999966,12789
2026-07-15T05:30:00+00:00,59.140449999999966,59.54044999999997,58.98344999999997,59.39544999999997,18363
2026-07-15T06:00:00+00:00,59.39544999999997,59.427449999999965,58.89844999999997,59.06044999999997,16644
2026-07-15T06:30:00+00:00,59.06044999999997,59.36544999999997,58.94344999999997,59.21144999999997,15301
2026-07-15T07:00:00+00:00,59.21144999999997,59.52044999999997,58.85444999999997,58.98444999999997,12882
2026-07-15T07:30:00+00:00,58.98444999999997,59.085449999999966,58.85444999999997,59.01344999999997,10686
2026-07-15T08:00:00+00:00,59.01344999999997,59.186449999999965,58.91444999999997,59.13244999999997,12632
2026-07-15T08:30:00+00:00,59.13244999999997,59.27244999999997,59.09544999999997,59.22844999999997,10705
2026-07-15T09:00:00+00:00,59.22844999999997,59.40944999999997,59.16444999999997,59.19044999999997,10936
2026-07-15T09:30:00+00:00,59.19044999999997,59.24844999999997,59.07844999999997,59.12944999999997,9939
2026-07-15T10:00:00+00:00,59.12944999999997,59.16244999999997,58.77244999999997,58.91544999999997,11995
2026-07-15T10:30:00+00:00,58.91544999999997,59.03144999999997,58.79144999999997,58.84644999999997,10210
2026-07-15T11:00:00+00:00,58.84644999999997,58.93444999999997,58.69344999999997,58.83144999999997,10571
2026-07-15T11:30:00+00:00,58.83144999999997,59.20044999999997,58.78444999999997,59.02244999999997,11347
2026-07-15T12:00:00+00:00,59.02244999999997,59.08944999999997,58.65944999999997,58.74844999999997,16002
2026-07-15T12:30:00+00:00,58.74844999999997,59.59544999999997,58.74644999999997,59.497449999999965,28796
2026-07-15T13:00:00+00:00,59.497449999999965,59.80644999999997,59.10844999999997,59.183449999999965,28340
2026-07-15T13:30:00+00:00,59.183449999999965,59.390449999999966,59.01344999999997,59.19644999999997,34998
2026-07-15T14:00:00+00:00,59.19644999999997,59.32244999999997,58.97644999999997,59.06344999999997,30535
2026-07-15T14:30:00+00:00,59.06344999999997,59.14444999999997,58.82844999999997,58.97744999999997,44103
2026-07-15T15:00:00+00:00,58.97744999999997,59.18744999999997,58.31044999999997,58.552449999999965,40975
2026-07-15T15:30:00+00:00,58.552449999999965,58.683449999999965,58.46544999999997,58.500449999999965,19644
2026-07-15T16:00:00+00:00,58.500449999999965,58.55344999999997,57.82244999999997,57.85344999999997,22869
2026-07-15T16:30:00+00:00,57.85344999999997,58.01344999999997,57.46744999999997,57.73944999999997,31627
2026-07-15T17:00:00+00:00,57.73944999999997,58.16644999999997,57.70944999999997,58.14244999999997,20954
2026-07-15T17:30:00+00:00,58.14244999999997,58.60844999999997,58.13244999999997,58.524449999999966,17256
2026-07-15T18:00:00+00:00,58.524449999999966,59.13644999999997,58.50744999999997,59.07844999999997,17624
2026-07-15T18:30:00+00:00,59.07844999999997,59.26144999999997,58.698449999999966,58.750449999999965,20641
2026-07-15T19:00:00+00:00,58.750449999999965,58.90644999999997,58.65444999999997,58.69144999999997,16810
2026-07-15T19:30:00+00:00,58.69144999999997,58.747449999999965,58.46244999999997,58.60244999999997,21033
2026-07-15T20:00:00+00:00,58.60244999999997,58.66544999999997,58.54144999999997,58.65344999999997,3644
2026-07-15T20:30:00+00:00,58.65344999999997,58.79544999999997,58.60844999999997,58.60944999999997,1755
2026-07-15T22:00:00+00:00,58.60944999999997,58.875449999999965,58.59244999999996,58.83044999999997,2703.081864042755
2026-07-15T22:30:00+00:00,58.83044999999997,58.83044999999997,58.710449999999966,58.765449999999966,1978
2026-07-15T23:00:00+00:00,58.765449999999966,58.83744999999997,58.74344999999997,58.802449999999965,1794.2733843797855
2026-07-15T23:30:00+00:00,58.802449999999965,58.82244999999997,58.71244999999997,58.747449999999965,2558
2026-07-16T00:00:00+00:00,58.747449999999965,58.893449999999966,58.659449999999964,58.692449999999965,10741
2026-07-16T00:30:00+00:00,58.692449999999965,58.771449999999966,58.38844999999997,58.430449999999965,11889
2026-07-16T01:00:00+00:00,58.430449999999965,58.57744999999997,57.844449999999966,57.90044999999997,27046
2026-07-16T01:30:00+00:00,57.90044999999997,58.35844999999997,57.899449999999966,58.06244999999997,18057
2026-07-16T02:00:00+00:00,58.06244999999997,58.12344999999997,57.85844999999997,58.122449999999965,11711
2026-07-16T02:30:00+00:00,58.122449999999965,58.14244999999997,57.820449999999965,58.09644999999997,15132
2026-07-16T03:00:00+00:00,58.09644999999997,58.12044999999997,57.893449999999966,58.101449999999964,10465
2026-07-16T03:30:00+00:00,58.101449999999964,58.204449999999966,58.03544999999997,58.17844999999997,4889
2026-07-16T04:00:00+00:00,58.17844999999997,58.20344999999997,58.04544999999997,58.070449999999965,5269
2026-07-16T04:30:00+00:00,58.070449999999965,58.10644999999997,57.991449999999965,58.040449999999964,4172
2026-07-16T05:00:00+00:00,58.040449999999964,58.13644999999997,57.94944999999997,57.994449999999965,6349
2026-07-16T05:30:00+00:00,57.994449999999965,58.26044999999997,57.90744999999997,58.13244999999997,18498
2026-07-16T06:00:00+00:00,58.13244999999997,58.42644999999997,58.088449999999966,58.140449999999966,16505
2026-07-16T06:30:00+00:00,58.140449999999966,58.168449999999964,57.80644999999997,58.13644999999997,14063
2026-07-16T07:00:00+00:00,58.13644999999997,58.165449999999964,57.674449999999965,57.762449999999966,10203
2026-07-16T07:30:00+00:00,57.762449999999966,57.89444999999997,57.686449999999965,57.81344999999997,9387
2026-07-16T08:00:00+00:00,57.81344999999997,57.96444999999997,57.53144999999997,57.83644999999997,12317
2026-07-16T08:30:00+00:00,57.83644999999997,58.02544999999997,57.78344999999997,58.01044999999997,7987
2026-07-16T09:00:00+00:00,58.01044999999997,58.088449999999966,57.97044999999997,58.00244999999997,5749
2026-07-16T09:30:00+00:00,58.00244999999997,58.027449999999966,57.84244999999997,57.89744999999997,6389
2026-07-16T10:00:00+00:00,57.89744999999997,57.909449999999964,57.601449999999964,57.70244999999997,6098
2026-07-16T10:30:00+00:00,57.70244999999997,57.75444999999997,57.48444999999997,57.521449999999966,7051
2026-07-16T11:00:00+00:00,57.521449999999966,57.60244999999997,57.372449999999965,57.48644999999997,10725
2026-07-16T11:30:00+00:00,57.48644999999997,57.83644999999997,57.39444999999997,57.70544999999997,15923
2026-07-16T12:00:00+00:00,57.70544999999997,57.787449999999964,57.20344999999997,57.39744999999997,18638
2026-07-16T12:30:00+00:00,57.39744999999997,57.732449999999965,56.71444999999997,56.80444999999997,31502
2026-07-16T13:00:00+00:00,56.80444999999997,57.32544999999997,56.42344999999997,57.29244999999997,28088
2026-07-16T13:30:00+00:00,57.29244999999997,57.38344999999997,56.59944999999997,56.68844999999997,33770
2026-07-16T14:00:00+00:00,56.68844999999997,57.09344999999997,56.61244999999997,57.049449999999965,33725
2026-07-16T14:30:00+00:00,57.049449999999965,57.27544999999997,56.939449999999965,57.09344999999997,25398
2026-07-16T15:00:00+00:00,57.09344999999997,57.48344999999997,56.93544999999997,57.34644999999997,23193
2026-07-16T15:30:00+00:00,57.34644999999997,57.57844999999997,57.241449999999965,57.26444999999997,25406
2026-07-16T16:00:00+00:00,57.26444999999997,57.27644999999997,56.777449999999966,56.94144999999997,26464
2026-07-16T16:30:00+00:00,56.94144999999997,57.143449999999966,56.881449999999965,57.027449999999966,13365
2026-07-16T17:00:00+00:00,57.027449999999966,57.08344999999997,56.732449999999965,56.79444999999997,14408
2026-07-16T17:30:00+00:00,56.79444999999997,56.80144999999997,56.57444999999997,56.66944999999997,12667
2026-07-16T18:00:00+00:00,56.66944999999997,56.89744999999997,56.63344999999997,56.69644999999997,12289
2026-07-16T18:30:00+00:00,56.69644999999997,56.69644999999997,56.30144999999997,56.51944999999997,12717
2026-07-16T19:00:00+00:00,56.51944999999997,56.67344999999997,56.48944999999997,56.521449999999966,10910
2026-07-16T19:30:00+00:00,56.521449999999966,56.723449999999964,56.335449999999966,56.70944999999997,13361
2026-07-16T20:00:00+00:00,56.70944999999997,56.71444999999997,56.47244999999997,56.49644999999997,4276
2026-07-16T20:30:00+00:00,56.49644999999997,56.64244999999997,56.37944999999997,56.460449999999966,3232
2026-07-16T22:00:00+00:00,56.460449999999966,56.86344999999997,56.460449999999966,56.69344999999997,2554.5260485150757
2026-07-16T22:30:00+00:00,56.69344999999997,56.70844999999997,56.59544999999997,56.69544999999997,1504
2026-07-16T23:00:00+00:00,56.69544999999997,56.73644999999997,56.63744999999997,56.69144999999997,1749
2026-07-16T23:30:00+00:00,56.69144999999997,56.74144999999997,56.54944999999997,56.72344999999997,3615
2026-07-17T00:00:00+00:00,56.72344999999997,56.80944999999997,56.58044999999997,56.60444999999997,13642
2026-07-17T00:30:00+00:00,56.60444999999997,56.93544999999997,56.50144999999997,56.90444999999997,10427
2026-07-17T01:00:00+00:00,56.90444999999997,56.92544999999997,56.56944999999997,56.68644999999997,22527
2026-07-17T01:30:00+00:00,56.68644999999997,56.70944999999997,56.19144999999997,56.36244999999997,21548
2026-07-17T02:00:00+00:00,56.36244999999997,56.46444999999997,56.21744999999997,56.35544999999997,13554
2026-07-17T02:30:00+00:00,56.35544999999997,56.36144999999997,55.91444999999997,56.07444999999997,16266
2026-07-17T03:00:00+00:00,56.07444999999997,56.91544999999997,56.07344999999997,56.777449999999966,16767
2026-07-17T03:30:00+00:00,56.777449999999966,56.81244999999997,56.52244999999997,56.54644999999997,7920
2026-07-17T04:00:00+00:00,56.54644999999997,56.57244999999997,56.40944999999997,56.43244999999997,7861
2026-07-17T04:30:00+00:00,56.43244999999997,56.45444999999997,56.24944999999997,56.35544999999997,6405
2026-07-17T05:00:00+00:00,56.35544999999997,56.37944999999997,56.13044999999997,56.14044999999997,9636
2026-07-17T05:30:00+00:00,56.14044999999997,56.71544999999997,56.07844999999997,56.61344999999997,23363
2026-07-17T06:00:00+00:00,56.61344999999997,57.15044999999997,56.59944999999997,56.98844999999997,18418
2026-07-17T06:30:00+00:00,56.98844999999997,57.05944999999997,56.646449999999966,56.66144999999997,14829
2026-07-17T07:00:00+00:00,56.66144999999997,56.73544999999997,56.52644999999997,56.63544999999997,12453
2026-07-17T07:30:00+00:00,56.63544999999997,56.75944999999997,56.57144999999997,56.582449999999966,8609
2026-07-17T08:00:00+00:00,56.582449999999966,56.81744999999997,56.40644999999997,56.52844999999997,15192
2026-07-17T08:30:00+00:00,56.52844999999997,56.72744999999997,56.35444999999997,56.61044999999997,11906
2026-07-17T09:00:00+00:00,56.61044999999997,56.87544999999997,56.60044999999997,56.79844999999997,8941
2026-07-17T09:30:00+00:00,56.79844999999997,56.81744999999997,56.61544999999997,56.71744999999997,6699
2026-07-17T10:00:00+00:00,56.71744999999997,56.71844999999997,56.530449999999966,56.61044999999997,7715
2026-07-17T10:30:00+00:00,56.61044999999997,56.73244999999997,56.41944999999997,56.42044999999997,6114
2026-07-17T11:00:00+00:00,56.42044999999997,56.62944999999997,56.40044999999997,56.59844999999997,8697
2026-07-17T11:30:00+00:00,56.59844999999997,56.71844999999997,56.49244999999997,56.57044999999997,8142
2026-07-17T12:00:00+00:00,56.57044999999997,56.60744999999997,56.32044999999997,56.46544999999997,12329
2026-07-17T12:30:00+00:00,56.46544999999997,56.53144999999997,56.13744999999997,56.22144999999997,17077
2026-07-17T13:00:00+00:00,56.22144999999997,56.44044999999997,56.06244999999997,56.10944999999997,31682
2026-07-17T13:30:00+00:00,56.10944999999997,56.95344999999997,56.01544999999997,56.94044999999997,51607
2026-07-17T14:00:00+00:00,56.94044999999997,57.13744999999997,56.79544999999997,56.98244999999997,60084
2026-07-17T14:30:00+00:00,56.98244999999997,56.99144999999997,56.67544999999997,56.84744999999997,40551
2026-07-17T15:00:00+00:00,56.84744999999997,57.16244999999997,56.78244999999997,57.09744999999997,33583
2026-07-17T15:30:00+00:00,57.09744999999997,57.48144999999997,56.99244999999997,57.23844999999997,28455
2026-07-17T16:00:00+00:00,57.23844999999997,57.24644999999997,57.030449999999966,57.19444999999997,23565
2026-07-17T16:30:00+00:00,57.19444999999997,57.24944999999997,57.05544999999997,57.15744999999997,15650
2026-07-17T17:00:00+00:00,57.15744999999997,57.34044999999997,57.15744999999997,57.21444999999997,13543
2026-07-17T17:30:00+00:00,57.21444999999997,57.22844999999997,57.03244999999997,57.08744999999997,11814
2026-07-17T18:00:00+00:00,57.08744999999997,57.34044999999997,57.03244999999997,57.32144999999997,12516
2026-07-17T18:30:00+00:00,57.32144999999997,57.34044999999997,57.08444999999997,57.27544999999997,9093
2026-07-17T19:00:00+00:00,57.27544999999997,57.28244999999997,57.01244999999997,57.06144999999997,9787
2026-07-17T19:30:00+00:00,57.06144999999997,57.34644999999997,57.05944999999997,57.30844999999997,11370
2026-07-17T20:00:00+00:00,57.30844999999997,57.341449999999966,57.03944999999997,57.082449999999966,5469
2026-07-17T20:30:00+00:00,57.082449999999966,57.08344999999997,56.98644999999997,57.00544999999997,2892
2026-07-19T22:00:00+00:00,57.00544999999997,57.10944999999997,56.63144999999997,56.636449999999975,7764.707493040959
2026-07-19T22:30:00+00:00,56.636449999999975,56.99844999999997,56.61944999999997,56.82744999999997,5115
2026-07-19T23:00:00+00:00,56.82744999999997,56.92444999999997,56.76044999999997,56.82744999999997,4010
2026-07-19T23:30:00+00:00,56.82744999999997,57.00744999999997,56.77744999999997,57.00744999999997,8683
2026-07-20T00:00:00+00:00,57.00744999999997,57.679449999999974,56.724449999999976,57.57744999999997,26295
2026-07-20T00:30:00+00:00,57.57744999999997,57.785449999999976,57.410449999999976,57.71344999999997,20990
2026-07-20T01:00:00+00:00,57.71344999999997,57.977449999999976,57.47944999999997,57.581449999999975,31414
2026-07-20T01:30:00+00:00,57.581449999999975,57.81144999999997,57.46444999999997,57.75644999999997,21914
2026-07-20T02:00:00+00:00,57.75644999999997,58.03144999999997,57.71444999999997,57.81144999999997,17384
2026-07-20T02:30:00+00:00,57.81144999999997,58.45244999999997,57.724449999999976,58.301449999999974,20162
2026-07-20T03:00:00+00:00,58.301449999999974,58.475449999999974,58.18744999999997,58.276449999999976,16897
2026-07-20T03:30:00+00:00,58.276449999999976,58.471449999999976,58.099449999999976,58.14944999999997,10520
2026-07-20T04:00:00+00:00,58.14944999999997,58.31244999999997,57.978449999999974,58.07744999999997,8500
2026-07-20T04:30:00+00:00,58.07744999999997,58.25944999999997,57.974449999999976,58.005449999999975,6803
2026-07-20T05:00:00+00:00,58.005449999999975,58.05844999999997,57.72044999999997,57.73844999999997,8536
2026-07-20T05:30:00+00:00,57.73844999999997,57.94344999999997,57.57644999999997,57.61444999999997,25878
2026-07-20T06:00:00+00:00,57.61444999999997,57.80244999999997,57.61444999999997,57.70444999999997,12593
2026-07-20T06:30:00+00:00,57.70444999999997,57.82444999999997,57.52244999999997,57.542449999999974,10906
2026-07-20T07:00:00+00:00,57.542449999999974,57.76544999999997,57.47944999999997,57.761449999999975,10685
2026-07-20T07:30:00+00:00,57.761449999999975,58.142449999999975,57.75144999999997,58.12044999999997,14367
2026-07-20T08:00:00+00:00,58.12044999999997,58.307449999999974,58.069449999999975,58.15644999999997,11225
2026-07-20T08:30:00+00:00,58.15644999999997,58.164449999999974,57.89944999999997,57.926449999999974,9299
2026-07-20T09:00:00+00:00,57.926449999999974,57.978449999999974,57.807449999999974,57.81544999999997,7473
2026-07-20T09:30:00+00:00,57.81544999999997,58.206449999999975,57.804449999999974,58.10844999999997,8029
2026-07-20T10:00:00+00:00,58.10844999999997,58.10844999999997,57.94844999999997,57.999449999999975,5562
2026-07-20T10:30:00+00:00,57.999449999999975,58.072449999999975,57.914449999999974,57.93144999999997,6435
2026-07-20T11:00:00+00:00,57.93144999999997,58.11744999999997,57.91844999999997,58.04744999999997,9957
2026-07-20T11:30:00+00:00,58.04744999999997,58.58044999999997,58.03444999999997,58.19844999999997,23747
2026-07-20T12:00:00+00:00,58.19844999999997,58.20544999999997,57.74244999999997,57.96444999999997,18241
2026-07-20T12:30:00+00:00,57.96444999999997,58.06244999999997,57.846449999999976,57.85844999999997,12719
2026-07-20T13:00:00+00:00,57.85844999999997,58.05344999999997,57.74444999999997,57.76844999999997,23051
2026-07-20T13:30:00+00:00,57.76844999999997,58.16844999999997,57.75644999999997,57.87544999999997,31093
2026-07-20T14:00:00+00:00,57.87544999999997,57.91544999999997,57.49544999999997,57.87944999999997,26232
2026-07-20T14:30:00+00:00,57.87944999999997,58.13244999999997,57.82744999999997,57.86644999999997,20055
2026-07-20T15:00:00+00:00,57.86644999999997,58.285449999999976,57.786449999999974,58.16244999999997,21301
2026-07-20T15:30:00+00:00,58.16244999999997,58.19044999999997,58.01544999999997,58.042449999999974,15633
2026-07-20T16:00:00+00:00,58.042449999999974,58.279449999999976,58.033449999999974,58.100449999999974,14615
2026-07-20T16:30:00+00:00,58.100449999999974,58.124449999999975,57.68444999999997,57.93044999999997,14170
2026-07-20T17:00:00+00:00,57.93044999999997,58.078449999999975,57.87244999999997,57.96744999999997,12558
2026-07-20T17:30:00+00:00,57.96744999999997,57.981449999999974,57.74444999999997,57.871449999999975,17635
2026-07-20T18:00:00+00:00,57.871449999999975,57.971449999999976,57.71644999999997,57.789449999999974,13143
2026-07-20T18:30:00+00:00,57.789449999999974,57.80544999999997,57.59844999999997,57.69344999999997,15224
2026-07-20T19:00:00+00:00,57.69344999999997,57.82444999999997,57.529449999999976,57.82444999999997,9809
2026-07-20T19:30:00+00:00,57.82444999999997,57.90644999999997,57.47344999999997,57.514449999999975,11826
2026-07-20T20:00:00+00:00,57.514449999999975,57.58044999999997,57.471449999999976,57.50944999999997,2179
2026-07-20T20:30:00+00:00,57.50944999999997,57.557449999999974,57.477449999999976,57.48644999999997,1394
2026-07-20T22:00:00+00:00,57.48644999999997,57.61244999999997,57.44944999999997,57.49444999999997,2430.692715162322
2026-07-20T22:30:00+00:00,57.49444999999997,57.51044999999997,57.27044999999997,57.32944999999997,4720
2026-07-20T23:00:00+00:00,57.32944999999997,57.55844999999997,57.32444999999997,57.45144999999997,3419
2026-07-20T23:30:00+00:00,57.45144999999997,57.53444999999997,57.41444999999997,57.51444999999997,2734
2026-07-21T00:00:00+00:00,57.51444999999997,57.85244999999997,57.35144999999997,57.69944999999997,27019
2026-07-21T00:30:00+00:00,57.69944999999997,58.08144999999997,57.658449999999974,58.06144999999997,19135
2026-07-21T01:00:00+00:00,58.06144999999997,58.37344999999997,57.96444999999997,58.10044999999997,31840
2026-07-21T01:30:00+00:00,58.10044999999997,58.27744999999997,58.00644999999997,58.07144999999997,23486
2026-07-21T02:00:00+00:00,58.07144999999997,58.33444999999997,57.96844999999997,58.18544999999997,19809
2026-07-21T02:30:00+00:00,58.18544999999997,58.99244999999997,58.14244999999997,58.73244999999997,25624
2026-07-21T03:00:00+00:00,58.73244999999997,59.01544999999997,58.70644999999997,58.91244999999997,17217
2026-07-21T03:30:00+00:00,58.91244999999997,59.01244999999997,58.80344999999997,58.98244999999997,10045
2026-07-21T04:00:00+00:00,58.98244999999997,59.07344999999997,58.88444999999997,58.91044999999997,8642
2026-07-21T04:30:00+00:00,58.91044999999997,59.06044999999997,58.89344999999997,59.03744999999997,7224
2026-07-21T05:00:00+00:00,59.03744999999997,59.19844999999997,58.98944999999997,59.161449999999974,9550
2026-07-21T05:30:00+00:00,59.161449999999974,59.35844999999997,59.11644999999997,59.24644999999997,18137
2026-07-21T06:00:00+00:00,59.24644999999997,59.82344999999997,59.23644999999997,59.72744999999997,18586
2026-07-21T06:30:00+00:00,59.72744999999997,60.11944999999997,59.70744999999997,60.02944999999997,16717
2026-07-21T07:00:00+00:00,60.02944999999997,60.09344999999997,59.95444999999997,60.06544999999997,12169
2026-07-21T07:30:00+00:00,60.06544999999997,60.31344999999997,60.02044999999997,60.29744999999997,10165
2026-07-21T08:00:00+00:00,60.29744999999997,60.35144999999997,60.10044999999997,60.13444999999997,10782
2026-07-21T08:30:00+00:00,60.13444999999997,60.21944999999997,60.05144999999997,60.12344999999997,7715
2026-07-21T09:00:00+00:00,60.12344999999997,60.40544999999997,60.12344999999997,60.30244999999997,9165
2026-07-21T09:30:00+00:00,60.30244999999997,60.36744999999997,60.222449999999974,60.23644999999997,8924
2026-07-21T10:00:00+00:00,60.23644999999997,60.35644999999997,60.12444999999997,60.20644999999997,12723
2026-07-21T10:30:00+00:00,60.20644999999997,60.32344999999997,60.03244999999997,60.05844999999997,8032
2026-07-21T11:00:00+00:00,60.05844999999997,60.08744999999997,59.83444999999997,59.97644999999997,10122
2026-07-21T11:30:00+00:00,59.97644999999997,60.05844999999997,59.89344999999997,59.99244999999997,8813
2026-07-21T12:00:00+00:00,59.99244999999997,60.31244999999997,59.97044999999997,60.24344999999997,14093
2026-07-21T12:30:00+00:00,60.24344999999997,60.35144999999997,60.03444999999997,60.05844999999997,15776
2026-07-21T13:00:00+00:00,60.05844999999997,60.19144999999997,59.61044999999997,59.62144999999997,28502
2026-07-21T13:30:00+00:00,59.62144999999997,59.77444999999997,59.408449999999974,59.59444999999997,37991
2026-07-21T14:00:00+00:00,59.59444999999997,60.19244999999997,59.59444999999997,60.15944999999997,32890
2026-07-21T14:30:00+00:00,60.15944999999997,60.29844999999997,59.94144999999997,60.10644999999997,29592
2026-07-21T15:00:00+00:00,60.10644999999997,60.36544999999997,59.98744999999997,60.27244999999997,22610
2026-07-21T15:30:00+00:00,60.27244999999997,60.33244999999997,60.03844999999997,60.10744999999997,16043
2026-07-21T16:00:00+00:00,60.10744999999997,60.26644999999997,60.07944999999997,60.19644999999997,5470
2026-07-21T16:30:00+00:00,60.19644999999997,60.21044999999997,59.94544999999997,59.99044999999997,8529
2026-07-21T17:00:00+00:00,59.99044999999997,60.03444999999997,59.86244999999997,60.03444999999997,9688
2026-07-21T17:30:00+00:00,60.03444999999997,60.05644999999997,59.84544999999997,59.90344999999997,5610
2026-07-21T18:00:00+00:00,59.90344999999997,60.17244999999997,59.86944999999997,60.09644999999997,13072
2026-07-21T18:30:00+00:00,60.09644999999997,60.16244999999997,59.99944999999997,60.03544999999997,6294
2026-07-21T19:00:00+00:00,60.03544999999997,60.09144999999997,59.91744999999997,59.95344999999997,7860
2026-07-21T19:30:00+00:00,59.95344999999997,59.96644999999997,59.86844999999997,59.88844999999997,7018
2026-07-21T20:00:00+00:00,59.88844999999997,59.94644999999997,59.82544999999997,59.86544999999997,2737
2026-07-21T20:30:00+00:00,59.86544999999997,60.14844999999997,59.86544999999997,59.94644999999997,3584
2026-07-21T22:00:00+00:00,59.94644999999997,60.27344999999996,59.94644999999997,60.24944999999997,2430.3377362067877
2026-07-21T22:30:00+00:00,60.24944999999997,60.280449999999966,60.11844999999997,60.143449999999966,2726
2026-07-21T23:00:00+00:00,60.143449999999966,60.219449999999966,60.10344999999997,60.20944999999996,1191
2026-07-21T23:30:00+00:00,60.20944999999996,60.24244999999996,60.16044999999996,60.232449999999965,1913
2026-07-22T00:00:00+00:00,60.232449999999965,60.607449999999965,60.14844999999996,60.40144999999996,12364
2026-07-22T00:30:00+00:00,60.40144999999996,60.720449999999964,60.31344999999997,60.582449999999966,11661
2026-07-22T01:00:00+00:00,60.582449999999966,61.336449999999964,60.54844999999997,61.13844999999996,23822
2026-07-22T01:30:00+00:00,61.13844999999996,61.34744999999997,61.09344999999996,61.333449999999964,17991
2026-07-22T02:00:00+00:00,61.333449999999964,61.37144999999997,61.110449999999965,61.235449999999965,12292
2026-07-22T02:30:00+00:00,61.235449999999965,61.44044999999996,60.89444999999996,60.979449999999964,19877
2026-07-22T03:00:00+00:00,60.979449999999964,61.35544999999996,60.95044999999996,61.31344999999997,13461
2026-07-22T03:30:00+00:00,61.31344999999997,61.32144999999996,61.10844999999996,61.16944999999996,6430
2026-07-22T04:00:00+00:00,61.16944999999996,61.19044999999996,61.049449999999965,61.09044999999996,5686
2026-07-22T04:30:00+00:00,61.09044999999996,61.09044999999996,60.94744999999996,61.05644999999996,5088
2026-07-22T05:00:00+00:00,61.05644999999996,61.13544999999996,60.87944999999996,60.88244999999996,6650
2026-07-22T05:30:00+00:00,60.88244999999996,61.165449999999964,60.82844999999996,61.04844999999997,19613
2026-07-22T06:00:00+00:00,61.04844999999997,61.17644999999997,60.62644999999996,60.686449999999965,15979
2026-07-22T06:30:00+00:00,60.686449999999965,60.80044999999996,60.58144999999996,60.649449999999966,15798
2026-07-22T07:00:00+00:00,60.649449999999966,60.82444999999996,60.53244999999996,60.79144999999996,10447
2026-07-22T07:30:00+00:00,60.79144999999996,60.881449999999965,60.45344999999996,60.509449999999966,10129
2026-07-22T08:00:00+00:00,60.509449999999966,60.81544999999996,60.509449999999966,60.81344999999997,10853
2026-07-22T08:30:00+00:00,60.81344999999997,60.909449999999964,60.75744999999996,60.869449999999965,8792
2026-07-22T09:00:00+00:00,60.869449999999965,61.09644999999996,60.85244999999996,60.872449999999965,8175
2026-07-22T09:30:00+00:00,60.872449999999965,60.91444999999997,60.720449999999964,60.750449999999965,9424
2026-07-22T10:00:00+00:00,60.750449999999965,60.89244999999996,60.69044999999996,60.817449999999965,9008
2026-07-22T10:30:00+00:00,60.817449999999965,60.84644999999996,60.686449999999965,60.717449999999964,7915
2026-07-22T11:00:00+00:00,60.717449999999964,60.808449999999965,60.659449999999964,60.711449999999964,7572
2026-07-22T11:30:00+00:00,60.711449999999964,60.76444999999996,60.48144999999997,60.72244999999997,11935
2026-07-22T12:00:00+00:00,60.72244999999997,60.92944999999997,60.662449999999964,60.82544999999996,13381
2026-07-22T12:30:00+00:00,60.82544999999996,60.896449999999966,60.27344999999996,60.427449999999965,16523
2026-07-22T13:00:00+00:00,60.427449999999965,60.957449999999966,60.397449999999964,60.878449999999965,22918
2026-07-22T13:30:00+00:00,60.878449999999965,61.933449999999965,60.878449999999965,61.87344999999996,37118
2026-07-22T14:00:00+00:00,61.87344999999996,62.30644999999996,61.50444999999996,61.53844999999996,34626
2026-07-22T14:30:00+00:00,61.53844999999996,61.88244999999996,61.479449999999964,61.60044999999997,19394
2026-07-22T15:00:00+00:00,61.60044999999997,61.80044999999996,61.57844999999996,61.692449999999965,14506
2026-07-22T15:30:00+00:00,61.692449999999965,61.76944999999996,61.524449999999966,61.62344999999996,14295
2026-07-22T16:00:00+00:00,61.62344999999996,61.656449999999964,61.421449999999965,61.497449999999965,12199
2026-07-22T16:30:00+00:00,61.497449999999965,61.55944999999996,61.262449999999966,61.415449999999964,13717
2026-07-22T17:00:00+00:00,61.415449999999964,61.43744999999996,61.201449999999966,61.29844999999997,12641
2026-07-22T17:30:00+00:00,61.29844999999997,61.525449999999964,61.13544999999996,61.35044999999997,11221
2026-07-22T18:00:00+00:00,61.35044999999997,61.38844999999996,61.207449999999966,61.25444999999996,11923
2026-07-22T18:30:00+00:00,61.25444999999996,61.332449999999966,61.152449999999966,61.26144999999996,8510
2026-07-22T19:00:00+00:00,61.26144999999996,61.28544999999996,61.134449999999966,61.26044999999996,8204
2026-07-22T19:30:00+00:00,61.26044999999996,61.41444999999997,60.92244999999996,61.02644999999996,10092
2026-07-22T20:00:00+00:00,61.02644999999996,61.302449999999965,60.969449999999966,61.253449999999965,9787
2026-07-22T20:30:00+00:00,61.253449999999965,61.272449999999964,60.99944999999997,61.12944999999996,3952
2026-07-22T22:00:00+00:00,61.12944999999996,61.34944999999996,60.969449999999966,61.110449999999965,8441.323222277475
2026-07-22T22:30:00+00:00,61.110449999999965,61.14144999999996,60.81044999999996,60.86844999999997,6790
2026-07-22T23:00:00+00:00,60.86844999999997,60.99644999999996,60.814449999999965,60.94144999999996,4332
2026-07-22T23:30:00+00:00,60.94144999999996,61.23144999999997,60.92844999999996,61.21544999999996,3814
2026-07-23T00:00:00+00:00,61.21544999999996,61.464449999999964,61.12744999999996,61.36744999999996,10329
2026-07-23T00:30:00+00:00,61.36744999999996,61.39444999999996,61.18244999999996,61.35544999999996,9046
2026-07-23T01:00:00+00:00,61.35544999999996,61.561449999999965,61.140449999999966,61.43744999999996,24308
2026-07-23T01:30:00+00:00,61.43744999999996,61.485449999999965,60.91144999999997,61.01044999999996,23807
2026-07-23T02:00:00+00:00,61.01044999999996,61.122449999999965,60.91444999999997,60.97544999999997,15615
2026-07-23T02:30:00+00:00,60.97544999999997,61.366449999999965,60.933449999999965,61.34744999999997,15934
2026-07-23T03:00:00+00:00,61.34744999999997,61.40844999999997,61.180449999999965,61.37144999999996,12006
2026-07-23T03:30:00+00:00,61.37144999999996,61.390449999999966,61.210449999999966,61.24044999999997,5439
2026-07-23T04:00:00+00:00,61.24044999999997,61.406449999999964,61.20044999999996,61.381449999999965,5235
2026-07-23T04:30:00+00:00,61.381449999999965,61.38944999999996,61.08744999999996,61.12044999999996,4932
2026-07-23T05:00:00+00:00,61.12044999999996,61.235449999999965,61.06044999999996,61.235449999999965,6742
2026-07-23T05:30:00+00:00,61.235449999999965,61.37744999999996,61.040449999999964,61.11144999999996,14514
2026-07-23T06:00:00+00:00,61.11144999999996,61.210449999999966,60.970449999999964,60.991449999999965,12570
2026-07-23T06:30:00+00:00,60.991449999999965,61.122449999999965,60.896449999999966,60.93844999999996,9377
2026-07-23T07:00:00+00:00,60.93844999999996,60.94144999999996,60.32844999999996,60.61744999999996,14323
2026-07-23T07:30:00+00:00,60.61744999999996,60.62644999999996,60.16144999999997,60.43544999999996,13654
2026-07-23T08:00:00+00:00,60.43544999999996,60.51344999999996,60.26944999999996,60.38944999999996,12823
2026-07-23T08:30:00+00:00,60.38944999999996,60.43244999999996,60.17544999999996,60.363449999999965,11198
2026-07-23T09:00:00+00:00,60.363449999999965,60.512449999999966,60.27644999999996,60.335449999999966,10884
2026-07-23T09:30:00+00:00,60.335449999999966,60.38544999999996,60.208449999999964,60.23644999999996,8390
2026-07-23T10:00:00+00:00,60.23644999999996,60.272449999999964,60.079449999999966,60.219449999999966,9796
2026-07-23T10:30:00+00:00,60.219449999999966,60.34044999999996,60.14144999999996,60.241449999999965,9072
2026-07-23T11:00:00+00:00,60.241449999999965,60.26444999999996,59.88844999999996,59.957449999999966,10273
2026-07-23T11:30:00+00:00,59.957449999999966,60.12644999999996,59.585449999999966,60.01644999999996,13922
2026-07-23T12:00:00+00:00,60.01644999999996,60.027449999999966,59.655449999999966,59.69444999999996,15681
2026-07-23T12:30:00+00:00,59.69444999999996,59.73744999999997,59.14144999999996,59.147449999999964,22151
2026-07-23T13:00:00+00:00,59.147449999999964,59.30344999999996,58.55044999999996,59.13844999999996,37803
2026-07-23T13:30:00+00:00,59.13844999999996,59.53344999999997,59.09944999999996,59.11244999999997,36729
2026-07-23T14:00:00+00:00,59.11244999999997,59.458449999999964,59.052449999999965,59.427449999999965,34697
2026-07-23T14:30:00+00:00,59.427449999999965,59.47844999999997,59.21244999999996,59.271449999999966,26576
2026-07-23T15:00:00+00:00,59.271449999999966,59.31044999999996,58.78244999999996,58.92244999999996,26516
2026-07-23T15:30:00+00:00,58.92244999999996,59.183449999999965,58.826449999999966,59.08144999999996,17767
2026-07-23T16:00:00+00:00,59.08144999999996,59.30944999999996,59.08144999999996,59.277449999999966,10399
2026-07-23T16:30:00+00:00,59.277449999999966,59.338449999999966,59.107449999999965,59.31544999999996,10537
2026-07-23T17:00:00+00:00,59.31544999999996,59.41744999999997,59.17244999999996,59.22744999999996,15529
2026-07-23T17:30:00+00:00,59.22744999999996,59.275449999999964,58.98744999999997,58.99644999999996,15893
2026-07-23T18:00:00+00:00,58.99644999999996,59.028449999999964,58.89444999999996,58.99644999999996,14232
2026-07-23T18:30:00+00:00,58.99644999999996,59.13644999999996,58.967449999999964,59.064449999999965,8128
2026-07-23T19:00:00+00:00,59.064449999999965,59.162449999999964,58.94144999999996,59.10344999999997,5972
2026-07-23T19:30:00+00:00,59.10344999999997,59.24644999999996,58.942449999999965,59.085449999999966,8410
2026-07-23T20:00:00+00:00,59.085449999999966,59.15144999999996,59.04244999999997,59.12144999999996,3740
2026-07-23T20:30:00+00:00,59.12144999999996,59.24944999999996,59.061449999999965,59.06344999999996,1648
2026-07-23T22:00:00+00:00,59.06344999999996,59.332449999999966,59.06344999999996,59.33044999999996,1524.671526090568
2026-07-23T22:30:00+00:00,59.33044999999996,59.366449999999965,59.27744999999996,59.30344999999996,1189
2026-07-23T23:00:00+00:00,59.30344999999996,59.31244999999996,59.201449999999966,59.244449999999965,1621
2026-07-23T23:30:00+00:00,59.244449999999965,59.29744999999996,59.17544999999996,59.183449999999965,2908
2026-07-24T00:00:00+00:00,59.183449999999965,59.326449999999966,59.015449999999966,59.268449999999966,9118
2026-07-24T00:30:00+00:00,59.268449999999966,59.51744999999996,59.22544999999996,59.49944999999996,5193
2026-07-24T01:00:00+00:00,59.49944999999996,59.50844999999996,59.02444999999996,59.12344999999996,20846
2026-07-24T01:30:00+00:00,59.12344999999996,59.543449999999964,59.09444999999996,59.29744999999996,15182
2026-07-24T02:00:00+00:00,59.29744999999996,59.436449999999965,59.18844999999996,59.36844999999996,10033
2026-07-24T02:30:00+00:00,59.36844999999996,59.421449999999965,58.73344999999996,58.836449999999964,16855
2026-07-24T03:00:00+00:00,58.836449999999964,59.04444999999996,58.738449999999965,58.93844999999996,11348
2026-07-24T03:30:00+00:00,58.93844999999996,59.049449999999965,58.92044999999996,58.933449999999965,5154
2026-07-24T04:00:00+00:00,58.933449999999965,59.125449999999965,58.820449999999965,59.055449999999965,3877
2026-07-24T04:30:00+00:00,59.055449999999965,59.06844999999996,58.91044999999996,58.957449999999966,3139
2026-07-24T05:00:00+00:00,58.957449999999966,59.211449999999964,58.90244999999996,59.098449999999964,6630
2026-07-24T05:30:00+00:00,59.098449999999964,59.25144999999996,58.939449999999965,58.98044999999996,14880
2026-07-24T06:00:00+00:00,58.98044999999996,59.38844999999996,58.92644999999996,59.31544999999996,13058
2026-07-24T06:30:00+00:00,59.31544999999996,59.454449999999966,59.21944999999996,59.369449999999965,11821
2026-07-24T07:00:00+00:00,59.369449999999965,59.95944999999996,59.34144999999996,59.90844999999996,15203
2026-07-24T07:30:00+00:00,59.90844999999996,60.067449999999965,59.759449999999966,59.832449999999966,8725
2026-07-24T08:00:00+00:00,59.832449999999966,59.92944999999996,59.69744999999996,59.92344999999996,9395
2026-07-24T08:30:00+00:00,59.92344999999996,59.97844999999996,59.81544999999996,59.94144999999996,7575
2026-07-24T09:00:00+00:00,59.94144999999996,60.119449999999965,59.936449999999965,59.96244999999996,7404
2026-07-24T09:30:00+00:00,59.96244999999996,60.08144999999996,59.90844999999996,60.073449999999966,6027
2026-07-24T10:00:00+00:00,60.073449999999966,60.32244999999996,60.03644999999996,60.207449999999966,6081
2026-07-24T10:30:00+00:00,60.207449999999966,60.265449999999966,60.022449999999964,60.03544999999996,4629
2026-07-24T11:00:00+00:00,60.03544999999996,60.11544999999996,59.976449999999964,60.028449999999964,6109
2026-07-24T11:30:00+00:00,60.028449999999964,60.198449999999966,59.87344999999996,60.098449999999964,7921
2026-07-24T12:00:00+00:00,60.098449999999964,60.281449999999964,59.94744999999996,60.23744999999996,11746
2026-07-24T12:30:00+00:00,60.23744999999996,60.26644999999996,59.90844999999996,60.06044999999996,11447
2026-07-24T13:00:00+00:00,60.06044999999996,60.15444999999996,59.49644999999996,59.537449999999964,18492
2026-07-24T13:30:00+00:00,59.537449999999964,60.03044999999996,59.491449999999965,60.006449999999965,34477
2026-07-24T14:00:00+00:00,60.006449999999965,60.22744999999996,59.80944999999996,60.14444999999996,28914
2026-07-24T14:30:00+00:00,60.14444999999996,60.33144999999996,60.040449999999964,60.15144999999996,22653
2026-07-24T15:00:00+00:00,60.15144999999996,60.63044999999996,60.015449999999966,60.48144999999996,35820
2026-07-24T15:30:00+00:00,60.48144999999996,60.625449999999965,60.363449999999965,60.54444999999996,19001
2026-07-24T16:00:00+00:00,60.54444999999996,60.57244999999996,60.406449999999964,60.406449999999964,14218
2026-07-24T16:30:00+00:00,60.406449999999964,60.424449999999965,60.201449999999966,60.275449999999964,18457
2026-07-24T17:00:00+00:00,60.275449999999964,60.33844999999996,60.12144999999996,60.32744999999996,14994
2026-07-24T17:30:00+00:00,60.32744999999996,60.40744999999996,60.17844999999996,60.18744999999996,6960
2026-07-24T18:00:00+00:00,60.18744999999996,60.235449999999965,59.973449999999964,59.982449999999965,7714
2026-07-24T18:30:00+00:00,59.982449999999965,60.04744999999996,59.842449999999964,59.94444999999996,10728
2026-07-24T19:00:00+00:00,59.94444999999996,59.97444999999996,59.71844999999996,59.78244999999996,9244
2026-07-24T19:30:00+00:00,59.78244999999996,59.951449999999966,59.771449999999966,59.845449999999964,9818
2026-07-24T20:00:00+00:00,59.845449999999964,59.86544999999996,59.744449999999965,59.823449999999966,1686
2026-07-24T20:30:00+00:00,59.823449999999966,59.915449999999964,59.76344999999996,59.90844999999996,887
2026-07-26T22:00:00+00:00,59.90844999999996,61.42644999999997,59.58644999999997,61.27044999999997,6931.807511375029
2026-07-26T22:30:00+00:00,61.27044999999997,61.594449999999966,61.19044999999996,61.29244999999997,3537
2026-07-26T23:00:00+00:00,61.29244999999997,61.34544999999997,60.92044999999997,60.93744999999997,2873
2026-07-26T23:30:00+00:00,60.93744999999997,61.36044999999997,60.930449999999965,61.26344999999997,9451
2026-07-27T00:00:00+00:00,61.26344999999997,61.695449999999965,61.21144999999997,61.274449999999966,27116
2026-07-27T00:30:00+00:00,61.274449999999966,61.48244999999997,61.131449999999965,61.207449999999966,10797
2026-07-27T01:00:00+00:00,61.207449999999966,61.41344999999997,61.11844999999997,61.18444999999997,35250
2026-07-27T01:30:00+00:00,61.18444999999997,61.42544999999997,61.09744999999997,61.41744999999997,20451
2026-07-27T02:00:00+00:00,61.41744999999997,61.439449999999965,61.192449999999965,61.22144999999997,13208
2026-07-27T02:30:00+00:00,61.22144999999997,61.23944999999997,60.94644999999997,60.948449999999966,12500
2026-07-27T03:00:00+00:00,60.948449999999966,61.17244999999997,60.893449999999966,60.90444999999997,10181
2026-07-27T03:30:00+00:00,60.90444999999997,61.04444999999997,60.896449999999966,60.92344999999997,5743
2026-07-27T04:00:00+00:00,60.92344999999997,60.96544999999997,60.750449999999965,60.811449999999965,5973
2026-07-27T04:30:00+00:00,60.811449999999965,60.939449999999965,60.811449999999965,60.91444999999997,3809
2026-07-27T05:00:00+00:00,60.91444999999997,61.03344999999997,60.84944999999997,60.85844999999997,6022
2026-07-27T05:30:00+00:00,60.85844999999997,61.05344999999997,60.75844999999997,61.04044999999997,11811
2026-07-27T06:00:00+00:00,61.04044999999997,61.155449999999966,60.96844999999997,61.14244999999997,10408
2026-07-27T06:30:00+00:00,61.14244999999997,61.19344999999997,60.991449999999965,61.04844999999997,7357
2026-07-27T07:00:00+00:00,61.04844999999997,61.42244999999997,61.04844999999997,61.314449999999965,8772
2026-07-27T07:30:00+00:00,61.314449999999965,61.31844999999997,60.79244999999997,60.80444999999997,9051
2026-07-27T08:00:00+00:00,60.80444999999997,60.96144999999997,60.695449999999965,60.83744999999997,11154
2026-07-27T08:30:00+00:00,60.83744999999997,61.070449999999965,60.75244999999997,61.003449999999965,7423
2026-07-27T09:00:00+00:00,61.003449999999965,61.067449999999965,60.835449999999966,60.84644999999997,6082
2026-07-27T09:30:00+00:00,60.84644999999997,61.018449999999966,60.77944999999997,60.89244999999997,6102
2026-07-27T10:00:00+00:00,60.89244999999997,60.91244999999997,60.64844999999997,60.77244999999997,6494
2026-07-27T10:30:00+00:00,60.77244999999997,61.021449999999966,60.76044999999997,60.86444999999997,5544
2026-07-27T11:00:00+00:00,60.86444999999997,60.98844999999997,60.65044999999997,60.75744999999997,6799
2026-07-27T11:30:00+00:00,60.75744999999997,60.994449999999965,60.622449999999965,60.67144999999997,8848
2026-07-27T12:00:00+00:00,60.67144999999997,60.77244999999997,60.311449999999965,60.451449999999966,13959
2026-07-27T12:30:00+00:00,60.451449999999966,60.652449999999966,60.38244999999997,60.53744999999997,12122
2026-07-27T13:00:00+00:00,60.53744999999997,60.695449999999965,60.26144999999997,60.27044999999997,19202
2026-07-27T13:30:00+00:00,60.27044999999997,60.60844999999997,60.055449999999965,60.16344999999997,31066
2026-07-27T14:00:00+00:00,60.16344999999997,60.34044999999997,59.93744999999997,60.009449999999966,32444
2026-07-27T14:30:00+00:00,60.009449999999966,60.33444999999997,59.90944999999997,60.29744999999997,34371
2026-07-27T15:00:00+00:00,60.29744999999997,60.34944999999997,60.146449999999966,60.25744999999997,19524
2026-07-27T15:30:00+00:00,60.25744999999997,60.28344999999997,60.12444999999997,60.247449999999965,13980
2026-07-27T16:00:00+00:00,60.247449999999965,60.52344999999997,60.20544999999997,60.46444999999997,14652
2026-07-27T16:30:00+00:00,60.46444999999997,60.61144999999997,60.21444999999997,60.274449999999966,13682
2026-07-27T17:00:00+00:00,60.274449999999966,60.28244999999997,60.00144999999997,60.03244999999997,13679
2026-07-27T17:30:00+00:00,60.03244999999997,60.13844999999997,60.01744999999997,60.119449999999965,9738
2026-07-27T18:00:00+00:00,60.119449999999965,60.14544999999997,59.85644999999997,59.963449999999966,10530
2026-07-27T18:30:00+00:00,59.963449999999966,60.012449999999966,59.78144999999997,59.991449999999965,9715
2026-07-27T19:00:00+00:00,59.991449999999965,60.277449999999966,59.92544999999997,60.23044999999997,5952
2026-07-27T19:30:00+00:00,60.23044999999997,60.274449999999966,60.15844999999997,60.17444999999997,8343
2026-07-27T20:00:00+00:00,60.17444999999997,60.18144999999997,60.01144999999997,60.021449999999966,2574
2026-07-27T20:30:00+00:00,60.021449999999966,60.216449999999966,59.98644999999997,59.98744999999997,2166
2026-07-27T22:00:00+00:00,59.98744999999997,60.380449999999975,59.98744999999997,60.194449999999975,2820.2847682119204
2026-07-27T22:30:00+00:00,60.194449999999975,60.23644999999997,60.17444999999997,60.191449999999975,1712
2026-07-27T23:00:00+00:00,60.191449999999975,60.27344999999997,60.121449999999975,60.27044999999997,2304
2026-07-27T23:30:00+00:00,60.27044999999997,60.27044999999997,60.12844999999997,60.19044999999997,4678
2026-07-28T00:00:00+00:00,60.19044999999997,60.243449999999974,59.83644999999997,59.932449999999974,17628
2026-07-28T00:30:00+00:00,59.932449999999974,60.00844999999997,59.54044999999997,59.57044999999997,15428
2026-07-28T01:00:00+00:00,59.57044999999997,59.609449999999974,58.91944999999997,59.01344999999997,25965
2026-07-28T01:30:00+00:00,59.01344999999997,59.23944999999997,58.90144999999997,59.05044999999997,23746
2026-07-28T02:00:00+00:00,59.05044999999997,59.246449999999975,58.990449999999974,59.08244999999997,12731
2026-07-28T02:30:00+00:00,59.08244999999997,59.19644999999997,58.91944999999997,59.066449999999975,14626
2026-07-28T03:00:00+00:00,59.066449999999975,59.23844999999997,58.90744999999997,59.13844999999997,12105
2026-07-28T03:30:00+00:00,59.13844999999997,59.46144999999997,59.11944999999997,59.19544999999997,7549
2026-07-28T04:00:00+00:00,59.19544999999997,59.21944999999997,59.02644999999997,59.05644999999997,5047
2026-07-28T04:30:00+00:00,59.05644999999997,59.21744999999997,58.97444999999997,59.00144999999997,3939
2026-07-28T05:00:00+00:00,59.00144999999997,59.03544999999997,58.73844999999997,58.86444999999997,6862
2026-07-28T05:30:00+00:00,58.86444999999997,58.99544999999997,58.53044999999997,58.920449999999974,17486
2026-07-28T06:00:00+00:00,58.920449999999974,59.25444999999997,58.908449999999974,59.21544999999997,14369
2026-07-28T06:30:00+00:00,59.21544999999997,59.39444999999997,59.14644999999997,59.24144999999997,11604
2026-07-28T07:00:00+00:00,59.24144999999997,59.40344999999997,59.14644999999997,59.29044999999997,8801
2026-07-28T07:30:00+00:00,59.29044999999997,59.371449999999975,59.18344999999997,59.286449999999974,7677
2026-07-28T08:00:00+00:00,59.286449999999974,59.50944999999997,59.17744999999997,59.48844999999997,13572
2026-07-28T08:30:00+00:00,59.48844999999997,59.49144999999997,59.25744999999997,59.38644999999997,11736
2026-07-28T09:00:00+00:00,59.38644999999997,59.43644999999997,59.313449999999975,59.33044999999997,6759
2026-07-28T09:30:00+00:00,59.33044999999997,59.33244999999997,58.96944999999997,59.01144999999997,10997
2026-07-28T10:00:00+00:00,59.01144999999997,59.21544999999997,58.83544999999997,58.944449999999975,10828
2026-07-28T10:30:00+00:00,58.944449999999975,59.11944999999997,58.91344999999997,58.99444999999997,10432
2026-07-28T11:00:00+00:00,58.99444999999997,59.20044999999997,58.926449999999974,59.08344999999997,13519
2026-07-28T11:30:00+00:00,59.08344999999997,59.246449999999975,59.054449999999974,59.18044999999997,11160
2026-07-28T12:00:00+00:00,59.18044999999997,59.28144999999997,59.08344999999997,59.15144999999997,10851
2026-07-28T12:30:00+00:00,59.15144999999997,59.34344999999997,59.03444999999997,59.13244999999997,12226
2026-07-28T13:00:00+00:00,59.13244999999997,59.25044999999997,58.89144999999997,58.91544999999997,15612
2026-07-28T13:30:00+00:00,58.91544999999997,59.12544999999997,58.52644999999997,58.66344999999997,31635
2026-07-28T14:00:00+00:00,58.66344999999997,59.10744999999997,58.45544999999997,58.80644999999997,34018
2026-07-28T14:30:00+00:00,58.80644999999997,58.98644999999997,58.68044999999997,58.82244999999997,22178
2026-07-28T15:00:00+00:00,58.82244999999997,59.231449999999974,58.73844999999997,59.02044999999997,29411
2026-07-28T15:30:00+00:00,59.02044999999997,59.26344999999997,58.98044999999997,59.25644999999997,16333
2026-07-28T16:00:00+00:00,59.25644999999997,59.36944999999997,59.20944999999997,59.24744999999997,12629
2026-07-28T16:30:00+00:00,59.24744999999997,59.29944999999997,59.08144999999997,59.13944999999997,12376
2026-07-28T17:00:00+00:00,59.13944999999997,59.286449999999974,59.05644999999997,59.16244999999997,13384
2026-07-28T17:30:00+00:00,59.16244999999997,59.18044999999997,58.83344999999997,58.91944999999997,14044
2026-07-28T18:00:00+00:00,58.91944999999997,59.01344999999997,58.88944999999997,58.941449999999975,12741
2026-07-28T18:30:00+00:00,58.941449999999975,58.981449999999974,58.87344999999997,58.935449999999975,7957
2026-07-28T19:00:00+00:00,58.935449999999975,59.07744999999997,58.91944999999997,59.03444999999997,6145
2026-07-28T19:30:00+00:00,59.03444999999997,59.11344999999997,58.98344999999997,59.00444999999997,8483
2026-07-28T20:00:00+00:00,59.00444999999997,59.103449999999974,58.88744999999997,58.972449999999974,3812
2026-07-28T20:30:00+00:00,58.972449999999974,59.09344999999997,58.88344999999997,58.941449999999975,2378
2026-07-28T22:00:00+00:00,58.941449999999975,59.11044999999997,58.93944999999997,59.00944999999997,2557.6247191011234
2026-07-28T22:30:00+00:00,59.00944999999997,59.00944999999997,58.79944999999997,58.83944999999997,3668
2026-07-28T23:00:00+00:00,58.83944999999997,58.94844999999997,58.80044999999997,58.91844999999997,3773
2026-07-28T23:30:00+00:00,58.91844999999997,59.17144999999997,58.89844999999997,59.17144999999997,4062
2026-07-29T00:00:00+00:00,59.17144999999997,59.286449999999974,59.02244999999997,59.12944999999997,12126
2026-07-29T00:30:00+00:00,59.12944999999997,59.24544999999997,59.063449999999975,59.08044999999997,8699
2026-07-29T01:00:00+00:00,59.08044999999997,59.23844999999997,58.87844999999997,59.20144999999997,23627
2026-07-29T01:30:00+00:00,59.20144999999997,59.57744999999997,59.08144999999997,59.43344999999997,22547
2026-07-29T02:00:00+00:00,59.43344999999997,59.78244999999997,59.31744999999997,59.65644999999997,17384
2026-07-29T02:30:00+00:00,59.65644999999997,59.93944999999997,59.59344999999997,59.59544999999997,13185
2026-07-29T03:00:00+00:00,59.59544999999997,59.67444999999997,59.38344999999997,59.417449999999974,11326
2026-07-29T03:30:00+00:00,59.417449999999974,59.45144999999997,59.29144999999997,59.32544999999997,5575
2026-07-29T04:00:00+00:00,59.32544999999997,59.38844999999997,59.26144999999997,59.31144999999997,6277
2026-07-29T04:30:00+00:00,59.31144999999997,59.45144999999997,59.30544999999997,59.42244999999997,7536
2026-07-29T05:00:00+00:00,59.42244999999997,59.71244999999997,59.411449999999974,59.70944999999997,8295
2026-07-29T05:30:00+00:00,59.70944999999997,59.98944999999997,59.64744999999997,59.70044999999997,13745
2026-07-29T06:00:00+00:00,59.70044999999997,59.932449999999974,59.70044999999997,59.84944999999997,10115
2026-07-29T06:30:00+00:00,59.84944999999997,60.19044999999997,59.84944999999997,60.06544999999997,9460
2026-07-29T07:00:00+00:00,60.06544999999997,60.17444999999997,60.02344999999997,60.15344999999997,6783
2026-07-29T07:30:00+00:00,60.15344999999997,60.176449999999974,60.00244999999997,60.03544999999997,5258
2026-07-29T08:00:00+00:00,60.03544999999997,60.045449999999974,59.67744999999997,59.746449999999975,7951
2026-07-29T08:30:00+00:00,59.746449999999975,59.89044999999997,59.70044999999997,59.81744999999997,6977
2026-07-29T09:00:00+00:00,59.81744999999997,59.85844999999997,59.77044999999997,59.78144999999997,6177
2026-07-29T09:30:00+00:00,59.78144999999997,59.82744999999997,59.66044999999997,59.68144999999997,7636
2026-07-29T10:00:00+00:00,59.68144999999997,59.70244999999996,59.47244999999997,59.518449999999966,9290
2026-07-29T10:30:00+00:00,59.518449999999966,59.55644999999997,59.31644999999997,59.35844999999997,6207
2026-07-29T11:00:00+00:00,59.35844999999997,59.63944999999997,59.31244999999997,59.63344999999997,5801
2026-07-29T11:30:00+00:00,59.63344999999997,59.69944999999996,59.55444999999997,59.604449999999964,5821
2026-07-29T12:00:00+00:00,59.604449999999964,59.650449999999964,58.88044999999997,58.903449999999964,15785
2026-07-29T12:30:00+00:00,58.903449999999964,59.274449999999966,58.79544999999997,59.22544999999997,15614
2026-07-29T13:00:00+00:00,59.22544999999997,59.43744999999997,59.021449999999966,59.16644999999997,20253
2026-07-29T13:30:00+00:00,59.16644999999997,59.216449999999966,58.781449999999964,58.91344999999997,31076
2026-07-29T14:00:00+00:00,58.91344999999997,59.18444999999997,58.78844999999997,59.00844999999997,33087
2026-07-29T14:30:00+00:00,59.00844999999997,59.08444999999997,58.69644999999997,58.939449999999965,23519
2026-07-29T15:00:00+00:00,58.939449999999965,59.022449999999964,58.79744999999997,58.969449999999966,19800
2026-07-29T15:30:00+00:00,58.969449999999966,59.04144999999997,58.848449999999964,58.933449999999965,22069
2026-07-29T16:00:00+00:00,58.933449999999965,59.043449999999964,58.747449999999965,59.01044999999996,14692
2026-07-29T16:30:00+00:00,59.01044999999996,59.94344999999997,58.954449999999966,59.640449999999966,16019
2026-07-29T17:00:00+00:00,59.640449999999966,60.05644999999997,59.63844999999996,59.66644999999997,23335
2026-07-29T17:30:00+00:00,59.66644999999997,59.91044999999997,59.58444999999997,59.84044999999997,18883
2026-07-29T18:00:00+00:00,59.84044999999997,60.85344999999997,59.80444999999997,60.09944999999997,47337
2026-07-29T18:30:00+00:00,60.09944999999997,61.06044999999997,59.826449999999966,60.99544999999997,55971
2026-07-29T19:00:00+00:00,60.99544999999997,61.204449999999966,60.26344999999996,60.35944999999997,44416
2026-07-29T19:30:00+00:00,60.35944999999997,60.43444999999997,59.17944999999997,59.208449999999964,38058
2026-07-29T20:00:00+00:00,59.208449999999964,59.36844999999997,59.009449999999966,59.25744999999997,16969
2026-07-29T20:30:00+00:00,59.25744999999997,59.72744999999997,59.17544999999997,59.567449999999965,7143
2026-07-29T22:00:00+00:00,59.567449999999965,60.46744999999997,59.45844999999997,60.323449999999966,5518.1874587043385
2026-07-29T22:30:00+00:00,60.323449999999966,60.543449999999964,60.25744999999997,60.512449999999966,5270
2026-07-29T23:00:00+00:00,60.512449999999966,60.73044999999997,60.48744999999997,60.53544999999997,6947
2026-07-29T23:30:00+00:00,60.53544999999997,60.619449999999965,60.41344999999997,60.41744999999997,11576
2026-07-30T00:00:00+00:00,60.41744999999997,60.48944999999997,60.10644999999997,60.198449999999966,17715
2026-07-30T00:30:00+00:00,60.198449999999966,60.247449999999965,59.94044999999997,60.15144999999997,12661
2026-07-30T01:00:00+00:00,60.15144999999997,60.86844999999997,60.10644999999997,60.74944999999997,22103
2026-07-30T01:30:00+00:00,60.74944999999997,60.87344999999997,60.60044999999997,60.60044999999997,13736
2026-07-30T02:00:00+00:00,60.60044999999997,60.76144999999997,60.38344999999997,60.44944999999997,10897
2026-07-30T02:30:00+00:00,60.44944999999997,60.463449999999966,59.92544999999997,59.95344999999997,16432
2026-07-30T03:00:00+00:00,59.95344999999997,60.15444999999997,59.64544999999997,59.64544999999997,14140
2026-07-30T03:30:00+00:00,59.64544999999997,59.83344999999997,59.56244999999997,59.771449999999966,9518
2026-07-30T04:00:00+00:00,59.771449999999966,59.79544999999997,59.56044999999997,59.680449999999965,6403
2026-07-30T04:30:00+00:00,59.680449999999965,59.692449999999965,59.33444999999997,59.41944999999997,7368
2026-07-30T05:00:00+00:00,59.41944999999997,59.549449999999965,59.21444999999997,59.54244999999997,8629
2026-07-30T05:30:00+00:00,59.54244999999997,59.73644999999997,59.17644999999997,59.30444999999997,18563
2026-07-30T06:00:00+00:00,59.30444999999997,59.53844999999997,59.27644999999997,59.38344999999997,13802
2026-07-30T06:30:00+00:00,59.38344999999997,59.570449999999965,59.32744999999997,59.427449999999965,9407
2026-07-30T07:00:00+00:00,59.427449999999965,59.80944999999997,59.38844999999997,59.55144999999997,14801
2026-07-30T07:30:00+00:00,59.55144999999997,59.55944999999997,59.17544999999997,59.20544999999997,10735
2026-07-30T08:00:00+00:00,59.20544999999997,60.04444999999997,59.15744999999997,59.98344999999997,14389
2026-07-30T08:30:00+00:00,59.98344999999997,60.11544999999997,59.771449999999966,59.87644999999996,12374
2026-07-30T09:00:00+00:00,59.87644999999996,60.156449999999964,59.875449999999965,60.02344999999996,10581
2026-07-30T09:30:00+00:00,60.02344999999996,60.23944999999996,59.95344999999996,60.000449999999965,9147
2026-07-30T10:00:00+00:00,60.000449999999965,60.412449999999964,59.98144999999997,60.35844999999996,12662
2026-07-30T10:30:00+00:00,60.35844999999996,60.53244999999996,60.311449999999965,60.311449999999965,11953
2026-07-30T11:00:00+00:00,60.311449999999965,60.43544999999997,60.23444999999997,60.31544999999996,9537
2026-07-30T11:30:00+00:00,60.31544999999996,60.40444999999996,60.26144999999996,60.366449999999965,9117
2026-07-30T12:00:00+00:00,60.366449999999965,60.585449999999966,60.25444999999996,60.36844999999997,11542
2026-07-30T12:30:00+00:00,60.36844999999997,60.53844999999996,60.13344999999996,60.24544999999996,19369
2026-07-30T13:00:00+00:00,60.24544999999996,60.36744999999996,60.067449999999965,60.219449999999966,22489
2026-07-30T13:30:00+00:00,60.219449999999966,60.79844999999997,60.03844999999996,60.76944999999996,41346
2026-07-30T14:00:00+00:00,60.76944999999996,60.878449999999965,60.171449999999965,60.378449999999965,42096
2026-07-30T14:30:00+00:00,60.378449999999965,60.71544999999996,60.339449999999964,60.586449999999964,25525
2026-07-30T15:00:00+00:00,60.586449999999964,60.78944999999997,60.31044999999997,60.643449999999966,23490
2026-07-30T15:30:00+00:00,60.643449999999966,60.91044999999996,60.57544999999996,60.86144999999996,16271
2026-07-30T16:00:00+00:00,60.86144999999996,61.211449999999964,60.85244999999996,61.10344999999997,12414
2026-07-30T16:30:00+00:00,61.10344999999997,61.122449999999965,60.82244999999996,60.97144999999996,11897
2026-07-30T17:00:00+00:00,60.97144999999996,61.06844999999996,60.78944999999997,60.94044999999996,11341
2026-07-30T17:30:00+00:00,60.94044999999996,61.12644999999996,60.903449999999964,61.01344999999996,11972
2026-07-30T18:00:00+00:00,61.01344999999996,61.17944999999997,61.01344999999996,61.128449999999965,8567
2026-07-30T18:30:00+00:00,61.128449999999965,61.241449999999965,61.070449999999965,61.10044999999997,7948
2026-07-30T19:00:00+00:00,61.10044999999997,61.50544999999997,61.083449999999964,61.43544999999997,8755
2026-07-30T19:30:00+00:00,61.43544999999997,61.50544999999997,61.35644999999997,61.45044999999996,4601
2026-07-30T20:00:00+00:00,61.45044999999996,61.561449999999965,61.42044999999997,61.42844999999996,6522
2026-07-30T20:30:00+00:00,61.42844999999996,61.44644999999996,61.152449999999966,61.25544999999997,5543
2026-07-30T22:00:00+00:00,61.25544999999997,61.44944999999996,61.25544999999997,61.409449999999964,2934.725316597557
2026-07-30T22:30:00+00:00,61.409449999999964,61.45044999999996,61.37944999999996,61.40844999999997,1695
2026-07-30T23:00:00+00:00,61.40844999999997,61.47744999999996,61.32144999999996,61.381449999999965,1849
2026-07-30T23:30:00+00:00,61.381449999999965,61.51644999999996,61.363449999999965,61.421449999999965,2411
2026-07-31T00:00:00+00:00,61.421449999999965,61.509449999999966,61.320449999999965,61.326449999999966,6529
2026-07-31T00:30:00+00:00,61.326449999999966,61.378449999999965,61.140449999999966,61.217449999999964,4590
2026-07-31T01:00:00+00:00,61.217449999999964,61.49044999999996,61.043449999999964,61.12144999999996,11351
2026-07-31T01:30:00+00:00,61.12144999999996,61.131449999999965,60.97444999999996,61.03644999999997,8389
2026-07-31T02:00:00+00:00,61.03644999999997,61.19744999999996,60.94644999999996,60.966449999999966,5657
2026-07-31T02:30:00+00:00,60.966449999999966,61.07244999999996,60.78944999999996,60.85244999999996,6003
2026-07-31T03:00:00+00:00,60.85244999999996,60.85944999999996,60.655449999999966,60.747449999999965,5073
2026-07-31T03:30:00+00:00,60.747449999999965,60.814449999999965,60.708449999999964,60.71244999999996,3067
2026-07-31T04:00:00+00:00,60.71244999999996,60.875449999999965,60.692449999999965,60.87444999999996,2343
2026-07-31T04:30:00+00:00,60.87444999999996,60.99644999999996,60.854449999999964,60.99644999999996,1783
2026-07-31T05:00:00+00:00,60.99644999999996,61.125449999999965,60.92844999999996,60.970449999999964,3580
2026-07-31T05:30:00+00:00,60.970449999999964,60.98144999999996,60.59644999999996,60.69344999999996,9235
2026-07-31T06:00:00+00:00,60.69344999999996,60.92244999999996,60.62444999999996,60.905449999999966,9293
2026-07-31T06:30:00+00:00,60.905449999999966,60.905449999999966,60.576449999999966,60.60844999999996,8919
2026-07-31T07:00:00+00:00,60.60844999999996,60.60944999999996,60.38644999999996,60.51344999999996,7828
2026-07-31T07:30:00+00:00,60.51344999999996,60.73644999999996,60.47444999999996,60.57444999999996,7597
2026-07-31T08:00:00+00:00,60.57444999999996,60.62644999999996,60.396449999999966,60.39844999999996,8689
2026-07-31T08:30:00+00:00,60.39844999999996,60.540449999999964,60.35344999999996,60.485449999999965,8164
2026-07-31T09:00:00+00:00,60.485449999999965,60.60344999999996,60.314449999999965,60.35044999999997,8946
2026-07-31T09:30:00+00:00,60.35044999999997,60.39844999999996,60.226449999999964,60.30644999999996,5444
2026-07-31T10:00:00+00:00,60.30644999999996,60.40444999999996,60.25844999999996,60.299449999999965,4691
2026-07-31T10:30:00+00:00,60.299449999999965,60.40444999999996,60.19444999999996,60.210449999999966,5255
2026-07-31T11:00:00+00:00,60.210449999999966,60.39444999999996,60.079449999999966,60.30444999999996,8421
2026-07-31T11:30:00+00:00,60.30444999999996,60.305449999999965,59.991449999999965,60.174449999999965,7561
2026-07-31T12:00:00+00:00,60.174449999999965,60.253449999999965,59.96844999999996,59.976449999999964,7955
2026-07-31T12:30:00+00:00,59.976449999999964,60.131449999999965,59.86844999999996,59.98044999999996,11161
2026-07-31T13:00:00+00:00,59.98044999999996,60.03244999999996,59.54444999999996,59.851449999999964,21578
2026-07-31T13:30:00+00:00,59.851449999999964,59.88344999999996,59.42844999999996,59.55444999999996,34519
2026-07-31T14:00:00+00:00,59.55444999999996,59.76144999999996,59.37644999999996,59.70044999999996,26044
2026-07-31T14:30:00+00:00,59.70044999999996,60.04844999999996,59.66444999999996,59.857449999999965,20140
2026-07-31T15:00:00+00:00,59.857449999999965,60.034449999999964,59.67344999999996,59.704449999999966,21402
2026-07-31T15:30:00+00:00,59.704449999999966,59.87144999999996,59.598449999999964,59.82544999999996,17568
2026-07-31T16:00:00+00:00,59.82544999999996,59.88644999999996,59.692449999999965,59.86144999999996,13360
2026-07-31T16:30:00+00:00,59.86144999999996,59.98144999999996,59.774449999999966,59.81644999999996,10887
2026-07-31T17:00:00+00:00,59.81644999999996,60.16444999999996,59.74544999999996,60.10644999999996,11794
2026-07-31T17:30:00+00:00,60.10644999999996,60.271449999999966,60.076449999999966,60.22144999999996,11848
2026-07-31T18:00:00+00:00,60.22144999999996,60.27644999999996,60.125449999999965,60.208449999999964,9227
2026-07-31T18:30:00+00:00,60.208449999999964,60.293449999999964,60.152449999999966,60.28244999999996,5008
2026-07-31T19:00:00+00:00,60.28244999999996,60.341449999999966,60.210449999999966,60.29844999999996,5526
2026-07-31T19:30:00+00:00,60.29844999999996,60.342449999999964,60.16344999999996,60.27344999999996,9972
2026-07-31T20:00:00+00:00,60.27344999999996,60.30644999999996,60.06644999999996,60.131449999999965,4260
2026-07-31T20:30:00+00:00,60.131449999999965,60.25144999999996,60.10044999999997,60.13044999999996,1130
2026-08-02T22:00:00+00:00,60.13044999999996,61.135449999999956,60.04244999999995,60.90944999999995,6326.929749594052
2026-08-02T22:30:00+00:00,60.90944999999995,61.001449999999956,60.85344999999995,60.85344999999995,4032
2026-08-02T23:00:00+00:00,60.85344999999995,60.88144999999995,60.70444999999995,60.84744999999995,3846
2026-08-02T23:30:00+00:00,60.84744999999995,60.852449999999955,60.718449999999955,60.834449999999954,5326
2026-08-03T00:00:00+00:00,60.834449999999954,60.93244999999995,60.46044999999995,60.53444999999995,12581
2026-08-03T00:30:00+00:00,60.53444999999995,60.675449999999955,60.401449999999954,60.48144999999995,13902
2026-08-03T01:00:00+00:00,60.48144999999995,60.85944999999995,60.346449999999955,60.67744999999995,23086
2026-08-03T01:30:00+00:00,60.67744999999995,60.788449999999955,60.575449999999954,60.73144999999995,15613
2026-08-03T02:00:00+00:00,60.73144999999995,60.819449999999954,60.54844999999995,60.675449999999955,10539
2026-08-03T02:30:00+00:00,60.675449999999955,60.73244999999995,60.47344999999995,60.65244999999995,10970
2026-08-03T03:00:00+00:00,60.65244999999995,60.81644999999995,60.61644999999995,60.678449999999955,8865
2026-08-03T03:30:00+00:00,60.678449999999955,60.78044999999995,60.64344999999995,60.769449999999956,4848
2026-08-03T04:00:00+00:00,60.769449999999956,60.934449999999956,60.74644999999995,60.907449999999955,4104
2026-08-03T04:30:00+00:00,60.907449999999955,61.10944999999995,60.81344999999995,60.822449999999954,3890
2026-08-03T05:00:00+00:00,60.822449999999954,60.86944999999995,60.608449999999955,60.67044999999995,6946
2026-08-03T05:30:00+00:00,60.67044999999995,60.705449999999956,60.31744999999995,60.69544999999995,10387
2026-08-03T06:00:00+00:00,60.69544999999995,61.132449999999956,60.63144999999995,60.89344999999995,12761
2026-08-03T06:30:00+00:00,60.89344999999995,60.904449999999954,60.635449999999956,60.65044999999996,9251
2026-08-03T07:00:00+00:00,60.65044999999996,60.69244999999995,60.33244999999995,60.556449999999955,12286
2026-08-03T07:30:00+00:00,60.556449999999955,60.88044999999995,60.556449999999955,60.81644999999995,7814
2026-08-03T08:00:00+00:00,60.81644999999995,60.828449999999954,60.696449999999956,60.72544999999995,7897
2026-08-03T08:30:00+00:00,60.72544999999995,60.910449999999955,60.700449999999954,60.864449999999955,8046
2026-08-03T09:00:00+00:00,60.864449999999955,60.91444999999995,60.690449999999956,60.71644999999995,6675
2026-08-03T09:30:00+00:00,60.71644999999995,60.78144999999995,60.599449999999955,60.74144999999995,9415
2026-08-03T10:00:00+00:00,60.74144999999995,60.74444999999995,60.569449999999954,60.602449999999955,6963
2026-08-03T10:30:00+00:00,60.602449999999955,60.60444999999995,60.41544999999995,60.50244999999995,6085
2026-08-03T11:00:00+00:00,60.50244999999995,60.51844999999995,60.324449999999956,60.382449999999956,8352
2026-08-03T11:30:00+00:00,60.382449999999956,60.590449999999954,60.27144999999995,60.53044999999995,8958
2026-08-03T12:00:00+00:00,60.53044999999995,60.580449999999956,60.166449999999955,60.17644999999995,10797
2026-08-03T12:30:00+00:00,60.17644999999995,60.242449999999955,59.955449999999956,59.97544999999995,11514
2026-08-03T13:00:00+00:00,59.97544999999995,60.218449999999955,59.12844999999995,59.23444999999995,28864
2026-08-03T13:30:00+00:00,59.23444999999995,59.69244999999995,59.08844999999995,59.642449999999954,30902
2026-08-03T14:00:00+00:00,59.642449999999954,59.81444999999995,59.55144999999995,59.617449999999955,18955
2026-08-03T14:30:00+00:00,59.617449999999955,59.96144999999996,59.58844999999995,59.83644999999996,14173
2026-08-03T15:00:00+00:00,59.83644999999996,60.01244999999995,59.72044999999995,59.78044999999995,14304
2026-08-03T15:30:00+00:00,59.78044999999995,60.04544999999995,59.69844999999995,59.977449999999955,11893
2026-08-03T16:00:00+00:00,59.977449999999955,60.053449999999955,59.90544999999995,60.007449999999956,6273
2026-08-03T16:30:00+00:00,60.007449999999956,60.29644999999995,59.989449999999955,60.19544999999995,7700
2026-08-03T17:00:00+00:00,60.19544999999995,60.30544999999995,60.080449999999956,60.178449999999955,7268
2026-08-03T17:30:00+00:00,60.178449999999955,60.33244999999995,60.160449999999955,60.16244999999995,5784
2026-08-03T18:00:00+00:00,60.16244999999995,60.453449999999954,60.141449999999956,60.41444999999995,7083
2026-08-03T18:30:00+00:00,60.41444999999995,60.46344999999995,60.376449999999956,60.42944999999995,4852
2026-08-03T19:00:00+00:00,60.42944999999995,60.72344999999995,60.42444999999995,60.64044999999995,6868
2026-08-03T19:30:00+00:00,60.64044999999995,60.74944999999995,60.55244999999995,60.581449999999954,6950
2026-08-03T20:00:00+00:00,60.581449999999954,60.64344999999995,60.516449999999956,60.639449999999954,2456
2026-08-03T20:30:00+00:00,60.639449999999954,60.727449999999955,60.63744999999995,60.709449999999954,2039
2026-08-03T22:00:00+00:00,60.709449999999954,60.821449999999956,60.49344999999996,60.61544999999996,2233.16432476924
2026-08-03T22:30:00+00:00,60.61544999999996,60.684449999999956,60.605449999999955,60.65844999999996,1059
2026-08-03T23:00:00+00:00,60.65844999999996,60.68044999999996,60.602449999999955,60.611449999999955,1421
2026-08-03T23:30:00+00:00,60.611449999999955,60.78144999999996,60.59744999999996,60.77144999999996,1225
2026-08-04T00:00:00+00:00,60.77144999999996,61.077449999999956,60.74144999999996,60.84544999999996,5830
2026-08-04T00:30:00+00:00,60.84544999999996,60.87844999999996,60.63044999999996,60.65044999999996,4658
2026-08-04T01:00:00+00:00,60.65044999999996,60.85644999999996,60.49744999999996,60.84844999999996,14677
2026-08-04T01:30:00+00:00,60.84844999999996,61.346449999999955,60.843449999999955,61.16744999999996,12754
2026-08-04T02:00:00+00:00,61.16744999999996,61.24644999999996,61.06144999999996,61.16844999999996,10346
2026-08-04T02:30:00+00:00,61.16844999999996,61.325449999999954,61.096449999999955,61.15044999999996,11021
2026-08-04T03:00:00+00:00,61.15044999999996,61.32944999999996,61.108449999999955,61.24944999999996,9293
2026-08-04T03:30:00+00:00,61.24944999999996,61.273449999999954,61.12444999999996,61.17644999999996,4463
2026-08-04T04:00:00+00:00,61.17644999999996,61.42644999999996,61.157449999999955,61.413449999999955,3870
2026-08-04T04:30:00+00:00,61.413449999999955,61.65044999999996,61.40544999999996,61.47044999999996,3925
2026-08-04T05:00:00+00:00,61.47044999999996,61.495449999999956,61.24744999999996,61.437449999999956,3315
2026-08-04T05:30:00+00:00,61.437449999999956,61.562449999999956,61.330449999999956,61.50644999999996,9393
2026-08-04T06:00:00+00:00,61.50644999999996,61.67044999999996,61.40944999999996,61.43544999999996,9107
2026-08-04T06:30:00+00:00,61.43544999999996,61.459449999999954,61.303449999999955,61.43544999999996,6867
2026-08-04T07:00:00+00:00,61.43544999999996,61.587449999999954,61.428449999999955,61.520449999999954,7448
2026-08-04T07:30:00+00:00,61.520449999999954,61.623449999999956,61.40644999999996,61.48744999999996,6325
2026-08-04T08:00:00+00:00,61.48744999999996,61.675449999999955,61.40044999999996,61.452449999999956,7434
2026-08-04T08:30:00+00:00,61.452449999999956,61.605449999999955,61.25944999999996,61.270449999999954,7931
2026-08-04T09:00:00+00:00,61.270449999999954,61.276449999999954,61.09444999999996,61.242449999999955,6916
2026-08-04T09:30:00+00:00,61.242449999999955,61.327449999999956,61.178449999999955,61.261449999999954,5203
2026-08-04T10:00:00+00:00,61.261449999999954,61.36044999999996,61.13444999999996,61.18344999999996,4392
2026-08-04T10:30:00+00:00,61.18344999999996,61.553449999999955,61.077449999999956,61.309449999999956,12737
2026-08-04T11:00:00+00:00,61.309449999999956,61.590449999999954,61.266449999999956,61.58844999999996,10426
2026-08-04T11:30:00+00:00,61.58844999999996,61.98544999999996,61.483449999999955,61.950449999999954,17618
2026-08-04T12:00:00+00:00,61.950449999999954,62.06644999999996,61.639449999999954,62.06644999999996,10472
2026-08-04T12:30:00+00:00,62.06644999999996,62.44444999999996,62.06644999999996,62.36544999999996,18074
2026-08-04T13:00:00+00:00,62.36544999999996,62.37144999999996,61.855449999999955,62.22944999999996,26155
2026-08-04T13:30:00+00:00,62.22944999999996,62.507449999999956,62.11644999999996,62.17344999999996,26814
2026-08-04T14:00:00+00:00,62.17344999999996,62.36544999999996,61.983449999999955,62.04244999999996,18674
2026-08-04T14:30:00+00:00,62.04244999999996,62.053449999999955,61.791449999999955,62.03644999999996,14510
2026-08-04T15:00:00+00:00,62.03644999999996,62.105449999999955,61.822449999999954,61.90244999999996,10085
2026-08-04T15:30:00+00:00,61.90244999999996,62.30844999999996,61.89644999999996,62.239449999999955,13504
2026-08-04T16:00:00+00:00,62.239449999999955,62.410449999999955,62.12244999999996,62.31944999999996,6785
2026-08-04T16:30:00+00:00,62.31944999999996,62.401449999999954,62.24644999999996,62.33944999999996,5591
2026-08-04T17:00:00+00:00,62.33944999999996,62.553449999999955,62.279449999999954,62.376449999999956,11140
2026-08-04T17:30:00+00:00,62.376449999999956,62.46644999999996,62.28744999999996,62.306449999999955,7028
2026-08-04T18:00:00+00:00,62.306449999999955,62.32944999999996,62.199449999999956,62.239449999999955,6946
2026-08-04T18:30:00+00:00,62.239449999999955,62.25644999999996,62.03444999999996,62.12144999999996,6424
2026-08-04T19:00:00+00:00,62.12144999999996,62.22344999999996,62.08244999999996,62.12244999999996,3884
2026-08-04T19:30:00+00:00,62.12244999999996,62.21344999999996,62.02744999999996,62.08244999999996,4371
2026-08-04T20:00:00+00:00,62.08244999999996,62.13044999999996,61.97044999999996,62.00044999999996,4131
2026-08-04T20:30:00+00:00,62.00044999999996,62.06444999999996,61.983449999999955,62.044449999999955,2577
2026-08-04T22:00:00+00:00,62.044449999999955,62.276449999999954,62.044449999999955,62.24344999999997,1740.929041423658
2026-08-04T22:30:00+00:00,62.24344999999997,62.290449999999964,62.17844999999996,62.18244999999997,1407
2026-08-04T23:00:00+00:00,62.18244999999997,62.198449999999966,62.092449999999964,62.13844999999996,2424
2026-08-04T23:30:00+00:00,62.13844999999996,62.16344999999996,62.09044999999996,62.131449999999965,1858
2026-08-05T00:00:00+00:00,62.131449999999965,62.320449999999965,62.09644999999996,62.29244999999997,4205
2026-08-05T00:30:00+00:00,62.29244999999997,62.409449999999964,62.27344999999996,62.39544999999996,3284
2026-08-05T01:00:00+00:00,62.39544999999996,62.47844999999997,62.226449999999964,62.26444999999996,10494
2026-08-05T01:30:00+00:00,62.26444999999996,62.62644999999996,62.214449999999964,62.59644999999996,6879
2026-08-05T02:00:00+00:00,62.59644999999996,62.64244999999996,62.47444999999996,62.59344999999996,6547
2026-08-05T02:30:00+00:00,62.59344999999996,63.537449999999964,62.543449999999964,63.366449999999965,11833
2026-08-05T03:00:00+00:00,63.366449999999965,63.631449999999965,63.311449999999965,63.470449999999964,6540
2026-08-05T03:30:00+00:00,63.470449999999964,63.49544999999996,63.38944999999996,63.42344999999997,2396
2026-08-05T04:00:00+00:00,63.42344999999997,63.55344999999996,63.409449999999964,63.49344999999997,3502
2026-08-05T04:30:00+00:00,63.49344999999997,63.54844999999997,63.35244999999996,63.44144999999997,2582
2026-08-05T05:00:00+00:00,63.44144999999997,63.62344999999996,63.40444999999996,63.62144999999997,2896
2026-08-05T05:30:00+00:00,63.62144999999997,64.30445,63.62144999999997,64.10145,14631
2026-08-05T06:00:00+00:00,64.10145,64.23044999999999,64.04845,64.18544999999999,9691
2026-08-05T06:30:00+00:00,64.18544999999999,64.57945,64.14844999999998,64.49645000000001,8448
2026-08-05T07:00:00+00:00,64.49645000000001,64.58445,64.25645,64.27045000000001,9091
2026-08-05T07:30:00+00:00,64.27045000000001,64.55045000000001,64.24145000000001,64.52645000000001,6030
2026-08-05T08:00:00+00:00,64.52645000000001,64.54445000000001,64.13445000000004,64.22745000000003,8437
2026-08-05T08:30:00+00:00,64.22745000000003,64.36145000000005,64.09345000000002,64.13445000000002,10126
2026-08-05T09:00:00+00:00,64.13445000000002,64.32445000000003,64.08545000000004,64.10445000000004,6290
2026-08-05T09:30:00+00:00,64.10445000000004,64.25845000000005,64.07545000000007,64.12845000000007,5986
2026-08-05T10:00:00+00:00,64.12845000000007,64.14345000000007,63.88345000000006,63.896450000000065,4869
2026-08-05T10:30:00+00:00,63.896450000000065,63.96545000000006,63.76945000000006,63.94945000000006,5978
2026-08-05T11:00:00+00:00,63.94945000000006,64.50045000000009,63.921450000000064,64.40945000000009,7999
2026-08-05T11:30:00+00:00,64.40945000000009,64.7184500000001,64.3774500000001,64.6584500000001,9562
2026-08-05T12:00:00+00:00,64.6584500000001,65.2024500000001,64.6584500000001,64.94845000000011,16678
2026-08-05T12:30:00+00:00,64.94845000000011,65.0264500000001,64.15245000000016,64.16445000000016,11395
2026-08-05T13:00:00+00:00,64.16445000000016,64.82845000000015,64.16445000000016,64.78045000000014,18144
2026-08-05T13:30:00+00:00,64.78045000000014,65.06645000000017,64.52045000000015,65.04445000000018,27334
2026-08-05T14:00:00+00:00,65.04445000000018,65.46645000000018,65.00245000000018,65.1194500000002,25341
2026-08-05T14:30:00+00:00,65.1194500000002,65.20445000000018,64.80745000000019,64.94845000000018,24139
2026-08-05T15:00:00+00:00,64.94845000000018,65.2984500000002,64.91845000000019,65.12445000000021,17630
2026-08-05T15:30:00+00:00,65.12445000000021,65.2334500000002,64.47345000000018,64.5954500000002,13672
2026-08-05T16:00:00+00:00,64.5954500000002,64.8404500000002,64.42145000000019,64.8404500000002,18979
2026-08-05T16:30:00+00:00,64.8404500000002,64.99045000000017,64.71945000000017,64.77645000000017,9068
2026-08-05T17:00:00+00:00,64.77645000000017,64.80545000000018,64.61745000000018,64.78445000000016,16482
2026-08-05T17:30:00+00:00,64.78445000000016,65.04345000000018,64.72445000000016,64.86945000000017,8585
2026-08-05T18:00:00+00:00,64.86945000000017,65.07345000000021,64.79545000000019,64.99145000000019,8935
2026-08-05T18:30:00+00:00,64.99145000000019,65.00645000000023,64.8454500000002,64.91745000000022,8670
2026-08-05T19:00:00+00:00,64.91745000000022,65.01245000000023,64.82845000000023,64.82845000000023,7816
2026-08-05T19:30:00+00:00,64.82845000000023,64.83345000000023,64.69345000000024,64.71745000000024,7008
2026-08-05T20:00:00+00:00,64.71745000000024,64.77745000000026,64.64745000000028,64.66245000000029,3228
2026-08-05T20:30:00+00:00,64.66245000000029,64.76245000000029,64.6524500000003,64.7154500000003,1647
2026-08-05T22:00:00+00:00,64.7154500000003,65.16945000000031,64.7154500000003,65.0334500000003,2325.924889322428
2026-08-05T22:30:00+00:00,65.0334500000003,65.0454500000003,64.9214500000003,64.94145000000032,1174
2026-08-05T23:00:00+00:00,64.94145000000032,65.06545000000028,64.92945000000032,65.04145000000028,1935
2026-08-05T23:30:00+00:00,65.04145000000028,65.23945000000029,64.99545000000029,65.10845000000029,5153
2026-08-06T00:00:00+00:00,65.10845000000029,65.23745000000028,64.95745000000028,65.06745000000029,11790
2026-08-06T00:30:00+00:00,65.06745000000029,65.65145000000028,65.06745000000029,65.55945000000028,10800
2026-08-06T01:00:00+00:00,65.55945000000028,65.89845000000028,64.89445000000033,64.94245000000032,25743
2026-08-06T01:30:00+00:00,64.94245000000032,65.30845000000033,64.92145000000032,65.12545000000034,18287
2026-08-06T02:00:00+00:00,65.12545000000034,65.43345000000033,65.08745000000035,65.26345000000029,12224
2026-08-06T02:30:00+00:00,65.26345000000029,65.33045000000033,64.9984500000003,65.19145000000032,11389
2026-08-06T03:00:00+00:00,65.19145000000032,65.25745000000029,64.84145000000026,64.91745000000027,11576
2026-08-06T03:30:00+00:00,64.91745000000027,64.99545000000028,64.83245000000028,64.99545000000028,5429
2026-08-06T04:00:00+00:00,64.99545000000028,65.09445000000026,64.8994500000002,64.9354500000002,5307
2026-08-06T04:30:00+00:00,64.9354500000002,65.0674500000002,64.9344500000002,65.03345000000022,4549
2026-08-06T05:00:00+00:00,65.03345000000022,65.07245000000022,64.71245000000022,64.71245000000022,6750
2026-08-06T05:30:00+00:00,64.71245000000022,65.07845000000023,64.47145000000022,65.03145000000023,10779
2026-08-06T06:00:00+00:00,65.03145000000023,65.03845000000024,64.72445000000025,64.81545000000024,7423
2026-08-06T06:30:00+00:00,64.81545000000024,64.82145000000024,64.44445000000022,64.53545000000022,6053
2026-08-06T07:00:00+00:00,64.53545000000022,64.83245000000025,64.50945000000021,64.74745000000024,7259
2026-08-06T07:30:00+00:00,64.74745000000024,64.80845000000025,64.53545000000025,64.80445000000026,6400
2026-08-06T08:00:00+00:00,64.80445000000026,64.87845000000024,64.64645000000021,64.75045000000021,8335
2026-08-06T08:30:00+00:00,64.75045000000021,64.97445000000022,64.69045000000023,64.97145000000023,9383
2026-08-06T09:00:00+00:00,64.97145000000023,65.11045000000021,64.7634500000002,64.9204500000002,8887
2026-08-06T09:30:00+00:00,64.9204500000002,64.9524500000002,64.68745000000021,64.78945000000019,6178
2026-08-06T10:00:00+00:00,64.78945000000019,64.78945000000019,64.62945000000018,64.7554500000002,5714
2026-08-06T10:30:00+00:00,64.7554500000002,64.7954500000002,64.6104500000002,64.62945000000022,5451
2026-08-06T11:00:00+00:00,64.62945000000022,64.70945000000022,64.48745000000021,64.66545000000022,7994
2026-08-06T11:30:00+00:00,64.66545000000022,64.73245000000021,64.49345000000022,64.69945000000021,8337
2026-08-06T12:00:00+00:00,64.69945000000021,64.71145000000021,64.37945000000022,64.52145000000017,10395
2026-08-06T12:30:00+00:00,64.52145000000017,64.70945000000017,64.13845000000015,64.14745000000013,13675
2026-08-06T13:00:00+00:00,64.14745000000013,64.45745000000012,63.933450000000114,64.29745000000013,22203
2026-08-06T13:30:00+00:00,64.29745000000013,64.69945000000008,64.24345000000012,64.51945000000008,29899
2026-08-06T14:00:00+00:00,64.51945000000008,64.63745000000007,64.34345000000008,64.43945000000008,21730
2026-08-06T14:30:00+00:00,64.43945000000008,64.65445000000005,64.40045000000006,64.57445000000007,16231
2026-08-06T15:00:00+00:00,64.57445000000007,64.60845000000006,64.08045000000004,64.29445000000004,19647
2026-08-06T15:30:00+00:00,64.29445000000004,64.29645000000005,63.86345000000004,63.981450000000045,19392
2026-08-06T16:00:00+00:00,63.981450000000045,64.18745000000004,63.771450000000044,63.911450000000045,23692
2026-08-06T16:30:00+00:00,63.911450000000045,64.27445000000003,63.911450000000045,64.23645000000003,10978
2026-08-06T17:00:00+00:00,64.23645000000003,64.32445000000001,64.20445000000001,64.22944999999999,11793
2026-08-06T17:30:00+00:00,64.22944999999999,64.42344999999997,64.16144999999997,64.38244999999998,8182
2026-08-06T18:00:00+00:00,64.38244999999998,64.45245000000003,64.31444999999997,64.41545000000005,7079
2026-08-06T18:30:00+00:00,64.41545000000005,64.55445000000003,64.34945000000005,64.40845000000007,4813
2026-08-06T19:00:00+00:00,64.40845000000007,64.69345000000007,64.3864500000001,64.4254500000001,8695
2026-08-06T19:30:00+00:00,64.4254500000001,64.73645000000005,64.36145000000008,64.69045000000006,11515
2026-08-06T20:00:00+00:00,64.69045000000006,64.87145000000005,64.41045000000011,64.44045000000011,6087
2026-08-06T20:30:00+00:00,64.44045000000011,64.47445000000012,64.35445000000009,64.41945000000011,2762
2026-08-06T22:00:00+00:00,64.41945000000011,64.54145000000011,64.3294500000001,64.44545000000011,2080.966975982533
2026-08-06T22:30:00+00:00,64.44545000000011,64.46745000000011,64.3974500000001,64.40045000000009,1966
2026-08-06T23:00:00+00:00,64.40045000000009,64.5034500000001,64.3834500000001,64.45945000000009,2506
2026-08-06T23:30:00+00:00,64.45945000000009,64.5964500000001,64.45945000000009,64.58045000000011,2836
2026-08-07T00:00:00+00:00,64.58045000000011,64.58045000000011,64.29245000000009,64.35045000000011,10448
2026-08-07T00:30:00+00:00,64.35045000000011,64.3814500000001,64.09545000000011,64.1294500000001,10752
2026-08-07T01:00:00+00:00,64.1294500000001,64.80345000000011,64.0974500000001,64.67645000000014,17676
2026-08-07T01:30:00+00:00,64.67645000000014,65.05645000000015,64.60345000000014,65.01645000000015,13901
2026-08-07T02:00:00+00:00,65.01645000000015,65.25745000000015,65.00845000000015,65.24945000000014,6592
2026-08-07T02:30:00+00:00,65.24945000000014,65.26845000000014,64.85045000000011,64.96045000000012,9932
2026-08-07T03:00:00+00:00,64.96045000000012,65.19845000000011,64.95945000000012,65.15245000000014,9071
2026-08-07T03:30:00+00:00,65.15245000000014,65.31845000000011,65.13045000000014,65.2964500000001,5129
2026-08-07T04:00:00+00:00,65.2964500000001,65.35745000000009,65.1554500000001,65.1824500000001,6564
2026-08-07T04:30:00+00:00,65.1824500000001,65.29745000000011,65.1554500000001,65.22045000000013,5123
2026-08-07T05:00:00+00:00,65.22045000000013,65.35045000000011,65.13045000000011,65.20845000000011,6847
2026-08-07T05:30:00+00:00,65.20845000000011,65.74745000000009,65.17945000000012,65.66045000000008,16792
2026-08-07T06:00:00+00:00,65.66045000000008,66.58145000000006,65.58145000000007,66.28645000000006,17234
2026-08-07T06:30:00+00:00,66.28645000000006,66.83045000000006,66.21145000000007,66.6694500000001,16582
2026-08-07T07:00:00+00:00,66.6694500000001,66.68045000000009,66.3784500000001,66.50945000000013,10190
2026-08-07T07:30:00+00:00,66.50945000000013,66.77845000000013,66.49745000000013,66.77845000000013,7208
2026-08-07T08:00:00+00:00,66.77845000000013,67.28645000000014,66.74045000000012,66.96645000000015,10457
2026-08-07T08:30:00+00:00,66.96645000000015,67.46745000000016,66.94345000000015,67.23145000000017,10038
2026-08-07T09:00:00+00:00,67.23145000000017,67.46045000000017,67.18645000000016,67.26345000000016,7299
2026-08-07T09:30:00+00:00,67.26345000000016,67.57245000000016,67.18545000000016,67.35445000000016,8838
2026-08-07T10:00:00+00:00,67.35445000000016,67.44745000000016,67.13745000000016,67.21445000000016,7400
2026-08-07T10:30:00+00:00,67.21445000000016,67.39445000000016,67.20645000000016,67.22945000000016,6854
2026-08-07T11:00:00+00:00,67.22945000000016,67.33145000000016,66.85745000000017,67.02845000000019,12125
2026-08-07T11:30:00+00:00,67.02845000000019,67.17045000000019,66.84845000000018,67.0174500000002,10437
2026-08-07T12:00:00+00:00,67.0174500000002,67.15145000000018,66.74945000000017,66.79945000000018,15583
2026-08-07T12:30:00+00:00,66.79945000000018,68.12345000000018,66.79945000000018,67.63945000000018,41132
2026-08-07T13:00:00+00:00,67.63945000000018,67.78645000000017,66.74645000000018,67.09245000000018,30611
2026-08-07T13:30:00+00:00,67.09245000000018,67.28445000000019,66.67945000000019,66.83145000000019,44288
2026-08-07T14:00:00+00:00,66.83145000000019,66.85945000000018,66.24445000000017,66.67345000000014,43841
2026-08-07T14:30:00+00:00,66.67345000000014,66.73145000000015,66.27045000000012,66.30145000000013,30394
2026-08-07T15:00:00+00:00,66.30145000000013,66.68845000000013,66.27745000000013,66.41645000000011,25017
2026-08-07T15:30:00+00:00,66.41645000000011,66.52245000000012,66.22645000000014,66.26145000000017,15085
2026-08-07T16:00:00+00:00,66.26145000000017,66.49345000000017,66.12745000000017,66.2634500000002,15528
2026-08-07T16:30:00+00:00,66.2634500000002,66.28445000000022,66.02945000000021,66.0604500000002,15393
2026-08-07T17:00:00+00:00,66.0604500000002,66.26745000000018,65.98545000000021,66.23045000000016,14813
2026-08-07T17:30:00+00:00,66.23045000000016,66.33745000000016,66.05145000000016,66.26945000000016,13433
2026-08-07T18:00:00+00:00,66.26945000000016,66.33445000000016,66.07445000000016,66.12045000000015,11814
2026-08-07T18:30:00+00:00,66.12045000000015,66.31245000000015,66.11645000000014,66.22645000000016,8828
2026-08-07T19:00:00+00:00,66.22645000000016,66.61445000000012,66.22145000000015,66.56045000000012,18733
2026-08-07T19:30:00+00:00,66.56045000000012,66.62545000000014,66.40745000000013,66.53445000000012,17029
2026-08-07T20:00:00+00:00,66.53445000000012,66.53745000000012,66.34345000000013,66.34845000000013,4268
2026-08-07T20:30:00+00:00,66.34845000000013,66.44745000000015,66.31545000000014,66.37245000000016,1540
2026-08-09T22:00:00+00:00,66.37245000000016,66.75245000000015,66.24845000000013,66.57845000000015,7123.155587668593
2026-08-09T22:30:00+00:00,66.57845000000015,66.64445000000013,66.51945000000015,66.54745000000017,2657
2026-08-09T23:00:00+00:00,66.54745000000017,66.84645000000012,66.51945000000016,66.81445000000011,2515
2026-08-09T23:30:00+00:00,66.81445000000011,66.8314500000001,66.39945000000014,66.43645000000015,5103
2026-08-10T00:00:00+00:00,66.43645000000015,66.95345000000015,66.40545000000014,66.57645000000016,15142
2026-08-10T00:30:00+00:00,66.57645000000016,66.60545000000016,66.26145000000017,66.31745000000015,12509
2026-08-10T01:00:00+00:00,66.31745000000015,66.61645000000016,65.94145000000013,65.94345000000013,28904
2026-08-10T01:30:00+00:00,65.94345000000013,66.42745000000014,65.91145000000013,66.39145000000013,19037
2026-08-10T02:00:00+00:00,66.39145000000013,66.75745000000015,66.28445000000013,66.60145000000014,10746
2026-08-10T02:30:00+00:00,66.60145000000014,66.63145000000014,66.23045000000013,66.30345000000014,12971
2026-08-10T03:00:00+00:00,66.30345000000014,66.48445000000015,66.20045000000015,66.42945000000014,9929
2026-08-10T03:30:00+00:00,66.42945000000014,66.74245000000013,66.40445000000014,66.53345000000016,4901
2026-08-10T04:00:00+00:00,66.53345000000016,66.85945000000012,66.48745000000017,66.73845000000013,5730
2026-08-10T04:30:00+00:00,66.73845000000013,66.83945000000013,66.69145000000012,66.79445000000014,5494
2026-08-10T05:00:00+00:00,66.79445000000014,66.81845000000015,66.64245000000014,66.67145000000015,4512
2026-08-10T05:30:00+00:00,66.67145000000015,67.25645000000019,66.55645000000015,67.0864500000002,14138
2026-08-10T06:00:00+00:00,67.0864500000002,67.2214500000002,66.97545000000021,67.1594500000002,11752
2026-08-10T06:30:00+00:00,67.1594500000002,67.21845000000022,66.9984500000002,67.19145000000022,8565
2026-08-10T07:00:00+00:00,67.19145000000022,67.36145000000022,67.01645000000022,67.27445000000021,9306
2026-08-10T07:30:00+00:00,67.27445000000021,67.38545000000022,67.19145000000022,67.25545000000022,7758
2026-08-10T08:00:00+00:00,67.25545000000022,67.33645000000023,67.13145000000023,67.31345000000022,7152
2026-08-10T08:30:00+00:00,67.31345000000022,67.34745000000022,67.01245000000023,67.13845000000023,7487
2026-08-10T09:00:00+00:00,67.13845000000023,67.19645000000024,67.09645000000023,67.17345000000023,6336
2026-08-10T09:30:00+00:00,67.17345000000023,67.17345000000023,66.99945000000021,66.99945000000021,5852
2026-08-10T10:00:00+00:00,66.99945000000021,67.0134500000002,66.89545000000021,66.99045000000024,5418
2026-08-10T10:30:00+00:00,66.99045000000024,67.01145000000024,66.83245000000024,66.85045000000025,6044
2026-08-10T11:00:00+00:00,66.85045000000025,67.01145000000025,66.7454500000002,66.95545000000024,6802
2026-08-10T11:30:00+00:00,66.95545000000024,67.04545000000022,66.8754500000002,66.98545000000021,5996
2026-08-10T12:00:00+00:00,66.98545000000021,67.0584500000002,66.69145000000019,66.79445000000018,10278
2026-08-10T12:30:00+00:00,66.79445000000018,66.96045000000018,66.70645000000019,66.78745000000013,10002
2026-08-10T13:00:00+00:00,66.78745000000013,66.95745000000014,66.52145000000013,66.88045000000014,13009
2026-08-10T13:30:00+00:00,66.88045000000014,67.07845000000015,66.56545000000015,66.58545000000015,33926
2026-08-10T14:00:00+00:00,66.58545000000015,67.55545000000009,66.57945000000015,67.4394500000001,24686
2026-08-10T14:30:00+00:00,67.4394500000001,67.80545000000009,67.39445000000009,67.6664500000001,16691
2026-08-10T15:00:00+00:00,67.6664500000001,67.76645000000009,67.4614500000001,67.49845000000009,16736
2026-08-10T15:30:00+00:00,67.49845000000009,68.0884500000001,67.4904500000001,67.9644500000001,16931
2026-08-10T16:00:00+00:00,67.9644500000001,68.2054500000001,67.9484500000001,68.10845000000009,17586
2026-08-10T16:30:00+00:00,68.10845000000009,68.23645000000009,67.7044500000001,67.8544500000001,22396
2026-08-10T17:00:00+00:00,67.8544500000001,68.0854500000001,67.74845000000009,68.0704500000001,16236
2026-08-10T17:30:00+00:00,68.0704500000001,68.26645000000009,67.97745000000009,68.0444500000001,14882
2026-08-10T18:00:00+00:00,68.0444500000001,68.1254500000001,67.9554500000001,68.0384500000001,13811
2026-08-10T18:30:00+00:00,68.0384500000001,68.6634500000001,68.0264500000001,68.53745000000009,13597
2026-08-10T19:00:00+00:00,68.53745000000009,69.1044500000001,68.53745000000009,68.8694500000001,10733
2026-08-10T19:30:00+00:00,68.8694500000001,68.9754500000001,68.60545000000009,68.67745000000009,10107
2026-08-10T20:00:00+00:00,68.67745000000009,68.7824500000001,68.5984500000001,68.7584500000001,2846
2026-08-10T20:30:00+00:00,68.7584500000001,68.8304500000001,68.6154500000001,68.66845000000009,2196
2026-08-10T22:00:00+00:00,68.66845000000009,69.06845000000008,68.66845000000009,68.98445000000008,2320.322592711339
2026-08-10T22:30:00+00:00,68.98445000000008,69.10545000000009,68.9424500000001,69.08345000000008,1953
2026-08-10T23:00:00+00:00,69.08345000000008,69.13445000000009,68.95745000000008,68.97545000000008,1878
2026-08-10T23:30:00+00:00,68.97545000000008,69.05645000000008,68.9454500000001,69.05645000000008,3034
2026-08-11T00:00:00+00:00,69.05645000000008,69.47645000000009,68.96945000000008,69.42745000000009,10946
2026-08-11T00:30:00+00:00,69.42745000000009,69.4394500000001,68.92445000000009,69.03145000000009,8550
2026-08-11T01:00:00+00:00,69.03145000000009,69.36545000000008,68.65345000000009,69.23845000000009,25008
2026-08-11T01:30:00+00:00,69.23845000000009,69.71645000000008,69.05145000000009,69.5644500000001,18714
2026-08-11T02:00:00+00:00,69.5644500000001,69.58345000000008,69.29645000000009,69.53045000000009,14349
2026-08-11T02:30:00+00:00,69.53045000000009,69.56945000000009,68.79445000000008,68.91845000000009,15359
2026-08-11T03:00:00+00:00,68.91845000000009,69.12045000000009,68.91245000000009,69.05145000000009,11995
2026-08-11T03:30:00+00:00,69.05145000000009,69.1864500000001,68.99245000000009,69.01345000000009,7062
2026-08-11T04:00:00+00:00,69.01345000000009,69.09245000000008,68.91145000000009,68.97045000000008,5280
2026-08-11T04:30:00+00:00,68.97045000000008,69.07245000000009,68.58745000000009,68.76145000000008,8282
2026-08-11T05:00:00+00:00,68.76145000000008,68.77245000000009,68.28445000000009,68.29145000000008,6746
2026-08-11T05:30:00+00:00,68.29145000000008,68.39445000000009,67.70645000000009,67.98945000000009,24961
2026-08-11T06:00:00+00:00,67.98945000000009,68.21045000000008,67.56345000000009,67.59345000000009,17110
2026-08-11T06:30:00+00:00,67.59345000000009,67.78745000000009,67.46245000000009,67.70945000000009,13887
2026-08-11T07:00:00+00:00,67.70945000000009,67.81345000000009,67.55145000000009,67.62745000000008,9000
2026-08-11T07:30:00+00:00,67.62745000000008,67.76245000000009,67.54845000000009,67.66945000000008,8232
2026-08-11T08:00:00+00:00,67.66945000000008,67.96745000000008,67.66745000000009,67.92145000000009,9405
2026-08-11T08:30:00+00:00,67.92145000000009,68.27545000000009,67.89245000000008,67.90045000000009,7345
2026-08-11T09:00:00+00:00,67.90045000000009,68.18745000000008,67.85245000000009,68.04445000000008,7793
2026-08-11T09:30:00+00:00,68.04445000000008,68.1894500000001,68.02945000000008,68.12345000000009,6955
2026-08-11T10:00:00+00:00,68.12345000000009,68.37645000000009,68.03645000000009,68.28545000000008,7864
2026-08-11T10:30:00+00:00,68.28545000000008,68.35645000000008,68.20445000000008,68.34945000000009,6616
2026-08-11T11:00:00+00:00,68.34945000000009,68.56645000000009,68.27445000000009,68.47845000000008,15173
2026-08-11T11:30:00+00:00,68.47845000000008,68.53045000000009,68.35845000000009,68.40445000000008,6990
2026-08-11T12:00:00+00:00,68.40445000000008,68.56545000000008,68.13345000000008,68.16545000000009,13276
2026-08-11T12:30:00+00:00,68.16545000000009,68.33645000000008,68.05445000000009,68.08645000000008,10443
2026-08-11T13:00:00+00:00,68.08645000000008,68.39645000000009,68.02945000000008,68.15345000000009,18048
2026-08-11T13:30:00+00:00,68.15345000000009,68.50045000000009,67.94045000000008,68.10445000000009,31070
2026-08-11T14:00:00+00:00,68.10445000000009,68.26245000000009,67.98545000000009,68.0674500000001,23528
2026-08-11T14:30:00+00:00,68.0674500000001,68.4334500000001,68.0674500000001,68.22945000000009,20044
2026-08-11T15:00:00+00:00,68.22945000000009,68.39545000000008,67.97045000000008,68.08545000000008,17961
2026-08-11T15:30:00+00:00,68.08545000000008,68.29445000000008,67.5764500000001,68.18045000000009,20156
2026-08-11T16:00:00+00:00,68.18045000000009,68.36045000000009,68.08545000000008,68.29645000000009,10793
2026-08-11T16:30:00+00:00,68.29645000000009,68.3204500000001,68.10445000000009,68.14445000000009,8469
2026-08-11T17:00:00+00:00,68.14445000000009,68.21445000000008,67.92845000000008,68.00145000000009,9727
2026-08-11T17:30:00+00:00,68.00145000000009,68.08045000000008,67.77245000000009,67.77445000000009,12256
2026-08-11T18:00:00+00:00,67.77445000000009,67.82945000000008,67.62445000000008,67.6834500000001,13348
2026-08-11T18:30:00+00:00,67.6834500000001,67.99145000000009,67.66345000000008,67.93745000000008,8456
2026-08-11T19:00:00+00:00,67.93745000000008,67.97045000000008,67.73245000000009,67.9484500000001,7555
2026-08-11T19:30:00+00:00,67.9484500000001,68.05345000000008,67.84645000000009,68.00045000000009,9130
2026-08-11T20:00:00+00:00,68.00045000000009,68.00845000000008,67.85945000000008,67.92845000000008,2519
2026-08-11T20:30:00+00:00,67.92845000000008,67.94645000000008,67.79945000000009,67.79945000000009,1960
2026-08-11T22:00:00+00:00,67.79945000000009,68.36845000000008,67.79945000000009,68.31745000000008,2210.6496681343233
2026-08-11T22:30:00+00:00,68.31745000000008,68.33645000000007,68.19445000000007,68.23045000000008,3579
2026-08-11T23:00:00+00:00,68.23045000000008,68.30245000000008,68.18245000000007,68.25045000000007,4088
2026-08-11T23:30:00+00:00,68.25045000000007,68.26545000000007,68.15945000000008,68.22345000000007,2300
2026-08-12T00:00:00+00:00,68.22345000000007,68.41945000000008,68.16045000000008,68.41245000000008,9315
2026-08-12T00:30:00+00:00,68.41245000000008,68.48745000000008,68.23645000000008,68.35145000000007,7849
2026-08-12T01:00:00+00:00,68.35145000000007,68.64645000000007,68.23745000000008,68.44645000000007,17771
2026-08-12T01:30:00+00:00,68.44645000000007,68.56445000000008,68.27745000000007,68.54745000000008,12289
2026-08-12T02:00:00+00:00,68.54745000000008,68.65945000000008,68.45145000000008,68.59645000000008,8537
2026-08-12T02:30:00+00:00,68.59645000000008,69.03945000000007,68.45445000000008,68.88245000000008,11942
2026-08-12T03:00:00+00:00,68.88245000000008,69.20445000000008,68.87045000000008,68.94145000000007,10263
2026-08-12T03:30:00+00:00,68.94145000000007,68.97145000000008,68.79745000000008,68.80945000000007,4823
2026-08-12T04:00:00+00:00,68.80945000000007,68.81445000000008,68.52345000000008,68.65345000000008,5084
2026-08-12T04:30:00+00:00,68.65345000000008,68.81545000000007,68.59845000000007,68.79245000000007,4560
2026-08-12T05:00:00+00:00,68.79245000000007,68.81245000000007,68.47845000000008,68.54745000000008,6363
2026-08-12T05:30:00+00:00,68.54745000000008,68.76845000000007,68.36945000000007,68.72245000000008,15927
2026-08-12T06:00:00+00:00,68.72245000000008,68.88745000000007,68.57445000000007,68.83445000000007,10777
2026-08-12T06:30:00+00:00,68.83445000000007,69.57445000000007,68.80445000000007,69.37645000000008,14241
2026-08-12T07:00:00+00:00,69.37645000000008,69.52345000000008,69.24545000000008,69.38945000000008,9016
2026-08-12T07:30:00+00:00,69.38945000000008,69.62145000000008,69.33645000000007,69.50745000000008,7491
2026-08-12T08:00:00+00:00,69.50745000000008,69.73745000000008,69.48445000000008,69.73745000000008,7614
2026-08-12T08:30:00+00:00,69.73745000000008,69.93445000000007,69.57445000000007,69.57745000000007,5894
2026-08-12T09:00:00+00:00,69.57745000000007,70.25045000000007,69.57545000000007,69.93745000000007,10851
2026-08-12T09:30:00+00:00,69.93745000000007,69.98545000000007,69.78945000000007,69.86645000000007,8121
2026-08-12T10:00:00+00:00,69.86645000000007,69.88845000000008,69.77645000000008,69.81745000000008,6230
2026-08-12T10:30:00+00:00,69.81745000000008,69.86545000000008,69.54645000000008,69.71945000000008,9522
2026-08-12T11:00:00+00:00,69.71945000000008,69.89145000000008,69.58645000000007,69.80345000000007,6889
2026-08-12T11:30:00+00:00,69.80345000000007,69.81745000000008,69.69545000000008,69.76045000000008,6635
2026-08-12T12:00:00+00:00,69.76045000000008,70.13445000000007,69.36045000000007,69.94345000000007,14256
2026-08-12T12:30:00+00:00,69.94345000000007,70.15845000000007,69.07745000000007,69.99345000000008,41129
2026-08-12T13:00:00+00:00,69.99345000000008,70.23045000000008,69.25445000000008,69.36745000000008,34282
2026-08-12T13:30:00+00:00,69.36745000000008,69.73545000000007,69.08945000000007,69.60445000000007,55581
2026-08-12T14:00:00+00:00,69.60445000000007,69.79945000000008,69.40445000000008,69.56645000000007,26207
2026-08-12T14:30:00+00:00,69.56645000000007,69.73845000000007,69.28045000000007,69.32245000000007,35802
2026-08-12T15:00:00+00:00,69.32245000000007,69.48545000000007,69.11245000000008,69.27745000000007,22499
2026-08-12T15:30:00+00:00,69.27745000000007,69.36045000000007,68.96945000000008,69.23845000000007,20060
2026-08-12T16:00:00+00:00,69.23845000000007,69.40945000000008,69.02445000000007,69.06845000000007,21168
2026-08-12T16:30:00+00:00,69.06845000000007,69.14545000000008,68.52845000000008,68.67345000000007,22466
2026-08-12T17:00:00+00:00,68.67345000000007,68.99845000000008,68.63245000000008,68.96945000000008,14390
2026-08-12T17:30:00+00:00,68.96945000000008,69.04745000000008,68.80545000000008,68.81395000000008,12102.233836321677
2026-08-12T18:00:00+00:00,68.81395000000008,69.08695000000009,68.69895000000008,68.96495000000009,9104
2026-08-12T18:30:00+00:00,68.96495000000009,69.17295000000009,68.91695000000009,68.94695000000009,9054
2026-08-12T19:00:00+00:00,68.94695000000009,69.03595000000008,68.89995000000009,68.90795000000008,7574
2026-08-12T19:30:00+00:00,68.90795000000008,68.93895000000008,68.71095000000008,68.82395000000008,10834
2026-08-12T20:00:00+00:00,68.82395000000008,68.84595000000009,68.67495000000008,68.70495000000008,3102
2026-08-12T20:30:00+00:00,68.70495000000008,68.79595000000009,68.67195000000008,68.75995000000009,2001
2026-08-12T22:00:00+00:00,68.75995000000009,68.88895000000008,68.58695000000009,68.59895000000009,2606.1723580818098
2026-08-12T22:30:00+00:00,68.59895000000009,68.68595000000008,68.56895000000009,68.59795000000008,1387
2026-08-12T23:00:00+00:00,68.59795000000008,68.76795000000008,68.56595000000009,68.73095000000009,1745
2026-08-12T23:30:00+00:00,68.73095000000009,68.80195000000009,68.6989500000001,68.7999500000001,1646
2026-08-13T00:00:00+00:00,68.7999500000001,69.61895000000008,68.75395000000009,69.40195000000008,11276
2026-08-13T00:30:00+00:00,69.40195000000008,69.79895000000009,69.22295000000008,69.29295000000009,12377
2026-08-13T01:00:00+00:00,69.29295000000009,69.5319500000001,69.07495000000009,69.1299500000001,23925
2026-08-13T01:30:00+00:00,69.1299500000001,69.42395000000009,68.8119500000001,68.93795000000009,16706
2026-08-13T02:00:00+00:00,68.93795000000009,69.13495000000009,68.89895000000008,69.04795000000009,10110
2026-08-13T02:30:00+00:00,69.04795000000009,69.04795000000009,68.44395000000009,68.9309500000001,15018
2026-08-13T03:00:00+00:00,68.9309500000001,69.11195000000009,68.8209500000001,68.9489500000001,12111
2026-08-13T03:30:00+00:00,68.9489500000001,69.02695000000008,68.7999500000001,68.84895000000009,5956
2026-08-13T04:00:00+00:00,68.84895000000009,68.85095000000008,68.5919500000001,68.7789500000001,7226
2026-08-13T04:30:00+00:00,68.7789500000001,68.88195000000009,68.74795000000009,68.86195000000009,5354
2026-08-13T05:00:00+00:00,68.86195000000009,69.14295000000008,68.7759500000001,69.1209500000001,8992
2026-08-13T05:30:00+00:00,69.1209500000001,69.12595000000009,68.40595000000009,68.5259500000001,19377
2026-08-13T06:00:00+00:00,68.5259500000001,68.6479500000001,68.33395000000009,68.42895000000009,14858
2026-08-13T06:30:00+00:00,68.42895000000009,68.47095000000009,68.16495000000009,68.32595000000009,12095
2026-08-13T07:00:00+00:00,68.32595000000009,68.34895000000009,68.12595000000009,68.1899500000001,10848
2026-08-13T07:30:00+00:00,68.1899500000001,68.3089500000001,67.97895000000008,68.07895000000009,10151
2026-08-13T08:00:00+00:00,68.07895000000009,68.1239500000001,67.71995000000008,68.02795000000009,12648
2026-08-13T08:30:00+00:00,68.02795000000009,68.0859500000001,67.87795000000008,67.94495000000009,8937
2026-08-13T09:00:00+00:00,67.94495000000009,68.20595000000009,67.78595000000008,68.04195000000009,9669
2026-08-13T09:30:00+00:00,68.04195000000009,68.16095000000008,68.02195000000009,68.1329500000001,6435
2026-08-13T10:00:00+00:00,68.1329500000001,68.38695000000008,68.10995000000008,68.38195000000009,7076
2026-08-13T10:30:00+00:00,68.38195000000009,68.5409500000001,68.32195000000009,68.45995000000009,5849
2026-08-13T11:00:00+00:00,68.45995000000009,68.5319500000001,68.37495000000008,68.37895000000009,6771
2026-08-13T11:30:00+00:00,68.37895000000009,68.6509500000001,68.33995000000009,68.54495000000009,7350
2026-08-13T12:00:00+00:00,68.54495000000009,68.70595000000009,68.32495000000009,68.53295000000008,10613
2026-08-13T12:30:00+00:00,68.53295000000008,68.90495000000008,68.36395000000009,68.8859500000001,15162
2026-08-13T13:00:00+00:00,68.8859500000001,68.92895000000009,68.59895000000009,68.6299500000001,20391
2026-08-13T13:30:00+00:00,68.6299500000001,68.6959500000001,68.25595000000008,68.28695000000009,42259
2026-08-13T14:00:00+00:00,68.28695000000009,68.4039500000001,68.04895000000009,68.09895000000009,38232
2026-08-13T14:30:00+00:00,68.09895000000009,68.62895000000009,67.92595000000009,68.5049500000001,24177
2026-08-13T15:00:00+00:00,68.5049500000001,68.57595000000009,68.05495000000009,68.0559500000001,19648
2026-08-13T15:30:00+00:00,68.0559500000001,68.36295000000008,67.88795000000009,68.16395000000009,16165
2026-08-13T16:00:00+00:00,68.16395000000009,68.2139500000001,67.93495000000009,68.1539500000001,14695
2026-08-13T16:30:00+00:00,68.1539500000001,68.32895000000009,68.15295000000009,68.26795000000008,10811
2026-08-13T17:00:00+00:00,68.26795000000008,68.45695000000009,68.2139500000001,68.23095000000009,13372
2026-08-13T17:30:00+00:00,68.23095000000009,68.28095000000009,68.1509500000001,68.15495000000008,8176
2026-08-13T18:00:00+00:00,68.15495000000008,68.3269500000001,68.13795000000009,68.16095000000008,10714
2026-08-13T18:30:00+00:00,68.16095000000008,68.4249500000001,68.0079500000001,68.06095000000009,7583
2026-08-13T19:00:00+00:00,68.06095000000009,68.10395000000008,67.71995000000008,67.90295000000009,9147
2026-08-13T19:30:00+00:00,67.90295000000009,67.97395000000009,67.7969500000001,67.88695000000008,9872
2026-08-13T20:00:00+00:00,67.88695000000008,67.97695000000009,67.80995000000009,67.94095000000009,3218
2026-08-13T20:30:00+00:00,67.94095000000009,68.09695000000009,67.88095000000008,67.91695000000009,2742
2026-08-13T22:00:00+00:00,67.91695000000009,67.95695000000009,67.81395000000009,67.93895000000009,3048.9335088471194
2026-08-13T22:30:00+00:00,67.93895000000009,68.0189500000001,67.9149500000001,67.95995000000009,3571
2026-08-13T23:00:00+00:00,67.95995000000009,68.1099500000001,67.86795000000009,68.09995000000009,2181
2026-08-13T23:30:00+00:00,68.09995000000009,68.1289500000001,68.0089500000001,68.0099500000001,4509
2026-08-14T00:00:00+00:00,68.0099500000001,68.1969500000001,67.7899500000001,67.7949500000001,12530
2026-08-14T00:30:00+00:00,67.7949500000001,67.9059500000001,67.38295000000011,67.6559500000001,13925
2026-08-14T01:00:00+00:00,67.6559500000001,67.6559500000001,67.2029500000001,67.44595000000011,24844
2026-08-14T01:30:00+00:00,67.44595000000011,67.52695000000011,67.21895000000012,67.27295000000012,17253
2026-08-14T02:00:00+00:00,67.27295000000012,67.51095000000012,67.19295000000014,67.19495000000015,12252
2026-08-14T02:30:00+00:00,67.19495000000015,67.56695000000015,67.15395000000015,67.26095000000018,13920
2026-08-14T03:00:00+00:00,67.26095000000018,67.58495000000019,67.21195000000017,67.5839500000002,9583
2026-08-14T03:30:00+00:00,67.5839500000002,67.6709500000002,67.4499500000002,67.4579500000002,5410
2026-08-14T04:00:00+00:00,67.4579500000002,67.51095000000022,67.40095000000022,67.44195000000022,3938
2026-08-14T04:30:00+00:00,67.44195000000022,67.47695000000023,67.37295000000023,67.47695000000023,3554
2026-08-14T05:00:00+00:00,67.47695000000023,67.47695000000023,67.22295000000021,67.27895000000022,5749
2026-08-14T05:30:00+00:00,67.27895000000022,67.76295000000022,66.96295000000022,67.73595000000022,15209
2026-08-14T06:00:00+00:00,67.73595000000022,67.88995000000024,67.58895000000021,67.69995000000024,13615
2026-08-14T06:30:00+00:00,67.69995000000024,67.84295000000024,67.63895000000024,67.81695000000023,9204
2026-08-14T07:00:00+00:00,67.81695000000023,67.84795000000024,67.69895000000024,67.69895000000024,7720
2026-08-14T07:30:00+00:00,67.69895000000024,68.16395000000024,67.69195000000023,68.05495000000025,8797
2026-08-14T08:00:00+00:00,68.05495000000025,68.16295000000024,67.95695000000023,68.01095000000024,9741
2026-08-14T08:30:00+00:00,68.01095000000024,68.28595000000024,67.95595000000024,68.16595000000024,6707
2026-08-14T09:00:00+00:00,68.16595000000024,68.24895000000024,68.11595000000024,68.17195000000024,7209
2026-08-14T09:30:00+00:00,68.17195000000024,68.36895000000024,68.10095000000024,68.35295000000023,7375
2026-08-14T10:00:00+00:00,68.35295000000023,68.38395000000024,68.15795000000024,68.17095000000025,6279
2026-08-14T10:30:00+00:00,68.17095000000025,68.17795000000024,68.06695000000023,68.10595000000023,5315
2026-08-14T11:00:00+00:00,68.10595000000023,68.26995000000024,68.05895000000024,68.19995000000024,7297
2026-08-14T11:30:00+00:00,68.19995000000024,68.46895000000023,68.17895000000024,68.45595000000024,8459
2026-08-14T12:00:00+00:00,68.45595000000024,68.52095000000024,68.24295000000023,68.50895000000024,11145
2026-08-14T12:30:00+00:00,68.50895000000024,68.57495000000024,68.35695000000024,68.53895000000024,13612
2026-08-14T13:00:00+00:00,68.53895000000024,68.71395000000024,68.38695000000024,68.59095000000023,17860
2026-08-14T13:30:00+00:00,68.59095000000023,68.92795000000024,68.56495000000024,68.83595000000024,21317
2026-08-14T14:00:00+00:00,68.83595000000024,69.21795000000024,68.80595000000024,69.14295000000024,17686
2026-08-14T14:30:00+00:00,69.14295000000024,69.16595000000024,68.64095000000025,68.67895000000024,13379
2026-08-14T15:00:00+00:00,68.67895000000024,68.83595000000024,68.44495000000023,68.54495000000024,17130
2026-08-14T15:30:00+00:00,68.54495000000024,68.64895000000024,68.44995000000024,68.49795000000024,12738
2026-08-14T16:00:00+00:00,68.49795000000024,68.59095000000023,68.34195000000024,68.38295000000024,10971
2026-08-14T16:30:00+00:00,68.38295000000024,68.49995000000024,68.17795000000024,68.41495000000025,10189
2026-08-14T17:00:00+00:00,68.41495000000025,68.44695000000024,68.28095000000025,68.35295000000023,6462
2026-08-14T17:30:00+00:00,68.35295000000023,68.40395000000024,68.18695000000024,68.28295000000024,6402
2026-08-14T18:00:00+00:00,68.28295000000024,68.34995000000023,68.20395000000023,68.25095000000024,5096
2026-08-14T18:30:00+00:00,68.25095000000024,68.31195000000024,68.13895000000024,68.20895000000024,4812
2026-08-14T19:00:00+00:00,68.20895000000024,68.27295000000024,68.12695000000024,68.23195000000024,4164
2026-08-14T19:30:00+00:00,68.23195000000024,68.27195000000025,68.14895000000024,68.18295000000025,4543
2026-08-14T20:00:00+00:00,68.18295000000025,68.18495000000024,68.08895000000024,68.11595000000024,4316
2026-08-14T20:30:00+00:00,68.11595000000024,68.18095000000024,68.08895000000024,68.16995000000024,1000
2026-08-16T22:00:00+00:00,68.16995000000024,68.81195000000024,67.98595000000024,68.64395000000023,4410.546770388319
2026-08-16T22:30:00+00:00,68.64395000000023,68.98595000000023,68.63595000000024,68.96795000000023,2875
2026-08-16T23:00:00+00:00,68.96795000000023,68.97495000000023,68.74995000000023,68.80395000000023,3187
2026-08-16T23:30:00+00:00,68.80395000000023,68.80795000000023,68.51195000000023,68.55695000000023,4135
2026-08-17T00:00:00+00:00,68.55695000000023,68.98295000000023,68.54495000000023,68.93695000000024,8395
2026-08-17T00:30:00+00:00,68.93695000000024,69.27895000000024,68.90995000000024,69.26295000000023,7297
2026-08-17T01:00:00+00:00,69.26295000000023,69.95995000000023,69.22295000000022,69.62395000000024,20651
2026-08-17T01:30:00+00:00,69.62395000000024,69.64295000000023,69.35795000000023,69.42795000000024,14993
2026-08-17T02:00:00+00:00,69.42795000000024,69.55695000000023,69.39095000000023,69.46495000000023,11080
2026-08-17T02:30:00+00:00,69.46495000000023,69.57495000000023,69.17295000000023,69.34395000000023,10069
2026-08-17T03:00:00+00:00,69.34395000000023,69.42595000000023,69.18795000000023,69.31995000000023,9322
2026-08-17T03:30:00+00:00,69.31995000000023,69.36795000000023,69.19595000000024,69.27695000000023,5762
2026-08-17T04:00:00+00:00,69.27695000000023,69.42295000000023,69.12595000000023,69.15595000000023,5485
2026-08-17T04:30:00+00:00,69.15595000000023,69.35195000000023,69.12495000000023,69.16595000000024,5378
2026-08-17T05:00:00+00:00,69.16595000000024,69.52295000000024,69.15895000000023,69.51895000000023,6769
2026-08-17T05:30:00+00:00,69.51895000000023,69.62595000000023,69.43695000000024,69.51095000000024,14803
2026-08-17T06:00:00+00:00,69.51095000000024,69.76995000000024,69.40795000000023,69.55595000000024,9796
2026-08-17T06:30:00+00:00,69.55595000000024,69.81095000000023,69.41295000000024,69.66095000000023,7906
2026-08-17T07:00:00+00:00,69.66095000000023,69.66395000000023,69.34995000000023,69.55795000000023,7487
2026-08-17T07:30:00+00:00,69.55795000000023,69.73395000000023,69.44695000000023,69.46495000000023,7227
2026-08-17T08:00:00+00:00,69.46495000000023,69.46495000000023,69.24095000000023,69.33295000000022,7501
2026-08-17T08:30:00+00:00,69.33295000000022,69.38695000000023,69.18895000000023,69.24395000000023,5387
2026-08-17T09:00:00+00:00,69.24395000000023,69.35595000000023,69.20195000000024,69.24495000000023,5529
2026-08-17T09:30:00+00:00,69.24495000000023,69.31895000000023,69.20895000000023,69.24195000000023,4748
2026-08-17T10:00:00+00:00,69.24195000000023,69.58795000000023,69.17895000000023,69.58695000000023,6626
2026-08-17T10:30:00+00:00,69.58695000000023,69.59495000000022,69.29895000000023,69.34195000000022,8268
2026-08-17T11:00:00+00:00,69.34195000000022,69.52395000000023,69.29495000000023,69.49595000000024,6751
2026-08-17T11:30:00+00:00,69.49595000000024,69.58095000000023,69.37995000000024,69.40895000000023,6031
2026-08-17T12:00:00+00:00,69.40895000000023,69.47495000000023,69.12095000000024,69.22695000000023,12176
2026-08-17T12:30:00+00:00,69.22695000000023,69.32895000000023,68.86995000000023,68.96795000000023,11267
2026-08-17T13:00:00+00:00,68.96795000000023,69.16795000000023,68.80395000000023,69.03695000000023,15298
2026-08-17T13:30:00+00:00,69.03695000000023,69.49095000000023,68.97095000000023,69.42295000000023,19603
2026-08-17T14:00:00+00:00,69.42295000000023,70.02395000000023,69.36195000000023,69.68395000000024,17846
2026-08-17T14:30:00+00:00,69.68395000000024,70.12695000000024,69.67895000000023,69.94795000000023,12611
2026-08-17T15:00:00+00:00,69.94795000000023,70.29395000000024,69.85795000000023,70.26895000000023,10923
2026-08-17T15:30:00+00:00,70.26895000000023,70.28895000000023,70.01395000000024,70.16595000000024,7254
2026-08-17T16:00:00+00:00,70.16595000000024,70.18595000000023,70.01795000000023,70.05395000000023,6167
2026-08-17T16:30:00+00:00,70.05395000000023,70.14195000000024,69.99395000000023,70.10195000000023,4389
2026-08-17T17:00:00+00:00,70.10195000000023,70.14895000000023,69.69895000000024,69.72795000000023,6610
2026-08-17T17:30:00+00:00,69.72795000000023,69.85295000000023,69.62295000000023,69.64895000000023,6927
2026-08-17T18:00:00+00:00,69.64895000000023,69.73895000000023,69.51395000000024,69.60695000000023,8008
2026-08-17T18:30:00+00:00,69.60695000000023,69.62295000000023,69.43295000000023,69.53795000000024,6556
2026-08-17T19:00:00+00:00,69.53795000000024,69.71595000000023,69.40395000000024,69.66095000000023,5084
2026-08-17T19:30:00+00:00,69.66095000000023,69.71795000000023,69.56795000000024,69.64295000000023,3950
2026-08-17T20:00:00+00:00,69.64295000000023,69.66495000000023,69.50095000000023,69.50895000000023,1606
2026-08-17T20:30:00+00:00,69.50895000000023,69.53195000000024,69.45995000000023,69.49795000000023,1407
2026-08-17T22:00:00+00:00,69.49795000000023,69.58495000000023,69.37295000000023,69.41595000000024,1740.072327498915
2026-08-17T22:30:00+00:00,69.41595000000024,69.50195000000024,69.38595000000024,69.40995000000024,1778
2026-08-17T23:00:00+00:00,69.40995000000024,69.63995000000024,69.38695000000024,69.59095000000023,1945
2026-08-17T23:30:00+00:00,69.59095000000023,69.72595000000024,69.58095000000024,69.72495000000023,2471
2026-08-18T00:00:00+00:00,69.72495000000023,70.19795000000023,69.60395000000024,70.13995000000024,8692
2026-08-18T00:30:00+00:00,70.13995000000024,70.22295000000024,69.99095000000024,70.18695000000024,6717
2026-08-18T01:00:00+00:00,70.18695000000024,70.31395000000023,69.97295000000024,70.18495000000024,17196
2026-08-18T01:30:00+00:00,70.18495000000024,70.19695000000024,69.17695000000023,69.38495000000023,20727
2026-08-18T02:00:00+00:00,69.38495000000023,69.39295000000024,69.10695000000024,69.18995000000024,11247
2026-08-18T02:30:00+00:00,69.18995000000024,69.25395000000023,68.94695000000024,69.12195000000024,13430
2026-08-18T03:00:00+00:00,69.12195000000024,69.25695000000023,68.93795000000024,69.03695000000023,10404
2026-08-18T03:30:00+00:00,69.03695000000023,69.05995000000024,68.92395000000023,68.96095000000024,5738
2026-08-18T04:00:00+00:00,68.96095000000024,68.99895000000024,68.87495000000024,68.94195000000023,5535
2026-08-18T04:30:00+00:00,68.94195000000023,69.00795000000024,68.84595000000024,68.92395000000023,6421
2026-08-18T05:00:00+00:00,68.92395000000023,68.97795000000023,68.80795000000023,68.81095000000023,5669
2026-08-18T05:30:00+00:00,68.81095000000023,69.02395000000024,68.50595000000024,68.94895000000024,13636
2026-08-18T06:00:00+00:00,68.94895000000024,69.20295000000024,68.72095000000024,69.14795000000024,10860
2026-08-18T06:30:00+00:00,69.14795000000024,69.15195000000024,68.98395000000023,69.03895000000024,8749
2026-08-18T07:00:00+00:00,69.03895000000024,69.07795000000024,68.93795000000024,69.06295000000024,7632
2026-08-18T07:30:00+00:00,69.06295000000024,69.07495000000024,68.76295000000023,68.76895000000023,7863
2026-08-18T08:00:00+00:00,68.76895000000023,68.79595000000023,68.59195000000024,68.71095000000024,10341
2026-08-18T08:30:00+00:00,68.71095000000024,68.86995000000023,68.66395000000024,68.76495000000024,8278
2026-08-18T09:00:00+00:00,68.76495000000024,68.79395000000024,68.63495000000023,68.70595000000024,7619
2026-08-18T09:30:00+00:00,68.70595000000024,68.84795000000024,68.63495000000023,68.83895000000024,7669
2026-08-18T10:00:00+00:00,68.83895000000024,68.89495000000024,68.70895000000024,68.76695000000024,5726
2026-08-18T10:30:00+00:00,68.76695000000024,68.91195000000023,68.76495000000024,68.87495000000024,5421
2026-08-18T11:00:00+00:00,68.87495000000024,68.90995000000024,68.70795000000024,68.72395000000023,6319
2026-08-18T11:30:00+00:00,68.72395000000023,68.91695000000024,68.66595000000024,68.90495000000024,5792
2026-08-18T12:00:00+00:00,68.90495000000024,69.00795000000024,68.69495000000023,68.91695000000024,9467
2026-08-18T12:30:00+00:00,68.91695000000024,68.97495000000023,68.80195000000023,68.86495000000023,8971
2026-08-18T13:00:00+00:00,68.86495000000023,68.97795000000023,68.59395000000023,68.62095000000024,18316
2026-08-18T13:30:00+00:00,68.62095000000024,69.05195000000023,68.29395000000024,68.63195000000023,37937
2026-08-18T14:00:00+00:00,68.63195000000023,68.73795000000024,68.27695000000024,68.47495000000023,31343
2026-08-18T14:30:00+00:00,68.47495000000023,68.52595000000024,67.86395000000024,67.91895000000024,35073
2026-08-18T15:00:00+00:00,67.91895000000024,68.09795000000024,67.27295000000024,67.42095000000025,30471
2026-08-18T15:30:00+00:00,67.42095000000025,67.76295000000025,67.31995000000025,67.73895000000024,17051
2026-08-18T16:00:00+00:00,67.73895000000024,67.88695000000027,67.61595000000025,67.62595000000026,11097
2026-08-18T16:30:00+00:00,67.62595000000026,67.75495000000025,67.58795000000025,67.61695000000026,11383
2026-08-18T17:00:00+00:00,67.61695000000026,67.76395000000026,67.60295000000025,67.72995000000026,11335
2026-08-18T17:30:00+00:00,67.72995000000026,67.75195000000026,67.5359500000003,67.57995000000031,11162
2026-08-18T18:00:00+00:00,67.57995000000031,67.62695000000032,67.45595000000031,67.57195000000033,13084
2026-08-18T18:30:00+00:00,67.57195000000033,67.64195000000032,67.49195000000034,67.51795000000033,7623
2026-08-18T19:00:00+00:00,67.51795000000033,67.60795000000033,67.49095000000035,67.56795000000034,8138
2026-08-18T19:30:00+00:00,67.56795000000034,67.60595000000033,67.1189500000003,67.31295000000027,12692
2026-08-18T20:00:00+00:00,67.31295000000027,67.46295000000028,67.07995000000028,67.2219500000003,4182
2026-08-18T20:30:00+00:00,67.2219500000003,67.28395000000032,66.92695000000035,67.08495000000032,3426
2026-08-18T22:00:00+00:00,67.08495000000032,67.80395000000033,66.80095000000033,67.36215000000027,2411.839636859358
2026-08-18T22:30:00+00:00,67.36215000000027,67.36315000000027,67.24615000000026,67.27315000000026,1959
2026-08-18T23:00:00+00:00,67.27315000000026,67.37115000000026,66.94715000000029,66.9511500000003,4471
2026-08-18T23:30:00+00:00,66.9511500000003,67.0601500000003,66.8471500000003,67.04315000000028,4783
2026-08-19T00:00:00+00:00,67.04315000000028,67.2471500000003,66.93815000000029,67.12315000000032,14376
2026-08-19T00:30:00+00:00,67.12315000000032,67.33415000000032,67.01115000000033,67.05515000000031,11859
2026-08-19T01:00:00+00:00,67.05515000000031,67.21015000000031,66.7021500000003,67.0721500000003,24375
2026-08-19T01:30:00+00:00,67.0721500000003,67.43415000000029,67.0481500000003,67.29515000000029,15284
2026-08-19T02:00:00+00:00,67.29515000000029,67.41215000000031,67.1301500000003,67.28115000000031,11207
2026-08-19T02:30:00+00:00,67.28115000000031,67.32315000000031,67.0621500000003,67.15815000000029,13010
2026-08-19T03:00:00+00:00,67.15815000000029,67.24215000000027,66.98015000000032,67.14915000000035,9882
2026-08-19T03:30:00+00:00,67.14915000000035,67.29915000000037,67.13915000000034,67.15015000000032,4394
2026-08-19T04:00:00+00:00,67.15015000000032,67.19015000000033,66.9031500000003,66.91815000000031,4874
2026-08-19T04:30:00+00:00,66.91815000000031,66.97915000000029,66.85215000000032,66.97915000000029,5690
2026-08-19T05:00:00+00:00,66.97915000000029,67.00115000000028,66.67315000000028,66.97515000000027,7725
2026-08-19T05:30:00+00:00,66.97515000000027,66.98015000000026,66.72915000000026,66.77615000000026,17372
2026-08-19T06:00:00+00:00,66.77615000000026,67.14115000000021,66.73915000000022,67.00415000000021,13160
2026-08-19T06:30:00+00:00,67.00415000000021,67.25315000000016,66.8601500000002,67.24115000000016,11328
2026-08-19T07:00:00+00:00,67.24115000000016,67.33615000000012,67.19015000000013,67.30815000000013,7939
2026-08-19T07:30:00+00:00,67.30815000000013,67.40715000000014,67.13815000000015,67.18815000000016,7896
2026-08-19T08:00:00+00:00,67.18815000000016,67.38915000000013,67.14215000000017,67.35515000000012,10504
2026-08-19T08:30:00+00:00,67.35515000000012,67.41215000000011,67.18615000000014,67.19115000000014,6418
2026-08-19T09:00:00+00:00,67.19115000000014,67.26415000000013,67.15115000000011,67.24515000000011,7733
2026-08-19T09:30:00+00:00,67.24515000000011,67.3791500000001,67.19915000000009,67.3791500000001,6163
2026-08-19T10:00:00+00:00,67.3791500000001,67.50015000000008,67.26615000000008,67.47615000000008,7561
2026-08-19T10:30:00+00:00,67.47615000000008,67.52115000000003,67.40115000000003,67.45615000000001,5749
2026-08-19T11:00:00+00:00,67.45615000000001,67.74815000000001,67.41315,67.68915000000001,7940
2026-08-19T11:30:00+00:00,67.68915000000001,67.79015000000001,67.53515000000002,67.66715,7240
2026-08-19T12:00:00+00:00,67.66715,68.02415000000003,67.61815,67.88715000000005,11142
2026-08-19T12:30:00+00:00,67.88715000000005,69.25515000000006,67.84215000000006,69.02815000000007,40468
2026-08-19T13:00:00+00:00,69.02815000000007,69.34715000000006,68.64515000000006,69.29315000000007,31732
2026-08-19T13:30:00+00:00,69.29315000000007,69.59015000000007,68.95015000000006,69.20315000000006,35130
2026-08-19T14:00:00+00:00,69.20315000000006,69.67515000000006,69.12915000000007,69.61415000000007,33651
2026-08-19T14:30:00+00:00,69.61415000000007,70.03815000000006,69.52615000000006,69.71815000000007,20076
2026-08-19T15:00:00+00:00,69.71815000000007,69.80215000000007,69.52815000000007,69.63415000000006,16562
2026-08-19T15:30:00+00:00,69.63415000000006,70.02715000000006,69.59315000000007,70.00215000000006,11780
2026-08-19T16:00:00+00:00,70.00215000000006,70.17115000000007,69.94115000000006,69.96115000000006,12427
2026-08-19T16:30:00+00:00,69.96115000000006,70.04515000000006,69.90015000000007,69.90415000000006,8370
2026-08-19T17:00:00+00:00,69.90415000000006,70.03815000000006,69.72015000000006,69.78415000000007,11043
2026-08-19T17:30:00+00:00,69.78415000000007,69.91215000000007,69.72315000000006,69.80515000000007,7725
2026-08-19T18:00:00+00:00,69.80515000000007,70.06515000000006,69.59615000000007,69.64915000000006,15146
2026-08-19T18:30:00+00:00,69.64915000000006,70.17715000000007,69.61115000000007,70.16415000000006,7823
2026-08-19T19:00:00+00:00,70.16415000000006,70.53915000000006,70.16215000000007,70.50215000000006,9477
2026-08-19T19:30:00+00:00,70.50215000000006,70.63915000000006,70.35215000000007,70.49915000000006,9631
2026-08-19T20:00:00+00:00,70.49915000000006,70.69915000000006,70.42115000000007,70.66115000000006,4252
2026-08-19T20:30:00+00:00,70.66115000000006,71.13415000000006,70.65315000000007,71.10115000000006,4603
2026-08-19T22:00:00+00:00,71.10115000000006,71.44015000000006,71.01315000000005,71.30615000000006,4646.707538191836
2026-08-19T22:30:00+00:00,71.30615000000006,71.30615000000006,71.15415000000007,71.22015000000006,3490
2026-08-19T23:00:00+00:00,71.22015000000006,71.39915000000006,71.18515000000006,71.32415000000006,4655
2026-08-19T23:30:00+00:00,71.32415000000006,71.47215000000007,71.26115000000007,71.27815000000007,3965
2026-08-20T00:00:00+00:00,71.27815000000007,71.61615000000006,71.22715000000007,71.33015000000006,15676
2026-08-20T00:30:00+00:00,71.33015000000006,71.40215000000006,71.00615000000006,71.08715000000007,12734
2026-08-20T01:00:00+00:00,71.08715000000007,71.20415000000007,70.70415000000007,71.15715000000007,25800
2026-08-20T01:30:00+00:00,71.15715000000007,71.26015000000007,70.92515000000006,71.04915000000007,21604
2026-08-20T02:00:00+00:00,71.04915000000007,71.62815000000006,71.04915000000007,71.30715000000006,14510
2026-08-20T02:30:00+00:00,71.30715000000006,71.50015000000006,71.25415000000007,71.36115000000007,14655
2026-08-20T03:00:00+00:00,71.36115000000007,71.52315000000007,71.29715000000006,71.43715000000006,12132
2026-08-20T03:30:00+00:00,71.43715000000006,71.57015000000007,71.32015000000007,71.50315000000006,6254
2026-08-20T04:00:00+00:00,71.50315000000006,71.52215000000007,71.31315000000006,71.32015000000007,5942
2026-08-20T04:30:00+00:00,71.32015000000007,71.47815000000007,71.16515000000007,71.39515000000007,5273
2026-08-20T05:00:00+00:00,71.39515000000007,71.61015000000006,71.18215000000006,71.18215000000006,7171
2026-08-20T05:30:00+00:00,71.18215000000006,71.31315000000006,70.92815000000006,71.10615000000007,13336
2026-08-20T06:00:00+00:00,71.10615000000007,71.46315000000007,71.01915000000007,71.36015000000006,11722
2026-08-20T06:30:00+00:00,71.36015000000006,71.44115000000006,71.23615000000007,71.32315000000007,10800
2026-08-20T07:00:00+00:00,71.32315000000007,71.32415000000006,70.83615000000006,70.84315000000007,9563
2026-08-20T07:30:00+00:00,70.84315000000007,71.02215000000007,70.78715000000007,70.90715000000007,11228
2026-08-20T08:00:00+00:00,70.90715000000007,71.17615000000006,70.89515000000007,70.99615000000007,12522
2026-08-20T08:30:00+00:00,70.99615000000007,71.08915000000006,70.85615000000007,70.97115000000007,11914
2026-08-20T09:00:00+00:00,70.97115000000007,71.07715000000006,70.90415000000007,71.00115000000007,10855
2026-08-20T09:30:00+00:00,71.00115000000007,71.06815000000006,70.90815000000006,70.97615000000006,10876
2026-08-20T10:00:00+00:00,70.97615000000006,71.26815000000006,70.93215000000006,71.22015000000006,9987
2026-08-20T10:30:00+00:00,71.22015000000006,71.27115000000006,71.09615000000007,71.17415000000007,7857
2026-08-20T11:00:00+00:00,71.17415000000007,71.22315000000006,70.89915000000006,70.98315000000007,12146
2026-08-20T11:30:00+00:00,70.98315000000007,71.06115000000007,70.45015000000006,70.46915000000007,14753
2026-08-20T12:00:00+00:00,70.46915000000007,70.51415000000007,69.94715000000006,70.42615000000006,23893
2026-08-20T12:30:00+00:00,70.42615000000006,70.94415000000006,70.21815000000007,70.86315000000006,18326
2026-08-20T13:00:00+00:00,70.86315000000006,71.13715000000006,70.82815000000006,71.04215000000006,24382
2026-08-20T13:30:00+00:00,71.04215000000006,71.82815000000006,71.04215000000006,71.48515000000006,37154
2026-08-20T14:00:00+00:00,71.48515000000006,71.88815000000007,71.42615000000006,71.80215000000007,34116
2026-08-20T14:30:00+00:00,71.80215000000007,72.72715000000007,71.79215000000006,72.70215000000006,26549
2026-08-20T15:00:00+00:00,72.70215000000006,73.42115000000007,72.63015000000007,73.07115000000006,50316
2026-08-20T15:30:00+00:00,73.07115000000006,73.08415000000007,72.47015000000006,72.63515000000007,29087
2026-08-20T16:00:00+00:00,72.63515000000007,72.75115000000007,72.24715000000006,72.33915000000006,21929
2026-08-20T16:30:00+00:00,72.33915000000006,72.59915000000007,72.26115000000007,72.53515000000006,15315
2026-08-20T17:00:00+00:00,72.53515000000006,72.61415000000007,72.36315000000006,72.41515000000007,14951
2026-08-20T17:30:00+00:00,72.41515000000007,72.56915000000006,72.39315000000006,72.49015000000007,11380
2026-08-20T18:00:00+00:00,72.49015000000007,72.52815000000007,72.05915000000006,72.33315000000006,16647
2026-08-20T18:30:00+00:00,72.33315000000006,72.38315000000007,72.22315000000006,72.23615000000007,13615
2026-08-20T19:00:00+00:00,72.23615000000007,72.59415000000007,72.16115000000006,72.42015000000006,9969
2026-08-20T19:30:00+00:00,72.42015000000006,72.69615000000006,72.38015000000007,72.58715000000007,14934
2026-08-20T20:00:00+00:00,72.58715000000007,72.62315000000007,72.40815000000006,72.41515000000007,4635
2026-08-20T20:30:00+00:00,72.41515000000007,72.47615000000006,72.37215000000006,72.40215000000006,2857
2026-08-20T22:00:00+00:00,72.40215000000006,72.73115000000007,72.40215000000006,72.66115000000006,2286.9389822959583
2026-08-20T22:30:00+00:00,72.66115000000006,72.79815000000006,72.63115000000006,72.78615000000006,2099
2026-08-20T23:00:00+00:00,72.78615000000006,72.92415000000007,72.74915000000007,72.85415000000008,3230
2026-08-20T23:30:00+00:00,72.85415000000008,72.88315000000007,72.70515000000007,72.73115000000007,3527
2026-08-21T00:00:00+00:00,72.73115000000007,72.78015000000006,72.53115000000007,72.58015000000007,10803
2026-08-21T00:30:00+00:00,72.58015000000007,72.63515000000007,72.46315000000007,72.50715000000007,7714
2026-08-21T01:00:00+00:00,72.50715000000007,73.16415000000006,72.43415000000007,73.02215000000007,20161
2026-08-21T01:30:00+00:00,73.02215000000007,73.22215000000007,72.82715000000007,73.07715000000007,11642
2026-08-21T02:00:00+00:00,73.07715000000007,73.20915000000007,72.86615000000008,73.14615000000006,7082
2026-08-21T02:30:00+00:00,73.14615000000006,73.55315000000007,73.02815000000007,73.25615000000006,11889
2026-08-21T03:00:00+00:00,73.25615000000006,73.51115000000007,73.23615000000007,73.26015000000007,8911
2026-08-21T03:30:00+00:00,73.26015000000007,73.43715000000007,73.24315000000007,73.41115000000006,5544
2026-08-21T04:00:00+00:00,73.41115000000006,73.71315000000007,73.39815000000007,73.69615000000007,7049
2026-08-21T04:30:00+00:00,73.69615000000007,73.70215000000007,73.49315000000007,73.51415000000007,4269
2026-08-21T05:00:00+00:00,73.51415000000007,73.53715000000007,73.30315000000007,73.32315000000007,6324
2026-08-21T05:30:00+00:00,73.32315000000007,73.73215000000008,73.25815000000007,73.70615000000006,12635
2026-08-21T06:00:00+00:00,73.70615000000006,73.71815000000007,73.32815000000006,73.38815000000007,12398
2026-08-21T06:30:00+00:00,73.38815000000007,73.67115000000007,73.35415000000008,73.37115000000007,10717
2026-08-21T07:00:00+00:00,73.37115000000007,73.64015000000006,73.33915000000007,73.47915000000008,9386
2026-08-21T07:30:00+00:00,73.47915000000008,73.95615000000006,73.42215000000007,73.86815000000007,8718
2026-08-21T08:00:00+00:00,73.86815000000007,74.23615000000007,73.66015000000007,74.23615000000007,10948
2026-08-21T08:30:00+00:00,74.23615000000007,74.45015000000006,74.20915000000007,74.35215000000007,9879
2026-08-21T09:00:00+00:00,74.35215000000007,74.52515000000007,73.99215000000007,74.02115000000006,11117
2026-08-21T09:30:00+00:00,74.02115000000006,74.18215000000006,73.94715000000006,73.96415000000007,7830
2026-08-21T10:00:00+00:00,73.96415000000007,74.05115000000006,73.70315000000006,73.94615000000007,9999
2026-08-21T10:30:00+00:00,73.94615000000007,74.08915000000007,73.87415000000007,74.02915000000007,8555
2026-08-21T11:00:00+00:00,74.02915000000007,74.54815000000006,73.95415000000007,74.50015000000006,13193
2026-08-21T11:30:00+00:00,74.50015000000006,74.54315000000007,74.22515000000007,74.23915000000007,11985
2026-08-21T12:00:00+00:00,74.23915000000007,74.27615000000007,73.85015000000007,73.99315000000007,14712
2026-08-21T12:30:00+00:00,73.99315000000007,74.01515000000006,73.59315000000007,73.95715000000007,13256
2026-08-21T13:00:00+00:00,73.95715000000007,74.20115000000007,73.84515000000007,74.10815000000007,19332
2026-08-21T13:30:00+00:00,74.10815000000007,74.39215000000007,73.77115000000006,73.87915000000007,36689
2026-08-21T14:00:00+00:00,73.87915000000007,74.33015000000007,73.84215000000007,74.24415000000008,33689
2026-08-21T14:30:00+00:00,74.24415000000008,74.26015000000007,73.42515000000007,73.68115000000007,32205
2026-08-21T15:00:00+00:00,73.68115000000007,74.11215000000007,73.53115000000007,73.98415000000007,24603
2026-08-21T15:30:00+00:00,73.98415000000007,74.22815000000007,73.86715000000007,74.05515000000007,20155
2026-08-21T16:00:00+00:00,74.05515000000007,74.23115000000007,73.86615000000008,74.08515000000007,16630
2026-08-21T16:30:00+00:00,74.08515000000007,74.47615000000008,74.05415000000006,74.42615000000006,14830
2026-08-21T17:00:00+00:00,74.42615000000006,74.47515000000007,73.92715000000007,74.13615000000007,23661
2026-08-21T17:30:00+00:00,74.13615000000007,74.20815000000007,73.95115000000007,74.02715000000006,21270
2026-08-21T18:00:00+00:00,74.02715000000006,74.26315000000007,74.01715000000007,74.15015000000007,13692
2026-08-21T18:30:00+00:00,74.15015000000007,74.15815000000006,74.00315000000006,74.13415000000006,10927
2026-08-21T19:00:00+00:00,74.13415000000006,74.15815000000006,73.94415000000006,73.94415000000006,10017
2026-08-21T19:30:00+00:00,73.94415000000006,74.01715000000007,73.80515000000007,73.92315000000006,9791
2026-08-21T20:00:00+00:00,73.92315000000006,73.92615000000006,73.50915000000006,73.53915000000006,6019
2026-08-21T20:30:00+00:00,73.53915000000006,73.61115000000007,73.34515000000007,73.49915000000007,1712
2026-08-23T22:00:00+00:00,68.813,69.299,68.715,69.017,8624
2026-08-23T22:30:00+00:00,69.017,69.08,68.764,68.773,5136
2026-08-23T23:00:00+00:00,68.773,69.015,68.731,68.976,4356
2026-08-23T23:30:00+00:00,68.976,69.22,68.906,69.201,8746
2026-08-24T00:00:00+00:00,69.201,69.575,68.642,68.835,20037
2026-08-24T00:30:00+00:00,68.835,69.183,68.56,69.169,13591
2026-08-24T01:00:00+00:00,69.169,69.375,68.448,68.448,30903
2026-08-24T01:30:00+00:00,68.448,68.782,68.255,68.666,17724
2026-08-24T02:00:00+00:00,68.666,69.188,68.591,69.126,15041
2026-08-24T02:30:00+00:00,69.126,69.187,68.501,68.799,17660
2026-08-24T03:00:00+00:00,68.799,68.919,68.641,68.805,12192
2026-08-24T03:30:00+00:00,68.805,69.044,68.789,68.811,6928
2026-08-24T04:00:00+00:00,68.811,68.876,68.689,68.801,8545
2026-08-24T04:30:00+00:00,68.801,68.809,68.672,68.725,6468
2026-08-24T05:00:00+00:00,68.725,68.903,68.64,68.644,7509
2026-08-24T05:30:00+00:00,68.644,68.837,68.473,68.83,16239
2026-08-24T06:00:00+00:00,68.83,69.282,68.776,68.875,19819
2026-08-24T06:30:00+00:00,68.875,69.087,68.846,69.003,14227
2026-08-24T07:00:00+00:00,69.003,69.125,68.837,68.872,13967
2026-08-24T07:30:00+00:00,68.872,68.97,68.624,68.75,13336
2026-08-24T08:00:00+00:00,68.75,68.956,68.529,68.531,15149
2026-08-24T08:30:00+00:00,68.531,68.836,68.496,68.589,10243
2026-08-24T09:00:00+00:00,68.589,68.708,68.509,68.523,10698
2026-08-24T09:30:00+00:00,68.523,68.734,68.501,68.719,8358
2026-08-24T10:00:00+00:00,68.719,68.884,68.711,68.781,7400
2026-08-24T10:30:00+00:00,68.781,68.873,68.623,68.691,7794
2026-08-24T11:00:00+00:00,68.691,68.815,68.569,68.785,10195
2026-08-24T11:30:00+00:00,68.785,69.385,68.712,69.131,21697
2026-08-24T12:00:00+00:00,69.131,69.208,68.96,69.189,14581
2026-08-24T12:30:00+00:00,69.189,69.322,68.763,69.034,16946
2026-08-24T13:00:00+00:00,69.034,69.76,69.006,69.356,27574
2026-08-24T13:30:00+00:00,69.356,69.586,68.669,68.86,62843
2026-08-24T14:00:00+00:00,68.86,69.001,68.49,68.946,43328
2026-08-24T14:30:00+00:00,68.946,69.145,68.516,68.791,23330
2026-08-24T15:00:00+00:00,68.791,69.257,68.752,69.067,20722
2026-08-24T15:30:00+00:00,69.067,69.097,68.209,68.374,27649
2026-08-24T16:00:00+00:00,68.374,68.716,68.348,68.691,19242
2026-08-24T16:30:00+00:00,68.691,68.72,68.476,68.512,11815
2026-08-24T17:00:00+00:00,68.512,68.746,68.233,68.371,25452
2026-08-24T17:30:00+00:00,68.371,68.432,68.183,68.33,15030
2026-08-24T18:00:00+00:00,68.33,68.575,68.15,68.476,14933
2026-08-24T18:30:00+00:00,68.476,68.501,68.165,68.351,10971
2026-08-24T19:00:00+00:00,68.351,68.535,68.318,68.39,10975
2026-08-24T19:30:00+00:00,68.39,68.692,68.339,68.677,9092
2026-08-24T20:00:00+00:00,68.677,68.732,68.651,68.67,3329
2026-08-24T20:30:00+00:00,68.67,68.82,68.659,68.753,1912
2026-08-24T22:00:00+00:00,68.753,68.989,68.753,68.825,2464
2026-08-24T22:30:00+00:00,68.825,69.09,68.82,69.066,1625
2026-08-24T23:00:00+00:00,69.066,69.217,69.013,69.126,2638
2026-08-24T23:30:00+00:00,69.126,69.595,69.116,69.555,6491
2026-08-25T00:00:00+00:00,69.555,69.788,69.154,69.24,19005
2026-08-25T00:30:00+00:00,69.24,69.547,69.216,69.248,18562
2026-08-25T01:00:00+00:00,69.248,69.366,68.907,68.965,29833
2026-08-25T01:30:00+00:00,68.965,69.142,68.572,68.586,24074
2026-08-25T02:00:00+00:00,68.586,68.669,67.745,68.213,22466
2026-08-25T02:30:00+00:00,68.213,68.216,67.389,67.599,31075
2026-08-25T03:00:00+00:00,67.599,67.781,67.516,67.756,19619
2026-08-25T03:30:00+00:00,67.756,67.914,67.72,67.818,7928
2026-08-25T04:00:00+00:00,67.818,67.888,67.686,67.753,7607
2026-08-25T04:30:00+00:00,67.753,67.764,67.563,67.651,10556
2026-08-25T05:00:00+00:00,67.651,68.152,67.586,68.137,13149
2026-08-25T05:30:00+00:00,68.137,68.15,67.684,67.897,19674
2026-08-25T06:00:00+00:00,67.897,68.49,67.827,68.356,15320
2026-08-25T06:30:00+00:00,68.356,68.507,68.209,68.236,10152
2026-08-25T07:00:00+00:00,68.236,68.304,67.998,67.999,9171
2026-08-25T07:30:00+00:00,67.999,68.146,67.888,67.891,8995
2026-08-25T08:00:00+00:00,67.891,68.106,67.565,67.875,19029
2026-08-25T08:30:00+00:00,67.875,67.923,67.603,67.742,13715
2026-08-25T09:00:00+00:00,67.742,67.8,67.414,67.65,11416
2026-08-25T09:30:00+00:00,67.65,68.078,67.561,67.889,17376
2026-08-25T10:00:00+00:00,67.889,67.917,67.697,67.735,8098
2026-08-25T10:30:00+00:00,67.735,67.816,67.646,67.741,7998
2026-08-25T11:00:00+00:00,67.741,67.921,67.646,67.911,9025
2026-08-25T11:30:00+00:00,67.911,68.081,67.879,67.955,7556
2026-08-25T12:00:00+00:00,67.955,67.969,67.734,67.828,11971
2026-08-25T12:30:00+00:00,67.828,68.079,67.635,68.076,11690
2026-08-25T13:00:00+00:00,68.076,68.096,67.329,67.337,27014
2026-08-25T13:30:00+00:00,67.337,67.672,67.286,67.548,36804
2026-08-25T14:00:00+00:00,67.548,67.899,67.536,67.81400000000001,31919
2026-08-25T14:30:00+00:00,67.81400000000001,68.145,67.56,68.002,30750
2026-08-25T15:00:00+00:00,68.002,68.309,67.869,68.183,22616
2026-08-25T15:30:00+00:00,68.183,68.754,68.183,68.684,26828
2026-08-25T16:00:00+00:00,68.684,68.715,68.369,68.509,21081
2026-08-25T16:30:00+00:00,68.509,68.687,68.388,68.548,13306
2026-08-25T17:00:00+00:00,68.548,68.715,68.459,68.561,15285
2026-08-25T17:30:00+00:00,68.561,68.81700000000001,68.545,68.741,14228
2026-08-25T18:00:00+00:00,68.741,68.788,68.647,68.741,12714
2026-08-25T18:30:00+00:00,68.741,68.76,68.612,68.751,9911
2026-08-25T19:00:00+00:00,68.751,69.13600000000001,68.748,68.903,12601
2026-08-25T19:30:00+00:00,68.903,68.918,68.71600000000001,68.78800000000001,11967
2026-08-25T20:00:00+00:00,68.78800000000001,68.933,68.67900000000002,68.69500000000001,5434
2026-08-25T20:30:00+00:00,68.69500000000001,68.72200000000001,68.424,68.465,3356
2026-08-25T22:00:00+00:00,68.466,68.75,68.462,68.75,2258
2026-08-25T22:30:00+00:00,68.75,68.944,68.742,68.897,2727
2026-08-25T23:00:00+00:00,68.897,68.927,68.677,68.696,2942
2026-08-25T23:30:00+00:00,68.696,68.7,68.541,68.591,4470
2026-08-26T00:00:00+00:00,68.591,68.68,68.355,68.393,13958
2026-08-26T00:30:00+00:00,68.393,68.512,68.225,68.244,14761
2026-08-26T01:00:00+00:00,68.244,68.615,68.046,68.395,26002
2026-08-26T01:30:00+00:00,68.395,69.304,68.277,69.168,19876
2026-08-26T02:00:00+00:00,69.168,69.329,69.068,69.187,12932
2026-08-26T02:30:00+00:00,69.187,69.608,69.138,69.28,16060
2026-08-26T03:00:00+00:00,69.28,69.287,68.949,69.192,13868
2026-08-26T03:30:00+00:00,69.192,69.334,69.047,69.059,6589
2026-08-26T04:00:00+00:00,69.059,69.124,68.944,68.992,4685
2026-08-26T04:30:00+00:00,68.992,69.007,68.816,68.836,5427
2026-08-26T05:00:00+00:00,68.836,69.081,68.826,69.016,7125
2026-08-26T05:30:00+00:00,69.016,69.33,68.865,69.073,16104
2026-08-26T06:00:00+00:00,69.073,69.073,68.482,68.531,15966
2026-08-26T06:30:00+00:00,68.531,68.717,68.463,68.608,12330
2026-08-26T07:00:00+00:00,68.608,68.806,68.603,68.631,9363
2026-08-26T07:30:00+00:00,68.631,68.798,68.485,68.537,7065
2026-08-26T08:00:00+00:00,68.537,68.575,68.342,68.474,8558
2026-08-26T08:30:00+00:00,68.474,68.534,68.339,68.482,6547
2026-08-26T09:00:00+00:00,68.482,68.61,68.298,68.318,8159
2026-08-26T09:30:00+00:00,68.318,68.584,68.3,68.514,6854
2026-08-26T10:00:00+00:00,68.514,68.515,68.305,68.322,6915
2026-08-26T10:30:00+00:00,68.322,68.474,68.305,68.313,5529
2026-08-26T11:00:00+00:00,68.313,68.442,68.219,68.33,8293
2026-08-26T11:30:00+00:00,68.33,68.5,68.28,68.5,8365
2026-08-26T12:00:00+00:00,68.5,68.763,68.488,68.747,9748
2026-08-26T12:30:00+00:00,68.747,68.85,68.172,68.176,22800
2026-08-26T13:00:00+00:00,68.176,68.354,67.751,68.049,29584
2026-08-26T13:30:00+00:00,68.049,68.334,68.04,68.309,26673
2026-08-26T14:00:00+00:00,68.309,68.41,68.051,68.094,24387
2026-08-26T14:30:00+00:00,68.094,68.282,67.743,67.743,20119
2026-08-26T15:00:00+00:00,67.743,67.816,67.361,67.762,26489
2026-08-26T15:30:00+00:00,67.762,67.984,67.724,67.768,20236
2026-08-26T16:00:00+00:00,67.768,67.946,67.671,67.805,15621
2026-08-26T16:30:00+00:00,67.805,67.926,67.694,67.848,18820
2026-08-26T17:00:00+00:00,67.848,67.985,67.817,67.966,17330
2026-08-26T17:30:00+00:00,67.966,67.993,67.762,67.839,14546
2026-08-26T18:00:00+00:00,67.839,68.062,67.816,67.966,13951
2026-08-26T18:30:00+00:00,67.966,68.113,67.923,68.05199999999999,14149
2026-08-26T19:00:00+00:00,68.05199999999999,68.17799999999998,67.963,68.15199999999999,12862
2026-08-26T19:30:00+00:00,68.15199999999999,68.18699999999998,67.99599999999998,68.03799999999998,11075
2026-08-26T20:00:00+00:00,68.03799999999998,68.07,67.76799999999999,67.95299999999999,9495
2026-08-26T20:30:00+00:00,67.95299999999999,68.01899999999999,67.86599999999999,67.98799999999999,5605
2026-08-26T22:00:00+00:00,67.952,68.637,67.952,68.573,4246
2026-08-26T22:30:00+00:00,68.573,68.672,68.532,68.595,2780
2026-08-26T23:00:00+00:00,68.595,68.871,68.573,68.792,3296
2026-08-26T23:30:00+00:00,68.792,68.883,68.738,68.793,3786
2026-08-27T00:00:00+00:00,68.793,68.868,68.518,68.677,9091
2026-08-27T00:30:00+00:00,68.677,68.677,68.321,68.357,7519
2026-08-27T01:00:00+00:00,68.357,69.087,68.291,68.885,22352
2026-08-27T01:30:00+00:00,68.885,69.457,68.837,69.391,16728
2026-08-27T02:00:00+00:00,69.391,69.446,69.235,69.236,8214
2026-08-27T02:30:00+00:00,69.236,69.259,68.869,69.035,10651
2026-08-27T03:00:00+00:00,69.035,69.332,69.001,69.159,7789
2026-08-27T03:30:00+00:00,69.159,69.168,68.859,68.896,4278
2026-08-27T04:00:00+00:00,68.896,68.956,68.80199999999999,68.81099999999999,4264
2026-08-27T04:30:00+00:00,68.81099999999999,68.881,68.704,68.816,5049
2026-08-27T05:00:00+00:00,68.816,68.952,68.743,68.762,4819
2026-08-27T05:30:00+00:00,68.762,68.884,68.207,68.526,17207
2026-08-27T06:00:00+00:00,68.526,68.697,68.322,68.601,10448
2026-08-27T06:30:00+00:00,68.601,68.631,68.425,68.442,8162
2026-08-27T07:00:00+00:00,68.442,68.498,68.17999999999999,68.324,9526
2026-08-27T07:30:00+00:00,68.324,68.397,68.075,68.273,7828
2026-08-27T08:00:00+00:00,68.273,68.403,68.258,68.313,7248
2026-08-27T08:30:00+00:00,68.313,68.375,68.185,68.358,6363
2026-08-27T09:00:00+00:00,68.358,68.396,68.147,68.259,8048
2026-08-27T09:30:00+00:00,68.259,68.301,67.979,68.001,8965
2026-08-27T10:00:00+00:00,68.001,68.102,67.8,68.071,8708
2026-08-27T10:30:00+00:00,68.071,68.319,67.977,68.297,6583
2026-08-27T11:00:00+00:00,68.297,68.306,68.117,68.226,7943
2026-08-27T11:30:00+00:00,68.226,68.349,68.081,68.122,8283
2026-08-27T12:00:00+00:00,68.122,68.277,67.98,68.221,8710
2026-08-27T12:30:00+00:00,68.221,68.246,67.711,67.842,8400
2026-08-27T13:00:00+00:00,67.842,68.215,67.519,68.114,21816
2026-08-27T13:30:00+00:00,68.114,68.225,67.452,67.784,33351
2026-08-27T14:00:00+00:00,67.784,68.284,67.741,68.16,25542
2026-08-27T14:30:00+00:00,68.16,68.665,68.16,68.57,24561
2026-08-27T15:00:00+00:00,68.57,68.707,68.416,68.514,21337
2026-08-27T15:30:00+00:00,68.514,69.32,68.499,69.282,18301
2026-08-27T16:00:00+00:00,69.282,69.41999999999999,68.99699999999999,69.09499999999998,11693
2026-08-27T16:30:00+00:00,69.09499999999998,69.45399999999998,69.03199999999998,69.43299999999998,13249
2026-08-27T17:00:00+00:00,69.43299999999998,69.57499999999997,69.22599999999998,69.30899999999998,14675
2026-08-27T17:30:00+00:00,69.30899999999998,69.43899999999998,69.11299999999999,69.13199999999998,20568
2026-08-27T18:00:00+00:00,69.13199999999998,69.13999999999999,68.93199999999999,68.93199999999999,19949
2026-08-27T18:30:00+00:00,68.93199999999999,69.10699999999999,68.85899999999998,69.07399999999998,10201
2026-08-27T19:00:00+00:00,69.07399999999998,69.41299999999998,69.06999999999998,69.10899999999998,11850
2026-08-27T19:30:00+00:00,69.10899999999998,69.38499999999998,69.07799999999997,69.31599999999999,10329
2026-08-27T20:00:00+00:00,69.31599999999999,69.31999999999998,69.08899999999998,69.12699999999998,3003
2026-08-27T20:30:00+00:00,69.12699999999998,69.24899999999998,69.04699999999998,69.07599999999998,2209
2026-08-27T22:00:00+00:00,69.071,69.273,69.033,69.268,3765
2026-08-27T22:30:00+00:00,69.268,69.288,69.231,69.264,2549
2026-08-27T23:00:00+00:00,69.264,69.273,69.072,69.122,3224
2026-08-27T23:30:00+00:00,69.122,69.175,68.981,68.986,3919
2026-08-28T00:00:00+00:00,68.986,69.25,68.954,69.065,10449
2026-08-28T00:30:00+00:00,69.065,69.077,68.795,68.877,9753
2026-08-28T01:00:00+00:00,68.877,69.515,68.697,68.766,23577
2026-08-28T01:30:00+00:00,68.766,68.849,68.284,68.423,22866
2026-08-28T02:00:00+00:00,68.423,68.77,68.411,68.732,10701
2026-08-28T02:30:00+00:00,68.732,68.924,68.646,68.845,12316
2026-08-28T03:00:00+00:00,68.845,68.959,68.73,68.832,12385
2026-08-28T03:30:00+00:00,68.832,68.88,68.626,68.662,5449
2026-08-28T04:00:00+00:00,68.662,68.821,68.597,68.765,4764
2026-08-28T04:30:00+00:00,68.765,68.818,68.63,68.79,4667
2026-08-28T05:00:00+00:00,68.79,68.813,68.589,68.691,6459
2026-08-28T05:30:00+00:00,68.691,68.738,68.487,68.592,17519
2026-08-28T06:00:00+00:00,68.592,69.145,68.544,69.052,15356
2026-08-28T06:30:00+00:00,69.052,70.301,68.91,70.277,20517
2026-08-28T07:00:00+00:00,70.277,70.433,69.963,70.373,17975
2026-08-28T07:30:00+00:00,70.373,70.794,70.368,70.527,8817
2026-08-28T08:00:00+00:00,70.527,70.619,70.387,70.423,8369
2026-08-28T08:30:00+00:00,70.423,70.488,70.047,70.189,8100
2026-08-28T09:00:00+00:00,70.189,70.31,70.164,70.232,8510
2026-08-28T09:30:00+00:00,70.232,70.419,70.213,70.339,7240
2026-08-28T10:00:00+00:00,70.339,70.483,70.272,70.347,7143
2026-08-28T10:30:00+00:00,70.347,70.422,70.094,70.241,8117
2026-08-28T11:00:00+00:00,70.241,70.287,70.018,70.08,10667
2026-08-28T11:30:00+00:00,70.08,70.217,69.955,70.019,9750
2026-08-28T12:00:00+00:00,70.019,70.546,69.996,70.428,12885
2026-08-28T12:30:00+00:00,70.428,70.594,70.178,70.529,14001
2026-08-28T13:00:00+00:00,70.529,70.717,70.229,70.628,26263
2026-08-28T13:30:00+00:00,70.628,70.947,70.203,70.506,31781
2026-08-28T14:00:00+00:00,70.506,71.011,68.022,68.644,91384
2026-08-28T14:30:00+00:00,68.644,69.875,68.64,69.739,57383
2026-08-28T15:00:00+00:00,69.739,69.877,68.978,69.111,47674
2026-08-28T15:30:00+00:00,69.111,69.149,67.775,67.903,51276
2026-08-28T16:00:00+00:00,67.903,68.018,66.382,66.645,61387
2026-08-28T16:30:00+00:00,66.645,66.996,66.234,66.802,46857
2026-08-28T17:00:00+00:00,66.802,67.068,66.609,66.833,34144
2026-08-28T17:30:00+00:00,66.833,66.946,66.462,66.668,24819
2026-08-28T18:00:00+00:00,66.668,66.717,66.133,66.176,29315
2026-08-28T18:30:00+00:00,66.176,66.296,65.953,66.151,22255
2026-08-28T19:00:00+00:00,66.151,66.383,66.068,66.346,22970
2026-08-28T19:30:00+00:00,66.346,66.452,66.119,66.294,17999
2026-08-28T20:00:00+00:00,66.294,66.33,66.103,66.209,5956
2026-08-28T20:30:00+00:00,66.209,66.221,66.117,66.221,1335
2026-08-30T22:00:00+00:00,66.221,66.314,65.386,66.234,8306
2026-08-30T22:30:00+00:00,66.234,66.571,66.091,66.385,4333
2026-08-30T23:00:00+00:00,66.385,66.51,66.253,66.286,4501
2026-08-30T23:30:00+00:00,66.286,66.325,65.817,66.276,9637
2026-08-31T00:00:00+00:00,66.276,66.49,66.135,66.321,16921
2026-08-31T00:30:00+00:00,66.321,66.697,66.262,66.27,11835
2026-08-31T01:00:00+00:00,66.27,66.634,65.894,65.999,39624
2026-08-31T01:30:00+00:00,65.999,66.383,65.879,66.096,27573
2026-08-31T02:00:00+00:00,66.096,66.124,65.652,65.695,22269
2026-08-31T02:30:00+00:00,65.695,65.963,65.503,65.955,21119
2026-08-31T03:00:00+00:00,65.955,66.2,65.936,66.011,14154
2026-08-31T03:30:00+00:00,66.011,66.106,65.894,65.992,6177
2026-08-31T04:00:00+00:00,65.992,66.107,65.945,66.005,5764
2026-08-31T04:30:00+00:00,66.005,66.247,65.965,66.219,5958
2026-08-31T05:00:00+00:00,66.219,66.648,66.168,66.623,7219
2026-08-31T05:30:00+00:00,66.623,66.797,66.317,66.563,18325
2026-08-31T06:00:00+00:00,66.563,66.57,66.241,66.459,13057
2026-08-31T06:30:00+00:00,66.459,66.738,66.332,66.512,11382
2026-08-31T07:00:00+00:00,66.512,66.862,66.482,66.752,7991
2026-08-31T07:30:00+00:00,66.752,66.944,66.695,66.82,7050
2026-08-31T08:00:00+00:00,66.82,67.12,66.77,66.91,9600
2026-08-31T08:30:00+00:00,66.91,66.917,66.716,66.822,6964
2026-08-31T09:00:00+00:00,66.822,66.97,66.797,66.854,6182
2026-08-31T09:30:00+00:00,66.854,66.933,66.793,66.868,4699
2026-08-31T10:00:00+00:00,66.868,66.939,66.795,66.85,7153
2026-08-31T10:30:00+00:00,66.85,67.116,66.847,67.06,6314
2026-08-31T11:00:00+00:00,67.06,67.282,67.033,67.269,5877
2026-08-31T11:30:00+00:00,67.269,67.293,67.044,67.117,7302
2026-08-31T12:00:00+00:00,67.117,67.327,66.849,66.866,14192
2026-08-31T12:30:00+00:00,66.866,67.044,66.486,66.493,13428
2026-08-31T13:00:00+00:00,66.493,66.771,66.369,66.707,21520
2026-08-31T13:30:00+00:00,66.707,66.735,66.09,66.266,42409
2026-08-31T14:00:00+00:00,66.266,66.395,65.899,65.993,27163
2026-08-31T14:30:00+00:00,65.993,66.414,65.951,66.132,27340
2026-08-31T15:00:00+00:00,66.132,66.285,65.979,66.147,21805
2026-08-31T15:30:00+00:00,66.147,66.329,65.888,65.966,21619
2026-08-31T16:00:00+00:00,65.966,66.321,65.904,66.311,20949
2026-08-31T16:30:00+00:00,66.311,66.348,66.099,66.135,11459
2026-08-31T17:00:00+00:00,66.135,66.201,66.034,66.072,13356
2026-08-31T17:30:00+00:00,66.072,66.335,66.044,66.206,13604
2026-08-31T18:00:00+00:00,66.206,66.221,65.995,66.026,8850
2026-08-31T18:30:00+00:00,66.026,66.194,65.903,65.963,8512
2026-08-31T19:00:00+00:00,65.963,66.462,65.904,66.297,6601
2026-08-31T19:30:00+00:00,66.297,66.488,66.239,66.429,12669
2026-08-31T20:00:00+00:00,66.429,66.551,66.324,66.331,4400
2026-08-31T20:30:00+00:00,66.331,66.408,66.318,66.364,1706
2026-08-31T22:00:00+00:00,66.364,66.592,66.297,66.408,2280
2026-08-31T22:30:00+00:00,66.408,66.432,66.327,66.347,917
2026-08-31T23:00:00+00:00,66.347,66.37,66.265,66.291,1110
2026-08-31T23:30:00+00:00,66.291,66.459,66.289,66.444,1974
2026-09-01T00:00:00+00:00,66.444,66.775,66.379,66.759,6732
2026-09-01T00:30:00+00:00,66.759,66.772,66.535,66.661,5170
2026-09-01T01:00:00+00:00,66.661,66.744,66.278,66.366,14828
2026-09-01T01:30:00+00:00,66.366,66.635,66.277,66.564,11446
2026-09-01T02:00:00+00:00,66.564,66.708,66.488,66.493,8091
2026-09-01T02:30:00+00:00,66.493,66.62,65.926,66.567,12974
2026-09-01T03:00:00+00:00,66.567,66.615,66.317,66.408,9112
2026-09-01T03:30:00+00:00,66.408,66.743,66.364,66.579,5102
2026-09-01T04:00:00+00:00,66.579,66.608,66.294,66.301,4956
2026-09-01T04:30:00+00:00,66.301,66.346,66.197,66.219,6057
2026-09-01T05:00:00+00:00,66.219,66.382,66.1,66.134,6131
2026-09-01T05:30:00+00:00,66.134,66.923,66.038,66.55,13902
2026-09-01T06:00:00+00:00,66.55,66.634,66.3,66.344,9617
2026-09-01T06:30:00+00:00,66.344,66.488,66.251,66.296,7012
2026-09-01T07:00:00+00:00,66.296,66.5,66.276,66.305,10324
2026-09-01T07:30:00+00:00,66.305,66.406,65.792,66.26,13414
2026-09-01T08:00:00+00:00,66.26,66.313,65.012,65.059,29204
2026-09-01T08:30:00+00:00,65.059,65.099,64.552,64.557,25211
2026-09-01T09:00:00+00:00,64.557,64.743,64.409,64.561,19609
2026-09-01T09:30:00+00:00,64.561,64.665,64.303,64.351,13264
2026-09-01T10:00:00+00:00,64.351,65.081,64.331,64.971,10258
2026-09-01T10:30:00+00:00,64.971,64.98,64.603,64.638,9594
2026-09-01T11:00:00+00:00,64.637,64.747,64.51,64.654,13340
2026-09-01T11:30:00+00:00,64.654,64.906,64.527,64.607,11346
2026-09-01T12:00:00+00:00,64.607,64.889,64.428,64.769,17095
2026-09-01T12:30:00+00:00,64.769,64.977,64.42,64.561,21375
2026-09-01T13:00:00+00:00,64.561,64.837,64.107,64.49,37651
2026-09-01T13:30:00+00:00,64.49,64.829,64.331,64.676,47201
2026-09-01T14:00:00+00:00,64.676,65.012,64.397,64.778,33386
2026-09-01T14:30:00+00:00,64.778,64.952,64.545,64.64,20825
2026-09-01T15:00:00+00:00,64.64,64.824,64.516,64.823,22376
2026-09-01T15:30:00+00:00,64.823,65.146,64.764,65.086,14610
2026-09-01T16:00:00+00:00,65.086,65.217,64.717,64.754,20881
2026-09-01T16:30:00+00:00,64.754,64.86,64.606,64.673,20907
2026-09-01T17:00:00+00:00,64.673,64.784,64.523,64.707,19364
2026-09-01T17:30:00+00:00,64.707,64.728,64.419,64.457,16536
2026-09-01T18:00:00+00:00,64.457,64.509,64.132,64.307,18354
2026-09-01T18:30:00+00:00,64.307,64.307,63.99,64.043,13341
2026-09-01T19:00:00+00:00,64.043,64.202,63.942,64.109,12431
2026-09-01T19:30:00+00:00,64.109,64.118,63.867,63.946,15121
2026-09-01T20:00:00+00:00,63.946,64.113,63.86,63.903,4844
2026-09-01T20:30:00+00:00,63.903,64.156,63.865,63.916,3327
2026-09-01T22:00:00+00:00,63.916,64.039,63.861,63.893,1436
2026-09-01T22:30:00+00:00,63.893,64.11,63.805,63.931,1901
2026-09-01T23:00:00+00:00,63.931,64.056,63.867,63.991,2777
2026-09-01T23:30:00+00:00,63.991,64.231,63.908,63.977,3931
2026-09-02T00:00:00+00:00,63.977,64.328,63.881,63.996,14121
2026-09-02T00:30:00+00:00,63.996,64.107,63.707,63.737,10394
2026-09-02T01:00:00+00:00,63.737,64.089,63.62,63.806,27329
2026-09-02T01:30:00+00:00,63.806,63.841,63.192,63.23,18182
2026-09-02T02:00:00+00:00,63.23,63.887,63.154,63.677,12652
2026-09-02T02:30:00+00:00,63.677,63.925,63.48,63.577,11480
2026-09-02T03:00:00+00:00,63.577,63.682,63.468,63.556,10462
2026-09-02T03:30:00+00:00,63.556,63.586,63.282,63.537,7165
2026-09-02T04:00:00+00:00,63.537,63.588,63.489,63.501,4881
2026-09-02T04:30:00+00:00,63.501,63.623,63.492,63.616,4113
2026-09-02T05:00:00+00:00,63.616,63.814,63.492,63.803,6215
2026-09-02T05:30:00+00:00,63.803,64.039,63.733,63.843,12869
2026-09-02T06:00:00+00:00,63.843,64.027,63.759,63.801,12034
2026-09-02T06:30:00+00:00,63.801,63.946,63.691,63.838,10318
2026-09-02T07:00:00+00:00,63.838,64.159,63.783,63.881,12012
2026-09-02T07:30:00+00:00,63.881,63.944,63.781,63.853,8167
2026-09-02T08:00:00+00:00,63.853,64.061,63.813,63.884,10410
2026-09-02T08:30:00+00:00,63.884,63.977,63.595,63.624,11589
2026-09-02T09:00:00+00:00,63.624,63.856,63.518,63.581,10391
2026-09-02T09:30:00+00:00,63.581,63.589,63.469,63.543,7138
2026-09-02T10:00:00+00:00,63.543,63.68,63.432,63.611,7237
2026-09-02T10:30:00+00:00,63.611,63.639,63.44,63.534,6410
2026-09-02T11:00:00+00:00,63.534,64.045,63.497,63.881,13743
2026-09-02T11:30:00+00:00,63.881,64.335,63.88,64.165,11853
2026-09-02T12:00:00+00:00,64.165,64.443,64.115,64.301,21655
2026-09-02T12:30:00+00:00,64.301,64.357,64.044,64.082,13145
2026-09-02T13:00:00+00:00,64.082,64.88,64.043,64.847,22875
2026-09-02T13:30:00+00:00,64.847,65.458,64.832,65.336,33308
2026-09-02T14:00:00+00:00,65.336,65.476,65.063,65.101,31249
2026-09-02T14:30:00+00:00,65.101,65.148,64.871,64.928,21646
2026-09-02T15:00:00+00:00,64.928,65.051,64.73,64.914,17399
2026-09-02T15:30:00+00:00,64.914,64.972,64.757,64.924,11092
2026-09-02T16:00:00+00:00,64.924,64.966,64.819,64.857,13602
2026-09-02T16:30:00+00:00,64.857,64.897,64.701,64.804,8429
2026-09-02T17:00:00+00:00,64.804,64.927,64.66,64.787,8746
2026-09-02T17:30:00+00:00,64.787,64.987,64.732,64.889,9546
2026-09-02T18:00:00+00:00,64.889,65.059,64.775,64.857,10041
2026-09-02T18:30:00+00:00,64.857,65.015,64.857,64.937,7108
2026-09-02T19:00:00+00:00,64.937,65.065,64.869,65.01,7334
2026-09-02T19:30:00+00:00,65.01,65.208,65.009,65.201,8590
2026-09-02T20:00:00+00:00,65.201,65.318,65.089,65.149,4260
2026-09-02T20:30:00+00:00,65.149,65.322,65.134,65.143,2132
2026-09-02T22:00:00+00:00,65.143,65.295,65.143,65.276,1003
2026-09-02T22:30:00+00:00,65.276,65.289,65.133,65.162,1177
2026-09-02T23:00:00+00:00,65.162,65.306,65.092,65.127,1160
2026-09-02T23:30:00+00:00,65.127,65.268,65.118,65.197,2030
2026-09-03T00:00:00+00:00,65.197,65.24,65.052,65.189,5872
2026-09-03T00:30:00+00:00,65.189,65.29,65.058,65.202,5565
2026-09-03T01:00:00+00:00,65.202,65.661,65.131,65.551,16266
2026-09-03T01:30:00+00:00,65.551,65.677,65.415,65.57,12276
2026-09-03T02:00:00+00:00,65.57,65.675,65.511,65.621,9843
2026-09-03T02:30:00+00:00,65.621,65.749,65.47,65.599,9208
2026-09-03T03:00:00+00:00,65.599,65.928,65.534,65.748,9140
2026-09-03T03:30:00+00:00,65.748,66.004,65.726,65.953,4884
2026-09-03T04:00:00+00:00,65.953,66.018,65.796,65.991,5520
2026-09-03T04:30:00+00:00,65.991,66.2,65.95,66.027,4174
2026-09-03T05:00:00+00:00,66.027,66.097,65.521,65.55,9259
2026-09-03T05:30:00+00:00,65.55,65.75,65.472,65.67,12960
2026-09-03T06:00:00+00:00,65.67,65.98,65.59,65.642,15050
2026-09-03T06:30:00+00:00,65.642,65.718,65.479,65.504,10170
2026-09-03T07:00:00+00:00,65.504,65.881,65.469,65.69,12361
2026-09-03T07:30:00+00:00,65.69,65.887,65.645,65.768,10668
2026-09-03T08:00:00+00:00,65.768,66.086,65.696,65.896,19211
2026-09-03T08:30:00+00:00,65.896,65.993,65.734,65.756,10434
2026-09-03T09:00:00+00:00,65.756,65.879,65.637,65.659,9314
2026-09-03T09:30:00+00:00,65.659,65.688,65.498,65.541,8199
2026-09-03T10:00:00+00:00,65.541,65.57,65.265,65.35,7458
2026-09-03T10:30:00+00:00,65.35,65.528,65.269,65.424,6772
2026-09-03T11:00:00+00:00,65.424,65.891,65.405,65.677,13842
2026-09-03T11:30:00+00:00,65.677,65.742,65.469,65.672,9560
2026-09-03T12:00:00+00:00,65.672,65.747,65.451,65.721,14576
2026-09-03T12:30:00+00:00,65.721,66.695,65.719,66.522,35152
2026-09-03T13:00:00+00:00,66.522,66.614,66.203,66.308,31113
2026-09-03T13:30:00+00:00,66.308,66.355,65.838,66.265,33996
2026-09-03T14:00:00+00:00,66.265,66.489,65.994,66.359,31749
2026-09-03T14:30:00+00:00,66.359,66.601,66.136,66.595,25534
2026-09-03T15:00:00+00:00,66.595,67.35,66.59,67.273,29260
2026-09-03T15:30:00+00:00,67.273,67.317,66.744,66.934,19048
2026-09-03T16:00:00+00:00,66.934,67.059,66.798,66.975,15817
2026-09-03T16:30:00+00:00,66.975,67.079,66.84,66.854,11178
2026-09-03T17:00:00+00:00,66.854,67.02,66.832,67.007,10666
2026-09-03T17:30:00+00:00,67.007,67.09,66.938,66.959,8446
2026-09-03T18:00:00+00:00,66.959,67.025,66.794,66.875,8882
2026-09-03T18:30:00+00:00,66.875,66.877,66.695,66.718,6115
2026-09-03T19:00:00+00:00,66.718,66.908,66.684,66.783,6761
2026-09-03T19:30:00+00:00,66.783,66.921,66.776,66.878,7336
2026-09-03T20:00:00+00:00,66.878,66.888,66.738,66.781,2455
2026-09-03T20:30:00+00:00,66.781,66.845,66.769,66.784,1833
2026-09-03T22:00:00+00:00,66.784,66.921,66.781,66.802,1886
2026-09-03T22:30:00+00:00,66.802,66.873,66.774,66.81,2125
2026-09-03T23:00:00+00:00,66.81,66.859,66.733,66.788,1775
2026-09-03T23:30:00+00:00,66.788,66.84,66.758,66.813,2293
2026-09-04T00:00:00+00:00,66.813,66.86,66.691,66.696,5219
2026-09-04T00:30:00+00:00,66.696,67,66.656,66.957,4348
2026-09-04T01:00:00+00:00,66.957,67.04,66.422,66.499,15683
2026-09-04T01:30:00+00:00,66.499,66.754,66.44,66.719,9423
2026-09-04T02:00:00+00:00,66.719,66.805,66.545,66.573,6698
2026-09-04T02:30:00+00:00,66.573,66.77,66.456,66.677,8888
2026-09-04T03:00:00+00:00,66.677,66.68,66.469,66.57,5257
2026-09-04T03:30:00+00:00,66.57,66.659,66.445,66.445,4402
2026-09-04T04:00:00+00:00,66.445,66.533,66.404,66.519,3907
2026-09-04T04:30:00+00:00,66.519,66.626,66.515,66.611,3307
2026-09-04T05:00:00+00:00,66.611,66.638,66.372,66.377,5190
2026-09-04T05:30:00+00:00,66.377,66.734,66.365,66.507,9568
2026-09-04T06:00:00+00:00,66.507,66.568,66.385,66.439,8671
2026-09-04T06:30:00+00:00,66.439,66.462,66.133,66.406,10834
2026-09-04T07:00:00+00:00,66.406,66.685,66.37,66.677,7490
2026-09-04T07:30:00+00:00,66.677,66.892,66.674,66.835,6825
2026-09-04T08:00:00+00:00,66.835,67.028,66.83,66.97,8881
2026-09-04T08:30:00+00:00,66.97,67.028,66.826,66.902,6807
2026-09-04T09:00:00+00:00,66.902,66.924,66.471,66.536,7021
2026-09-04T09:30:00+00:00,66.536,66.635,66.514,66.541,5961
2026-09-04T10:00:00+00:00,66.541,66.772,66.524,66.688,5652
2026-09-04T10:30:00+00:00,66.688,66.769,66.605,66.675,4439
2026-09-04T11:00:00+00:00,66.675,66.736,66.617,66.64,4667
2026-09-04T11:30:00+00:00,66.64,66.867,66.583,66.77,5640
2026-09-04T12:00:00+00:00,66.77,67.015,66.617,66.925,12555
2026-09-04T12:30:00+00:00,66.925,66.953,64.927,65.34,64535
2026-09-04T13:00:00+00:00,65.34,65.392,64.578,65.334,33530
2026-09-04T13:30:00+00:00,65.334,65.894,65.294,65.426,44056
2026-09-04T14:00:00+00:00,65.426,66.083,65.368,65.918,32905
2026-09-04T14:30:00+00:00,65.918,66.106,65.451,65.708,30596
2026-09-04T15:00:00+00:00,65.708,66.129,65.646,65.929,22642
2026-09-04T15:30:00+00:00,65.929,66.328,65.918,65.99,17849
2026-09-04T16:00:00+00:00,65.99,66.151,65.871,65.909,14462
2026-09-04T16:30:00+00:00,65.909,66.185,65.889,65.946,11445
2026-09-04T17:00:00+00:00,65.946,66.104,65.812,65.904,14893
2026-09-04T17:30:00+00:00,65.904,65.924,65.625,65.707,18565
2026-09-04T18:00:00+00:00,65.707,65.893,65.594,65.845,13573
2026-09-04T18:30:00+00:00,65.845,66.027,65.763,65.842,9946
2026-09-04T19:00:00+00:00,65.842,66.102,65.822,66.079,8379
2026-09-04T19:30:00+00:00,66.079,66.145,66.021,66.06,7282
2026-09-04T20:00:00+00:00,66.06,66.078,65.972,65.986,2375
2026-09-04T20:30:00+00:00,65.986,66.012,65.968,65.991,731
2026-09-06T22:00:00+00:00,65.991,66.021,65.703,65.925,1437
2026-09-06T22:30:00+00:00,65.925,66.094,65.914,66.073,941
2026-09-06T23:00:00+00:00,66.073,66.119,65.999,66.026,1183
2026-09-06T23:30:00+00:00,66.026,66.165,65.959,65.987,2623
2026-09-07T00:00:00+00:00,65.987,66.108,65.957,66.013,5954
2026-09-07T00:30:00+00:00,66.013,66.293,65.949,65.949,6086
2026-09-07T01:00:00+00:00,65.949,65.955,65.39,65.769,24560
2026-09-07T01:30:00+00:00,65.769,66.106,65.76,65.911,10947
2026-09-07T02:00:00+00:00,65.911,66.05,65.773,65.892,6096
2026-09-07T02:30:00+00:00,65.892,66.18,65.763,65.839,10115
2026-09-07T03:00:00+00:00,65.839,65.888,65.733,65.768,6695
2026-09-07T03:30:00+00:00,65.768,65.773,65.582,65.635,2887
2026-09-07T04:00:00+00:00,65.635,65.729,65.527,65.564,3177
2026-09-07T04:30:00+00:00,65.564,65.601,65.448,65.579,2809
2026-09-07T05:00:00+00:00,65.579,65.978,65.562,65.966,3458
2026-09-07T05:30:00+00:00,65.966,66.111,65.397,65.489,10515
2026-09-07T06:00:00+00:00,65.489,65.629,65.31,65.532,11409
2026-09-07T06:30:00+00:00,65.532,65.684,65.387,65.452,8064
2026-09-07T07:00:00+00:00,65.452,65.634,65.358,65.488,10928
2026-09-07T07:30:00+00:00,65.488,65.766,65.327,65.716,10256
2026-09-07T08:00:00+00:00,65.716,66.059,65.573,65.834,11120
2026-09-07T08:30:00+00:00,65.834,65.931,65.687,65.729,7280
2026-09-07T09:00:00+00:00,65.729,65.772,65.623,65.629,4418
2026-09-07T09:30:00+00:00,65.629,65.713,65.581,65.605,4385
2026-09-07T10:00:00+00:00,65.605,65.61,65.402,65.408,4249
2026-09-07T10:30:00+00:00,65.408,65.562,65.349,65.404,8406
2026-09-07T11:00:00+00:00,65.404,65.486,65.249,65.329,6950
2026-09-07T11:30:00+00:00,65.329,65.455,65.238,65.326,5973
2026-09-07T12:00:00+00:00,65.326,65.502,65.32,65.483,5443
2026-09-07T12:30:00+00:00,65.483,65.581,65.425,65.576,4862
2026-09-07T13:00:00+00:00,65.576,65.76,65.527,65.723,10874
2026-09-07T13:30:00+00:00,65.723,65.869,65.615,65.774,8464
2026-09-07T14:00:00+00:00,65.774,65.979,65.749,65.795,7830
2026-09-07T14:30:00+00:00,65.795,66.579,65.759,66.4,12023
2026-09-07T15:00:00+00:00,66.408,66.426,66.088,66.151,9344
2026-09-07T15:30:00+00:00,66.151,66.187,66.058,66.179,4232
2026-09-07T16:00:00+00:00,66.179,66.225,66.049,66.143,3682
2026-09-07T16:30:00+00:00,66.143,66.209,66.078,66.209,3068
2026-09-07T17:00:00+00:00,66.209,66.219,66.071,66.08,1579
2026-09-07T17:30:00+00:00,66.08,66.101,65.977,66.002,1531
2026-09-07T18:00:00+00:00,66.002,66.049,65.958,66.011,1838
2026-09-07T18:30:00+00:00,66.011,66.015,65.966,66.007,519
2026-09-07T19:00:00+00:00,66.007,66.155,65.995,66.135,145
2026-09-07T19:30:00+00:00,66.135,66.156,65.995,66.016,37
2026-09-07T20:00:00+00:00,66.016,66.157,65.992,65.996,27
2026-09-07T20:30:00+00:00,65.996,66.136,65.916,65.916,71
2026-09-07T22:00:00+00:00,65.916,66.214,65.916,66.109,1838
2026-09-07T22:30:00+00:00,66.109,66.118,66.062,66.081,1555
2026-09-07T23:00:00+00:00,66.081,66.152,66.051,66.105,2368
2026-09-07T23:30:00+00:00,66.105,66.533,66.102,66.402,6674
2026-09-08T00:00:00+00:00,66.402,66.546,66.158,66.244,15432
2026-09-08T00:30:00+00:00,66.244,66.603,66.152,66.54,12562
2026-09-08T01:00:00+00:00,66.54,66.864,66.266,66.809,24231
2026-09-08T01:30:00+00:00,66.809,66.92,66.649,66.775,14547
2026-09-08T02:00:00+00:00,66.775,66.825,66.467,66.492,8601
2026-09-08T02:30:00+00:00,66.492,66.606,66.411,66.51,11672
2026-09-08T03:00:00+00:00,66.51,67.125,66.47,66.741,9436
2026-09-08T03:30:00+00:00,66.741,66.893,66.701,66.842,5148
2026-09-08T04:00:00+00:00,66.842,66.968,66.768,66.787,5102
2026-09-08T04:30:00+00:00,66.787,66.942,66.781,66.879,3509
2026-09-08T05:00:00+00:00,66.879,66.917,66.37,66.372,6940
2026-09-08T05:30:00+00:00,66.372,66.647,66.292,66.372,14643
2026-09-08T06:00:00+00:00,66.372,66.411,65.816,65.845,18742
2026-09-08T06:30:00+00:00,65.845,66.125,65.794,66.011,12154
2026-09-08T07:00:00+00:00,66.011,66.299,65.982,66.122,11067
2026-09-08T07:30:00+00:00,66.122,66.192,65.675,65.764,12632
2026-09-08T08:00:00+00:00,65.764,65.784,65.53,65.628,13691
2026-09-08T08:30:00+00:00,65.628,65.813,65.585,65.7,13683
2026-09-08T09:00:00+00:00,65.7,65.853,65.624,65.722,9472
2026-09-08T09:30:00+00:00,65.722,66.004,65.701,65.961,10034
2026-09-08T10:00:00+00:00,65.961,66.224,65.753,65.901,11916
2026-09-08T10:30:00+00:00,65.901,66.043,65.725,65.725,7223
2026-09-08T11:00:00+00:00,65.725,66.001,65.697,65.965,9752
2026-09-08T11:30:00+00:00,65.965,66.139,65.888,66.105,8893
2026-09-08T12:00:00+00:00,66.105,66.105,65.592,65.948,18393
2026-09-08T12:30:00+00:00,65.948,66.299,65.884,66.294,15232
2026-09-08T13:00:00+00:00,66.294,66.501,66.059,66.096,22345
2026-09-08T13:30:00+00:00,66.096,66.247,65.703,66.048,35840
2026-09-08T14:00:00+00:00,66.048,66.11,65.68,65.82,25201
2026-09-08T14:30:00+00:00,65.82,66.031,65.745,66.02,23043
2026-09-08T15:00:00+00:00,66.02,66.376,66,66.164,20817
2026-09-08T15:30:00+00:00,66.164,66.273,66.043,66.043,11725
2026-09-08T16:00:00+00:00,66.043,66.156,65.701,66.131,15034
2026-09-08T16:30:00+00:00,66.131,66.269,66.068,66.17,14344
2026-09-08T17:00:00+00:00,66.17,66.435,66.16,66.277,11967
2026-09-08T17:30:00+00:00,66.277,66.287,66.068,66.172,10954
2026-09-08T18:00:00+00:00,66.172,66.245,66.144,66.199,9988
2026-09-08T18:30:00+00:00,66.199,66.205,65.381,65.912,25916
2026-09-08T19:00:00+00:00,65.912,65.988,65.715,65.791,14308
2026-09-08T19:30:00+00:00,65.791,65.796,65.528,65.577,16319
2026-09-08T20:00:00+00:00,65.577,65.687,65.492,65.511,5597
2026-09-08T20:30:00+00:00,65.511,65.69,65.398,65.57,3057
2026-09-08T22:00:00+00:00,65.57,65.616,65.423,65.431,2822
2026-09-08T22:30:00+00:00,65.431,65.481,65.354,65.442,1553
2026-09-08T23:00:00+00:00,65.442,65.545,65.393,65.533,1490
2026-09-08T23:30:00+00:00,65.533,65.6,65.397,65.426,3051
2026-09-09T00:00:00+00:00,65.426,65.7,65.423,65.59,9919
2026-09-09T00:30:00+00:00,65.59,65.983,65.534,65.968,8375
2026-09-09T01:00:00+00:00,65.968,65.992,65.517,65.942,19903
2026-09-09T01:30:00+00:00,65.942,66.113,65.835,65.916,10414
2026-09-09T02:00:00+00:00,65.916,65.925,65.855,65.906,877
